OFFSETS ,"['2.05', '50.29', '31.30']"
GREENS ,"['33.80', '9.41', '13.27', '55.25']"
LAST_GREENS ,"['26.70', '44.32', '13.75']"
RESULTS:,193.60,107.57,108.33

OFFSETS ,"['72.62', '23.51', '51.92']"
GREENS ,"['53.02', '59.94', '5.70', '2.69']"
LAST_GREENS ,"['7.48', '1.36', '66.31']"
RESULTS:,58.88,92.71,56.67

OFFSETS ,"['45.47', '42.66', '23.80']"
GREENS ,"['59.81', '38.84', '25.47', '38.02']"
LAST_GREENS ,"['0.69', '2.69', '30.98']"
RESULTS:,53.45,65.07,51.00

OFFSETS ,"['55.90', '50.19', '19.87']"
GREENS ,"['4.01', '24.80', '42.19', '14.50']"
LAST_GREENS ,"['56.49', '0.01', '54.50']"
RESULTS:,227.62,134.49,98.00

OFFSETS ,"['55.90', '65.02', '7.45']"
GREENS ,"['4.01', '24.88', '42.19', '14.50']"
LAST_GREENS ,['-1.00']
RESULTS:,10000000.00,10000000.00,10000000.00

OFFSETS ,"['45.11', '18.03', '4.95']"
GREENS ,"['44.47', '51.56', '24.60', '64.54']"
LAST_GREENS ,['-1.00']
RESULTS:,10000000.00,10000000.00,10000000.00

OFFSETS ,"['41.65', '59.14', '9.31']"
GREENS ,"['27.46', '38.91', '65.27', '19.77']"
LAST_GREENS ,['-1.00']
RESULTS:,10000000.00,10000000.00,10000000.00

OFFSETS ,"['37.03', '46.50', '62.34']"
GREENS ,"['9.49', '1.24', '4.69', '36.18']"
LAST_GREENS ,"['51.01', '61.06', '32.82']"
RESULTS:,314.97,147.30,130.00

OFFSETS ,"['28.88', '16.50', '0.01']"
GREENS ,"['18.29', '9.83', '6.19', '13.16']"
LAST_GREENS ,"['42.21', '50.98', '55.84']"
RESULTS:,291.44,115.99,109.33

OFFSETS ,"['31.06', '3.75', '40.19']"
GREENS ,"['40.51', '34.50', '63.29', '40.47']"
LAST_GREENS ,['-1.00']
RESULTS:,10000000.00,10000000.00,10000000.00

OFFSETS ,"['12.74', '51.04', '19.79']"
GREENS ,"['25.48', '64.07', '35.72', '47.74']"
LAST_GREENS ,['-1.00']
RESULTS:,10000000.00,10000000.00,10000000.00

OFFSETS ,"['69.73', '43.64', '23.80']"
GREENS ,"['59.81', '39.02', '61.69', '37.78']"
LAST_GREENS ,['-1.00']
RESULTS:,10000000.00,10000000.00,10000000.00

OFFSETS ,"['22.72', '63.21', '7.74']"
GREENS ,"['16.83', '60.88', '19.19', '38.79']"
LAST_GREENS ,['-1.00']
RESULTS:,10000000.00,10000000.00,10000000.00

OFFSETS ,"['56.46', '4.99', '19.36']"
GREENS ,"['48.69', '12.96', '42.84', '33.58']"
LAST_GREENS ,"['11.81', '11.20', '35.42']"
RESULTS:,158.44,105.38,107.00

OFFSETS ,"['71.71', '57.27', '4.95']"
GREENS ,"['44.47', '51.74', '60.82', '63.98']"
LAST_GREENS ,['-1.00']
RESULTS:,10000000.00,10000000.00,10000000.00

OFFSETS ,"['1.40', '60.05', '17.47']"
GREENS ,"['48.48', '25.99', '57.86', '51.55']"
LAST_GREENS ,['-1.00']
RESULTS:,10000000.00,10000000.00,10000000.00

OFFSETS ,"['43.06', '6.82', '44.20']"
GREENS ,"['42.34', '25.15', '43.91', '47.91']"
LAST_GREENS ,['-1.00']
RESULTS:,10000000.00,10000000.00,10000000.00

OFFSETS ,"['25.92', '29.81', '41.08']"
GREENS ,"['53.41', '45.75', '13.70', '60.59']"
LAST_GREENS ,"['7.09', '7.55', '8.41']"
RESULTS:,35.99,45.48,49.50

OFFSETS ,"['28.85', '16.22', '2.86']"
GREENS ,"['53.67', '46.40', '13.70', '12.01']"
LAST_GREENS ,"['6.83', '6.90', '56.99']"
RESULTS:,129.83,73.97,48.00

OFFSETS ,"['25.92', '29.76', '40.41']"
GREENS ,"['9.08', '46.98', '3.48', '60.29']"
LAST_GREENS ,"['51.42', '16.54', '8.71']"
RESULTS:,27.42,26.97,26.00

OFFSETS ,"['45.69', '4.92', '19.52']"
GREENS ,"['48.51', '12.96', '42.84', '35.97']"
LAST_GREENS ,"['11.99', '11.20', '33.03']"
RESULTS:,159.69,104.85,103.00

OFFSETS ,"['42.71', '2.61', '3.97']"
GREENS ,"['13.10', '56.73', '5.69', '2.68']"
LAST_GREENS ,"['47.40', '4.58', '66.32']"
RESULTS:,72.54,90.03,56.33

OFFSETS ,"['2.05', '29.86', '31.30']"
GREENS ,"['34.37', '9.41', '13.27', '60.46']"
LAST_GREENS ,"['26.13', '44.32', '8.54']"
RESULTS:,190.46,105.89,115.00

OFFSETS ,"['72.62', '23.51', '52.03']"
GREENS ,"['12.37', '16.09', '3.33', '40.54']"
LAST_GREENS ,"['48.13', '47.58', '28.46']"
RESULTS:,214.78,96.74,94.00

OFFSETS ,"['25.99', '54.02', '0.09']"
GREENS ,"['18.03', '9.83', '6.19', '10.64']"
LAST_GREENS ,"['42.47', '50.98', '58.36']"
RESULTS:,347.40,122.68,112.67

OFFSETS ,"['25.52', '42.66', '24.49']"
GREENS ,"['59.92', '45.68', '14.68', '37.95']"
LAST_GREENS ,"['0.58', '6.64', '31.05']"
RESULTS:,53.30,52.98,49.00

OFFSETS ,"['72.60', '29.76', '51.28']"
GREENS ,"['52.79', '46.02', '5.70', '2.69']"
LAST_GREENS ,"['7.71', '15.28', '66.31']"
RESULTS:,89.35,70.15,53.00

OFFSETS ,"['26.16', '1.27', '24.74']"
GREENS ,"['41.15', '38.86', '13.70', '60.59']"
LAST_GREENS ,"['19.35', '14.44', '8.41']"
RESULTS:,39.12,33.63,39.67

OFFSETS ,"['72.62', '23.26', '51.92']"
GREENS ,"['52.84', '59.94', '5.70', '3.01']"
LAST_GREENS ,"['7.66', '1.36', '65.99']"
RESULTS:,63.72,91.72,53.67

OFFSETS ,"['1.30', '23.25', '61.73']"
GREENS ,"['48.14', '25.01', '7.06', '15.46']"
LAST_GREENS ,"['12.36', '34.93', '53.54']"
RESULTS:,208.85,85.98,78.33

OFFSETS ,"['26.17', '29.76', '40.41']"
GREENS ,"['40.60', '45.91', '13.70', '60.59']"
LAST_GREENS ,"['19.90', '7.39', '8.41']"
RESULTS:,33.65,45.18,49.50

OFFSETS ,"['25.92', '50.43', '40.41']"
GREENS ,"['24.98', '45.91', '13.70', '55.15']"
LAST_GREENS ,"['35.52', '7.39', '13.85']"
RESULTS:,35.97,43.22,48.00

OFFSETS ,"['26.17', '6.89', '41.02']"
GREENS ,"['24.88', '45.91', '13.70', '60.59']"
LAST_GREENS ,"['35.62', '7.39', '8.41']"
RESULTS:,33.22,45.76,49.50

OFFSETS ,"['45.44', '42.66', '23.80']"
GREENS ,"['59.81', '38.84', '25.47', '36.10']"
LAST_GREENS ,"['0.69', '2.69', '32.90']"
RESULTS:,58.68,67.36,51.50

OFFSETS ,"['25.91', '50.18', '40.41']"
GREENS ,"['41.06', '45.91', '13.70', '55.38']"
LAST_GREENS ,"['19.44', '7.39', '13.62']"
RESULTS:,38.76,42.86,47.50

OFFSETS ,"['25.92', '1.12', '41.08']"
GREENS ,"['58.05', '45.75', '13.70', '60.59']"
LAST_GREENS ,"['2.45', '7.55', '8.41']"
RESULTS:,33.78,45.15,49.50

OFFSETS ,"['25.92', '29.76', '40.41']"
GREENS ,"['4.59', '46.98', '3.48', '60.29']"
LAST_GREENS ,"['55.91', '16.54', '8.71']"
RESULTS:,27.42,26.97,26.00

OFFSETS ,"['56.25', '42.66', '40.08']"
GREENS ,"['59.81', '37.27', '13.78', '38.15']"
LAST_GREENS ,"['0.69', '15.96', '30.85']"
RESULTS:,40.08,27.92,20.67

OFFSETS ,"['25.92', '44.74', '40.41']"
GREENS ,"['24.79', '45.91', '13.70', '55.38']"
LAST_GREENS ,"['35.71', '7.39', '13.62']"
RESULTS:,21.89,35.35,49.00

OFFSETS ,"['25.92', '41.99', '40.41']"
GREENS ,"['53.34', '46.98', '3.48', '60.29']"
LAST_GREENS ,"['7.16', '16.54', '8.71']"
RESULTS:,26.63,21.96,27.33

OFFSETS ,"['43.07', '10.98', '44.20']"
GREENS ,"['42.34', '37.36', '27.77', '47.78']"
LAST_GREENS ,"['18.16', '1.88', '21.22']"
RESULTS:,25.90,54.79,51.00

OFFSETS ,"['26.16', '30.06', '41.27']"
GREENS ,"['41.18', '37.29', '13.67', '60.73']"
LAST_GREENS ,"['19.32', '16.04', '8.27']"
RESULTS:,37.73,29.73,47.67

OFFSETS ,"['43.07', '43.22', '44.16']"
GREENS ,"['42.34', '37.36', '27.74', '47.91']"
LAST_GREENS ,"['18.16', '1.91', '21.09']"
RESULTS:,18.19,50.05,51.00

OFFSETS ,"['26.07', '44.76', '41.02']"
GREENS ,"['41.14', '45.91', '13.71', '60.59']"
LAST_GREENS ,"['19.36', '7.39', '8.41']"
RESULTS:,39.13,47.08,48.00

OFFSETS ,"['26.17', '30.06', '41.28']"
GREENS ,"['41.18', '37.29', '13.67', '60.73']"
LAST_GREENS ,"['19.32', '16.04', '8.27']"
RESULTS:,37.73,29.73,47.67

OFFSETS ,"['25.92', '42.95', '40.45']"
GREENS ,"['25.38', '37.29', '13.77', '40.26']"
LAST_GREENS ,"['35.12', '15.94', '28.74']"
RESULTS:,52.16,34.03,29.00

OFFSETS ,"['25.92', '31.18', '10.92']"
GREENS ,"['53.41', '45.81', '3.17', '60.59']"
LAST_GREENS ,"['7.09', '18.03', '8.41']"
RESULTS:,35.15,25.48,26.00

OFFSETS ,"['26.02', '10.95', '40.41']"
GREENS ,"['25.36', '46.48', '13.70', '60.59']"
LAST_GREENS ,"['35.14', '6.83', '8.41']"
RESULTS:,32.90,46.64,49.50

OFFSETS ,"['25.92', '50.43', '40.41']"
GREENS ,"['25.36', '37.38', '13.70', '55.09']"
LAST_GREENS ,"['35.14', '15.92', '13.91']"
RESULTS:,75.03,47.13,69.00

OFFSETS ,"['42.71', '10.98', '44.20']"
GREENS ,"['40.97', '37.47', '27.74', '47.91']"
LAST_GREENS ,"['19.53', '1.80', '21.09']"
RESULTS:,25.90,54.79,51.00

OFFSETS ,"['25.92', '41.88', '40.41']"
GREENS ,"['40.92', '46.98', '3.38', '55.34']"
LAST_GREENS ,"['19.58', '16.65', '13.66']"
RESULTS:,11.98,11.39,9.00

OFFSETS ,"['26.29', '41.99', '40.46']"
GREENS ,"['53.34', '46.98', '3.63', '55.44']"
LAST_GREENS ,"['7.16', '16.39', '13.56']"
RESULTS:,13.45,12.39,9.50

OFFSETS ,"['26.29', '41.99', '40.41']"
GREENS ,"['44.24', '46.95', '13.74', '47.75']"
LAST_GREENS ,"['16.26', '6.31', '21.25']"
RESULTS:,24.01,36.18,48.50

OFFSETS ,"['25.92', '31.38', '10.92']"
GREENS ,"['53.41', '45.81', '3.32', '55.57']"
LAST_GREENS ,"['7.09', '17.88', '13.43']"
RESULTS:,27.34,18.16,13.67

OFFSETS ,"['56.25', '42.66', '44.33']"
GREENS ,"['59.81', '37.27', '13.78', '38.28']"
LAST_GREENS ,"['0.69', '15.96', '30.72']"
RESULTS:,40.23,27.64,22.00

OFFSETS ,"['25.92', '30.58', '40.45']"
GREENS ,"['25.38', '37.00', '3.74', '54.12']"
LAST_GREENS ,"['35.12', '26.27', '14.88']"
RESULTS:,15.90,12.15,14.33

OFFSETS ,"['25.92', '39.87', '40.41']"
GREENS ,"['58.03', '40.98', '8.67', '57.02']"
LAST_GREENS ,"['2.47', '17.35', '11.98']"
RESULTS:,14.55,12.77,12.67

OFFSETS ,"['43.07', '43.22', '44.16']"
GREENS ,"['42.34', '46.80', '2.83', '48.98']"
LAST_GREENS ,"['18.16', '17.37', '20.02']"
RESULTS:,13.53,12.42,8.33

OFFSETS ,"['25.92', '31.38', '10.92']"
GREENS ,"['53.41', '46.96', '3.32', '55.57']"
LAST_GREENS ,"['7.09', '16.72', '13.43']"
RESULTS:,27.22,18.70,12.33

OFFSETS ,"['25.92', '41.88', '40.41']"
GREENS ,"['42.07', '46.98', '3.48', '60.03']"
LAST_GREENS ,"['18.43', '16.54', '8.97']"
RESULTS:,26.61,23.61,26.67

OFFSETS ,"['25.92', '41.99', '40.41']"
GREENS ,"['52.56', '46.98', '3.61', '55.44']"
LAST_GREENS ,"['7.94', '16.41', '13.56']"
RESULTS:,11.84,11.13,10.33

OFFSETS ,"['42.34', '42.53', '44.20']"
GREENS ,"['43.20', '46.87', '13.42', '55.32']"
LAST_GREENS ,"['17.30', '6.72', '13.68']"
RESULTS:,20.56,35.38,48.50

OFFSETS ,"['25.92', '30.11', '40.41']"
GREENS ,"['40.76', '47.00', '3.61', '55.45']"
LAST_GREENS ,"['19.74', '16.39', '13.55']"
RESULTS:,10.10,9.43,7.33

OFFSETS ,"['42.34', '42.53', '40.51']"
GREENS ,"['43.20', '46.99', '13.42', '55.32']"
LAST_GREENS ,"['17.30', '6.59', '13.68']"
RESULTS:,20.24,34.97,49.50

OFFSETS ,"['25.92', '29.10', '44.19']"
GREENS ,"['50.38', '46.85', '3.48', '55.56']"
LAST_GREENS ,"['10.12', '16.66', '13.44']"
RESULTS:,10.47,9.83,8.33

OFFSETS ,"['25.92', '28.82', '40.41']"
GREENS ,"['40.92', '46.98', '3.38', '55.34']"
LAST_GREENS ,"['19.58', '16.65', '13.66']"
RESULTS:,12.80,12.17,9.00

OFFSETS ,"['25.92', '28.23', '40.41']"
GREENS ,"['52.19', '46.98', '3.38', '55.60']"
LAST_GREENS ,"['8.31', '16.64', '13.40']"
RESULTS:,10.16,9.37,7.67

OFFSETS ,"['25.92', '42.43', '10.65']"
GREENS ,"['53.41', '46.96', '3.62', '55.57']"
LAST_GREENS ,"['7.09', '16.41', '13.43']"
RESULTS:,29.64,21.43,15.67

OFFSETS ,"['25.92', '30.57', '40.41']"
GREENS ,"['40.61', '45.75', '3.40', '55.38']"
LAST_GREENS ,"['19.89', '17.85', '13.62']"
RESULTS:,9.82,8.94,7.67

OFFSETS ,"['25.05', '29.44', '40.41']"
GREENS ,"['52.50', '45.81', '3.42', '55.44']"
LAST_GREENS ,"['8.00', '17.77', '13.56']"
RESULTS:,10.37,9.69,7.67

OFFSETS ,"['42.54', '43.00', '40.44']"
GREENS ,"['25.87', '45.90', '2.83', '54.12']"
LAST_GREENS ,"['34.63', '18.27', '14.88']"
RESULTS:,8.24,7.68,8.67

OFFSETS ,"['43.24', '29.10', '40.24']"
GREENS ,"['50.28', '45.86', '3.39', '55.32']"
LAST_GREENS ,"['10.22', '17.75', '13.68']"
RESULTS:,10.97,10.22,7.67

OFFSETS ,"['26.29', '30.58', '40.46']"
GREENS ,"['53.34', '45.81', '3.42', '55.44']"
LAST_GREENS ,"['7.16', '17.78', '13.56']"
RESULTS:,10.02,9.12,7.67

OFFSETS ,"['25.92', '28.35', '40.41']"
GREENS ,"['24.96', '45.76', '3.40', '55.56']"
LAST_GREENS ,"['35.54', '17.84', '13.44']"
RESULTS:,10.67,9.75,8.33

OFFSETS ,"['25.92', '29.12', '44.48']"
GREENS ,"['40.96', '45.69', '3.48', '55.38']"
LAST_GREENS ,"['19.54', '17.83', '13.62']"
RESULTS:,10.70,9.69,8.00

OFFSETS ,"['26.29', '30.58', '40.46']"
GREENS ,"['53.34', '45.79', '3.42', '54.11']"
LAST_GREENS ,"['7.16', '17.79', '14.89']"
RESULTS:,9.79,8.80,7.67

OFFSETS ,"['25.92', '30.11', '40.41']"
GREENS ,"['39.57', '46.96', '3.61', '55.41']"
LAST_GREENS ,"['20.93', '16.43', '13.59']"
RESULTS:,10.51,9.67,7.67

OFFSETS ,"['25.02', '29.44', '40.41']"
GREENS ,"['52.50', '45.81', '3.42', '55.38']"
LAST_GREENS ,"['8.00', '17.77', '13.62']"
RESULTS:,10.37,9.69,7.67

OFFSETS ,"['25.92', '29.34', '40.41']"
GREENS ,"['40.61', '45.78', '3.32', '55.38']"
LAST_GREENS ,"['19.89', '17.90', '13.62']"
RESULTS:,10.57,9.70,8.00

OFFSETS ,"['26.33', '30.57', '40.46']"
GREENS ,"['40.61', '45.81', '3.40', '55.44']"
LAST_GREENS ,"['19.89', '17.79', '13.56']"
RESULTS:,10.02,9.12,7.67

OFFSETS ,"['26.33', '30.57', '40.46']"
GREENS ,"['40.61', '45.81', '3.41', '55.44']"
LAST_GREENS ,"['19.89', '17.78', '13.56']"
RESULTS:,10.02,9.12,7.67

OFFSETS ,"['25.92', '30.61', '40.41']"
GREENS ,"['26.42', '45.80', '3.40', '54.10']"
LAST_GREENS ,"['34.08', '17.80', '14.90']"
RESULTS:,11.75,10.68,8.00

OFFSETS ,"['25.92', '29.29', '40.41']"
GREENS ,"['40.57', '45.87', '3.90', '54.17']"
LAST_GREENS ,"['19.93', '17.23', '14.83']"
RESULTS:,10.71,9.86,7.00

OFFSETS ,"['25.92', '30.06', '40.12']"
GREENS ,"['23.89', '45.90', '3.40', '54.19']"
LAST_GREENS ,"['36.61', '17.70', '14.81']"
RESULTS:,10.05,9.16,7.67

OFFSETS ,"['26.25', '30.06', '40.41']"
GREENS ,"['25.99', '45.77', '3.40', '54.12']"
LAST_GREENS ,"['34.51', '17.83', '14.88']"
RESULTS:,9.70,8.76,7.67

OFFSETS ,"['42.67', '29.32', '40.49']"
GREENS ,"['42.34', '45.73', '2.83', '54.13']"
LAST_GREENS ,"['18.16', '18.44', '14.87']"
RESULTS:,11.12,10.18,8.00

OFFSETS ,"['26.29', '30.02', '40.46']"
GREENS ,"['53.34', '45.91', '3.42', '54.11']"
LAST_GREENS ,"['7.16', '17.68', '14.89']"
RESULTS:,9.70,8.76,7.67

OFFSETS ,"['26.32', '30.58', '40.46']"
GREENS ,"['53.33', '45.91', '3.42', '54.11']"
LAST_GREENS ,"['7.17', '17.67', '14.89']"
RESULTS:,9.79,8.80,7.67

OFFSETS ,"['43.98', '29.77', '40.41']"
GREENS ,"['40.57', '45.75', '3.93', '54.17']"
LAST_GREENS ,"['19.93', '17.31', '14.83']"
RESULTS:,10.38,9.43,8.33

OFFSETS ,"['42.54', '43.00', '40.44']"
GREENS ,"['41.93', '45.90', '2.82', '54.12']"
LAST_GREENS ,"['18.57', '18.28', '14.88']"
RESULTS:,8.34,7.68,9.33

OFFSETS ,"['25.92', '30.57', '40.41']"
GREENS ,"['41.29', '45.75', '3.40', '55.38']"
LAST_GREENS ,"['19.21', '17.86', '13.62']"
RESULTS:,9.82,8.94,7.67

OFFSETS ,"['25.92', '30.52', '40.41']"
GREENS ,"['40.76', '47.00', '3.61', '55.45']"
LAST_GREENS ,"['19.74', '16.39', '13.55']"
RESULTS:,11.56,10.76,7.67

OFFSETS ,"['26.29', '30.02', '40.46']"
GREENS ,"['53.34', '45.90', '3.42', '54.12']"
LAST_GREENS ,"['7.16', '17.68', '14.88']"
RESULTS:,9.70,8.76,7.67

OFFSETS ,"['25.92', '30.11', '40.41']"
GREENS ,"['37.17', '47.00', '3.61', '55.45']"
LAST_GREENS ,"['23.33', '16.39', '13.55']"
RESULTS:,10.10,9.43,7.33

OFFSETS ,"['25.92', '32.93', '40.41']"
GREENS ,"['41.85', '45.77', '3.40', '54.12']"
LAST_GREENS ,"['18.65', '17.83', '14.88']"
RESULTS:,9.81,8.79,8.33

OFFSETS ,"['26.25', '30.02', '40.46']"
GREENS ,"['53.40', '45.77', '3.40', '54.13']"
LAST_GREENS ,"['7.10', '17.83', '14.87']"
RESULTS:,9.70,8.76,7.67

OFFSETS ,"['25.92', '29.32', '40.50']"
GREENS ,"['40.74', '45.87', '3.94', '55.38']"
LAST_GREENS ,"['19.76', '17.19', '13.62']"
RESULTS:,10.46,9.75,7.33

OFFSETS ,"['42.54', '43.00', '40.44']"
GREENS ,"['25.88', '45.90', '2.81', '54.12']"
LAST_GREENS ,"['34.62', '18.29', '14.88']"
RESULTS:,8.24,7.68,8.67

OFFSETS ,"['26.68', '43.38', '40.41']"
GREENS ,"['41.85', '45.76', '3.40', '54.12']"
LAST_GREENS ,"['18.65', '17.83', '14.88']"
RESULTS:,9.20,8.42,10.33

OFFSETS ,"['43.82', '43.00', '40.41']"
GREENS ,"['22.73', '45.75', '2.81', '54.12']"
LAST_GREENS ,"['37.77', '18.43', '14.88']"
RESULTS:,8.24,7.60,9.33

OFFSETS ,"['42.54', '43.00', '40.44']"
GREENS ,"['26.63', '45.90', '2.83', '54.12']"
LAST_GREENS ,"['33.87', '18.27', '14.88']"
RESULTS:,8.24,7.68,8.67

OFFSETS ,"['25.92', '30.11', '40.41']"
GREENS ,"['40.76', '45.90', '3.61', '55.44']"
LAST_GREENS ,"['19.74', '17.49', '13.56']"
RESULTS:,10.02,9.20,7.67

OFFSETS ,"['26.88', '30.95', '40.41']"
GREENS ,"['23.02', '45.76', '3.48', '55.46']"
LAST_GREENS ,"['37.48', '17.76', '13.54']"
RESULTS:,10.72,9.91,8.33

OFFSETS ,"['43.12', '43.00', '40.44']"
GREENS ,"['42.32', '45.76', '2.83', '54.12']"
LAST_GREENS ,"['18.18', '18.41', '14.88']"
RESULTS:,8.34,7.68,9.33

OFFSETS ,"['41.86', '30.04', '40.44']"
GREENS ,"['25.87', '45.90', '2.83', '54.12']"
LAST_GREENS ,"['34.63', '18.27', '14.88']"
RESULTS:,9.26,8.45,7.67

OFFSETS ,"['41.91', '42.16', '40.44']"
GREENS ,"['42.34', '46.91', '2.83', '54.12']"
LAST_GREENS ,"['18.16', '17.26', '14.88']"
RESULTS:,9.01,8.48,8.33

OFFSETS ,"['42.54', '43.00', '40.44']"
GREENS ,"['26.63', '45.91', '2.83', '54.12']"
LAST_GREENS ,"['33.87', '18.26', '14.88']"
RESULTS:,8.24,7.68,8.67

OFFSETS ,"['42.87', '30.12', '40.41']"
GREENS ,"['26.31', '45.77', '3.48', '54.12']"
LAST_GREENS ,"['34.19', '17.75', '14.88']"
RESULTS:,9.37,8.51,7.33

OFFSETS ,"['41.89', '30.06', '40.44']"
GREENS ,"['25.86', '46.86', '2.84', '54.13']"
LAST_GREENS ,"['34.64', '17.31', '14.87']"
RESULTS:,10.24,9.47,7.67

OFFSETS ,"['42.50', '29.70', '40.41']"
GREENS ,"['25.86', '45.77', '2.89', '54.12']"
LAST_GREENS ,"['34.64', '18.34', '14.88']"
RESULTS:,10.28,9.38,7.33

OFFSETS ,"['25.92', '43.00', '40.44']"
GREENS ,"['22.98', '46.85', '2.83', '55.46']"
LAST_GREENS ,"['37.52', '17.32', '13.54']"
RESULTS:,9.55,8.83,8.67

OFFSETS ,"['42.54', '43.00', '40.44']"
GREENS ,"['25.87', '45.87', '2.83', '54.13']"
LAST_GREENS ,"['34.63', '18.30', '14.87']"
RESULTS:,8.24,7.68,8.67

OFFSETS ,"['42.41', '42.58', '40.41']"
GREENS ,"['26.63', '45.91', '2.86', '54.17']"
LAST_GREENS ,"['33.87', '18.23', '14.83']"
RESULTS:,8.36,7.85,9.00

OFFSETS ,"['42.54', '43.00', '40.44']"
GREENS ,"['26.61', '45.87', '2.83', '54.12']"
LAST_GREENS ,"['33.89', '18.30', '14.88']"
RESULTS:,8.24,7.68,8.67

OFFSETS ,"['41.83', '43.00', '40.44']"
GREENS ,"['25.92', '45.75', '2.82', '54.12']"
LAST_GREENS ,"['34.58', '18.42', '14.88']"
RESULTS:,8.36,7.64,10.33

OFFSETS ,"['42.54', '43.00', '40.44']"
GREENS ,"['25.88', '45.90', '2.83', '54.12']"
LAST_GREENS ,"['34.62', '18.27', '14.88']"
RESULTS:,8.24,7.68,8.67

OFFSETS ,"['25.91', '29.45', '40.44']"
GREENS ,"['40.66', '45.87', '3.89', '54.17']"
LAST_GREENS ,"['19.84', '17.24', '14.83']"
RESULTS:,10.71,9.86,7.00

OFFSETS ,"['24.88', '29.29', '40.44']"
GREENS ,"['40.57', '45.90', '2.82', '54.13']"
LAST_GREENS ,"['19.93', '18.28', '14.87']"
RESULTS:,10.49,9.41,8.33

OFFSETS ,"['43.66', '43.00', '40.44']"
GREENS ,"['22.73', '45.75', '2.82', '54.12']"
LAST_GREENS ,"['37.77', '18.42', '14.88']"
RESULTS:,8.24,7.60,9.33

OFFSETS ,"['43.66', '43.00', '40.44']"
GREENS ,"['22.73', '45.75', '2.81', '54.12']"
LAST_GREENS ,"['37.77', '18.43', '14.88']"
RESULTS:,8.24,7.60,9.33

OFFSETS ,"['41.88', '30.04', '40.41']"
GREENS ,"['26.31', '45.78', '2.83', '54.12']"
LAST_GREENS ,"['34.19', '18.39', '14.88']"
RESULTS:,9.26,8.45,7.67

OFFSETS ,"['42.52', '30.12', '40.44']"
GREENS ,"['26.31', '45.76', '3.48', '54.12']"
LAST_GREENS ,"['34.19', '17.76', '14.88']"
RESULTS:,9.37,8.51,7.33

OFFSETS ,"['42.52', '43.00', '40.41']"
GREENS ,"['41.36', '45.90', '2.84', '54.12']"
LAST_GREENS ,"['19.14', '18.26', '14.88']"
RESULTS:,8.10,7.61,8.33

OFFSETS ,"['42.54', '30.30', '40.41']"
GREENS ,"['26.31', '46.86', '3.48', '54.12']"
LAST_GREENS ,"['34.19', '16.66', '14.88']"
RESULTS:,13.86,12.82,9.00

OFFSETS ,"['43.24', '42.53', '40.41']"
GREENS ,"['41.24', '45.90', '2.80', '54.12']"
LAST_GREENS ,"['19.26', '18.30', '14.88']"
RESULTS:,8.59,8.06,10.67

OFFSETS ,"['41.93', '42.51', '40.41']"
GREENS ,"['41.17', '45.90', '2.80', '54.12']"
LAST_GREENS ,"['19.33', '18.30', '14.88']"
RESULTS:,9.63,8.93,9.00

OFFSETS ,"['42.52', '43.62', '40.41']"
GREENS ,"['41.71', '45.90', '2.84', '54.12']"
LAST_GREENS ,"['18.79', '18.26', '14.88']"
RESULTS:,8.86,8.25,9.33

OFFSETS ,"['25.92', '29.32', '40.41']"
GREENS ,"['40.58', '45.87', '3.95', '54.17']"
LAST_GREENS ,"['19.92', '17.18', '14.83']"
RESULTS:,10.71,9.86,7.00

OFFSETS ,"['42.52', '43.00', '40.41']"
GREENS ,"['41.35', '45.90', '2.84', '54.12']"
LAST_GREENS ,"['19.15', '18.26', '14.88']"
RESULTS:,8.10,7.61,8.33

OFFSETS ,"['42.52', '30.08', '40.41']"
GREENS ,"['26.05', '45.77', '2.84', '54.12']"
LAST_GREENS ,"['34.45', '18.39', '14.88']"
RESULTS:,9.56,8.66,7.33

OFFSETS ,"['25.92', '29.29', '40.41']"
GREENS ,"['40.57', '45.87', '3.90', '54.17']"
LAST_GREENS ,"['19.93', '17.23', '14.83']"
RESULTS:,10.71,9.86,7.00

OFFSETS ,"['41.80', '30.04', '40.44']"
GREENS ,"['41.75', '45.75', '2.81', '54.12']"
LAST_GREENS ,"['18.75', '18.44', '14.88']"
RESULTS:,9.26,8.45,7.67

OFFSETS ,"['41.88', '42.53', '40.41']"
GREENS ,"['41.24', '45.90', '2.80', '54.12']"
LAST_GREENS ,"['19.26', '18.30', '14.88']"
RESULTS:,9.63,8.93,9.00

OFFSETS ,"['40.96', '30.12', '40.44']"
GREENS ,"['39.49', '45.76', '3.48', '54.12']"
LAST_GREENS ,"['21.01', '17.76', '14.88']"
RESULTS:,9.68,8.81,7.33

OFFSETS ,"['41.93', '29.32', '40.41']"
GREENS ,"['25.99', '45.77', '3.90', '54.17']"
LAST_GREENS ,"['34.51', '17.33', '14.83']"
RESULTS:,10.64,9.94,7.67

OFFSETS ,"['43.45', '43.02', '40.41']"
GREENS ,"['40.66', '45.87', '2.88', '54.16']"
LAST_GREENS ,"['19.84', '18.25', '14.84']"
RESULTS:,8.28,7.63,10.00

OFFSETS ,"['42.87', '30.12', '40.41']"
GREENS ,"['26.31', '45.77', '3.47', '54.17']"
LAST_GREENS ,"['34.19', '17.76', '14.83']"
RESULTS:,9.37,8.51,7.33

OFFSETS ,"['42.52', '29.51', '40.41']"
GREENS ,"['41.24', '45.90', '2.80', '54.12']"
LAST_GREENS ,"['19.26', '18.30', '14.88']"
RESULTS:,11.12,10.18,8.00

OFFSETS ,"['25.62', '29.44', '40.41']"
GREENS ,"['26.31', '45.77', '3.47', '54.17']"
LAST_GREENS ,"['34.19', '17.76', '14.83']"
RESULTS:,10.52,9.49,7.67

OFFSETS ,"['43.26', '29.32', '40.44']"
GREENS ,"['40.58', '45.87', '3.95', '54.17']"
LAST_GREENS ,"['19.92', '17.18', '14.83']"
RESULTS:,10.54,9.75,7.67

OFFSETS ,"['42.56', '43.02', '40.44']"
GREENS ,"['25.44', '45.90', '3.90', '54.13']"
LAST_GREENS ,"['35.06', '17.20', '14.87']"
RESULTS:,8.60,7.98,9.00

OFFSETS ,"['41.87', '43.00', '40.41']"
GREENS ,"['41.35', '45.90', '2.84', '54.12']"
LAST_GREENS ,"['19.15', '18.26', '14.88']"
RESULTS:,8.26,7.65,10.00

OFFSETS ,"['26.22', '29.39', '40.41']"
GREENS ,"['40.59', '45.87', '2.79', '54.17']"
LAST_GREENS ,"['19.91', '18.34', '14.83']"
RESULTS:,10.38,9.24,7.67

OFFSETS ,"['25.92', '29.29', '40.41']"
GREENS ,"['40.58', '45.87', '3.90', '54.12']"
LAST_GREENS ,"['19.92', '17.23', '14.88']"
RESULTS:,10.71,9.86,7.00

OFFSETS ,"['41.87', '43.41', '40.41']"
GREENS ,"['40.58', '45.90', '2.84', '54.12']"
LAST_GREENS ,"['19.92', '18.26', '14.88']"
RESULTS:,9.36,8.86,9.67

OFFSETS ,"['42.52', '42.53', '40.41']"
GREENS ,"['41.24', '45.78', '2.80', '54.12']"
LAST_GREENS ,"['19.26', '18.43', '14.88']"
RESULTS:,7.95,7.43,9.33

OFFSETS ,"['42.75', '30.06', '40.44']"
GREENS ,"['40.45', '45.91', '2.23', '54.17']"
LAST_GREENS ,"['20.05', '18.86', '14.83']"
RESULTS:,9.21,8.27,7.33

OFFSETS ,"['42.50', '42.64', '40.41']"
GREENS ,"['41.41', '45.90', '2.80', '54.12']"
LAST_GREENS ,"['19.09', '18.30', '14.88']"
RESULTS:,8.36,7.85,9.00

OFFSETS ,"['41.87', '43.00', '40.41']"
GREENS ,"['41.34', '45.90', '2.84', '54.17']"
LAST_GREENS ,"['19.16', '18.26', '14.83']"
RESULTS:,8.26,7.65,10.00

OFFSETS ,"['42.52', '43.02', '40.44']"
GREENS ,"['25.43', '45.90', '2.85', '54.12']"
LAST_GREENS ,"['35.07', '18.25', '14.88']"
RESULTS:,8.10,7.61,8.33

OFFSETS ,"['42.51', '42.64', '40.44']"
GREENS ,"['26.22', '45.90', '2.80', '54.12']"
LAST_GREENS ,"['34.28', '18.30', '14.88']"
RESULTS:,7.95,7.43,9.33

OFFSETS ,"['41.87', '30.05', '40.41']"
GREENS ,"['24.61', '45.77', '3.47', '54.12']"
LAST_GREENS ,"['35.89', '17.76', '14.88']"
RESULTS:,9.71,8.88,7.67

OFFSETS ,"['42.52', '43.00', '40.41']"
GREENS ,"['41.36', '45.90', '2.84', '54.12']"
LAST_GREENS ,"['19.14', '18.26', '14.88']"
RESULTS:,8.10,7.61,8.33

OFFSETS ,"['26.32', '43.02', '40.44']"
GREENS ,"['40.68', '45.87', '3.99', '54.17']"
LAST_GREENS ,"['19.82', '17.14', '14.83']"
RESULTS:,10.85,9.90,9.00

OFFSETS ,"['42.62', '29.41', '40.41']"
GREENS ,"['40.57', '45.90', '3.90', '54.17']"
LAST_GREENS ,"['19.93', '17.19', '14.83']"
RESULTS:,10.83,10.08,7.33

OFFSETS ,"['42.50', '42.46', '40.44']"
GREENS ,"['41.23', '45.87', '2.80', '54.12']"
LAST_GREENS ,"['19.27', '18.33', '14.88']"
RESULTS:,7.95,7.43,9.33

OFFSETS ,"['42.52', '43.03', '40.44']"
GREENS ,"['26.23', '45.90', '2.85', '54.12']"
LAST_GREENS ,"['34.27', '18.25', '14.88']"
RESULTS:,8.24,7.68,8.67

OFFSETS ,"['42.93', '29.10', '40.41']"
GREENS ,"['40.58', '45.87', '3.95', '54.17']"
LAST_GREENS ,"['19.92', '17.19', '14.83']"
RESULTS:,10.34,9.53,7.67

OFFSETS ,"['25.89', '29.32', '40.44']"
GREENS ,"['26.87', '45.90', '2.81', '54.12']"
LAST_GREENS ,"['33.63', '18.29', '14.88']"
RESULTS:,10.38,9.24,7.67

OFFSETS ,"['26.42', '29.56', '40.44']"
GREENS ,"['26.87', '45.87', '3.89', '54.12']"
LAST_GREENS ,"['33.63', '17.24', '14.88']"
RESULTS:,10.57,9.69,8.00

OFFSETS ,"['25.91', '29.45', '40.41']"
GREENS ,"['40.66', '45.87', '3.89', '54.17']"
LAST_GREENS ,"['19.84', '17.24', '14.83']"
RESULTS:,10.71,9.86,7.00

OFFSETS ,"['42.52', '42.53', '40.44']"
GREENS ,"['40.89', '45.90', '2.15', '54.12']"
LAST_GREENS ,"['19.61', '18.95', '14.88']"
RESULTS:,7.98,7.47,9.00

OFFSETS ,"['42.51', '43.02', '40.44']"
GREENS ,"['42.27', '45.90', '2.84', '54.12']"
LAST_GREENS ,"['18.23', '18.26', '14.88']"
RESULTS:,8.10,7.61,8.33

OFFSETS ,"['42.52', '43.01', '40.44']"
GREENS ,"['27.57', '45.90', '2.84', '54.12']"
LAST_GREENS ,"['32.93', '18.26', '14.88']"
RESULTS:,8.10,7.61,8.33

OFFSETS ,"['42.52', '42.53', '40.41']"
GREENS ,"['41.19', '45.90', '3.91', '54.12']"
LAST_GREENS ,"['19.31', '17.19', '14.88']"
RESULTS:,8.79,8.24,9.00

OFFSETS ,"['42.52', '42.54', '40.41']"
GREENS ,"['41.36', '45.90', '2.84', '54.12']"
LAST_GREENS ,"['19.14', '18.26', '14.88']"
RESULTS:,8.36,7.85,9.00

OFFSETS ,"['43.00', '29.29', '40.41']"
GREENS ,"['40.58', '45.87', '2.76', '54.12']"
LAST_GREENS ,"['19.92', '18.37', '14.88']"
RESULTS:,10.18,9.52,7.33

OFFSETS ,"['42.23', '42.53', '40.44']"
GREENS ,"['40.66', '45.78', '2.83', '54.12']"
LAST_GREENS ,"['19.84', '18.39', '14.88']"
RESULTS:,8.36,7.85,9.00

OFFSETS ,"['42.51', '42.74', '40.44']"
GREENS ,"['41.20', '45.90', '2.17', '54.12']"
LAST_GREENS ,"['19.30', '18.93', '14.88']"
RESULTS:,7.98,7.47,9.00

OFFSETS ,"['42.97', '42.89', '40.44']"
GREENS ,"['39.92', '45.90', '2.80', '54.17']"
LAST_GREENS ,"['20.58', '18.30', '14.83']"
RESULTS:,7.95,7.43,9.33

OFFSETS ,"['26.67', '28.92', '40.41']"
GREENS ,"['40.58', '45.87', '3.89', '54.13']"
LAST_GREENS ,"['19.92', '17.24', '14.87']"
RESULTS:,10.19,9.02,8.00

OFFSETS ,"['42.52', '42.98', '40.44']"
GREENS ,"['27.57', '45.90', '2.84', '54.12']"
LAST_GREENS ,"['32.93', '18.26', '14.88']"
RESULTS:,8.10,7.61,8.33

OFFSETS ,"['42.52', '29.34', '40.41']"
GREENS ,"['40.89', '45.90', '2.15', '54.12']"
LAST_GREENS ,"['19.61', '18.95', '14.88']"
RESULTS:,9.70,8.73,7.67

OFFSETS ,"['26.98', '43.02', '40.44']"
GREENS ,"['25.63', '45.90', '2.84', '54.12']"
LAST_GREENS ,"['34.87', '18.26', '14.88']"
RESULTS:,8.95,8.18,9.67

OFFSETS ,"['26.14', '29.15', '40.41']"
GREENS ,"['40.92', '45.90', '4.00', '54.17']"
LAST_GREENS ,"['19.58', '17.10', '14.83']"
RESULTS:,10.12,9.19,7.67

OFFSETS ,"['42.51', '29.97', '40.44']"
GREENS ,"['40.45', '45.90', '2.16', '54.17']"
LAST_GREENS ,"['20.05', '18.94', '14.83']"
RESULTS:,9.50,8.58,8.00

OFFSETS ,"['42.52', '42.53', '40.44']"
GREENS ,"['40.82', '45.90', '3.89', '54.13']"
LAST_GREENS ,"['19.68', '17.21', '14.87']"
RESULTS:,8.79,8.24,9.00

OFFSETS ,"['42.59', '42.71', '40.44']"
GREENS ,"['40.56', '45.87', '2.75', '54.13']"
LAST_GREENS ,"['19.94', '18.38', '14.87']"
RESULTS:,7.95,7.43,9.33

OFFSETS ,"['42.52', '43.01', '40.41']"
GREENS ,"['27.57', '45.90', '2.84', '54.12']"
LAST_GREENS ,"['32.93', '18.26', '14.88']"
RESULTS:,8.10,7.61,8.33

OFFSETS ,"['42.52', '42.53', '40.44']"
GREENS ,"['27.06', '45.91', '2.15', '54.12']"
LAST_GREENS ,"['33.44', '18.94', '14.88']"
RESULTS:,7.98,7.47,9.00

OFFSETS ,"['42.52', '33.30', '40.41']"
GREENS ,"['27.57', '45.90', '2.84', '53.31']"
LAST_GREENS ,"['32.93', '18.26', '15.69']"
RESULTS:,9.70,8.86,9.00

OFFSETS ,"['25.92', '29.32', '40.50']"
GREENS ,"['40.61', '45.87', '3.88', '54.16']"
LAST_GREENS ,"['19.89', '17.25', '14.84']"
RESULTS:,10.71,9.86,7.00

OFFSETS ,"['42.51', '43.04', '40.44']"
GREENS ,"['40.11', '45.90', '2.80', '54.12']"
LAST_GREENS ,"['20.39', '18.30', '14.88']"
RESULTS:,8.10,7.61,8.33

OFFSETS ,"['42.52', '42.53', '40.44']"
GREENS ,"['40.89', '45.90', '2.80', '54.12']"
LAST_GREENS ,"['19.61', '18.30', '14.88']"
RESULTS:,7.95,7.43,9.33

OFFSETS ,"['25.92', '29.29', '40.41']"
GREENS ,"['40.58', '45.87', '3.90', '54.12']"
LAST_GREENS ,"['19.92', '17.23', '14.88']"
RESULTS:,10.71,9.86,7.00

OFFSETS ,"['42.51', '42.64', '40.44']"
GREENS ,"['40.53', '45.90', '2.13', '54.12']"
LAST_GREENS ,"['19.97', '18.97', '14.88']"
RESULTS:,7.98,7.47,9.00

OFFSETS ,"['42.52', '42.53', '40.41']"
GREENS ,"['27.35', '45.91', '2.19', '54.12']"
LAST_GREENS ,"['33.15', '18.90', '14.88']"
RESULTS:,7.98,7.47,9.00

OFFSETS ,"['26.48', '29.38', '40.41']"
GREENS ,"['26.96', '45.87', '2.84', '54.13']"
LAST_GREENS ,"['33.54', '18.29', '14.87']"
RESULTS:,10.35,9.32,8.33

OFFSETS ,"['42.52', '43.02', '40.44']"
GREENS ,"['26.84', '45.90', '2.16', '54.12']"
LAST_GREENS ,"['33.66', '18.94', '14.88']"
RESULTS:,8.10,7.61,8.33

OFFSETS ,"['42.52', '42.64', '40.44']"
GREENS ,"['26.95', '45.90', '2.84', '54.12']"
LAST_GREENS ,"['33.55', '18.26', '14.88']"
RESULTS:,7.95,7.43,9.33

OFFSETS ,"['42.52', '42.53', '40.44']"
GREENS ,"['40.89', '45.90', '2.80', '54.12']"
LAST_GREENS ,"['19.61', '18.30', '14.88']"
RESULTS:,7.95,7.43,9.33

OFFSETS ,"['42.51', '29.00', '40.44']"
GREENS ,"['40.11', '45.87', '2.80', '54.12']"
LAST_GREENS ,"['20.39', '18.33', '14.88']"
RESULTS:,9.70,8.73,7.67

OFFSETS ,"['42.51', '30.35', '40.44']"
GREENS ,"['26.39', '45.91', '2.21', '54.12']"
LAST_GREENS ,"['34.11', '18.88', '14.88']"
RESULTS:,9.21,8.27,7.33

OFFSETS ,"['25.94', '42.36', '40.44']"
GREENS ,"['40.11', '45.90', '3.87', '54.12']"
LAST_GREENS ,"['20.39', '17.23', '14.88']"
RESULTS:,10.34,9.59,8.67

OFFSETS ,"['42.52', '42.53', '40.44']"
GREENS ,"['40.89', '45.90', '2.84', '54.13']"
LAST_GREENS ,"['19.61', '18.26', '14.87']"
RESULTS:,7.95,7.43,9.33

OFFSETS ,"['42.51', '43.00', '40.41']"
GREENS ,"['40.11', '45.90', '2.80', '54.12']"
LAST_GREENS ,"['20.39', '18.30', '14.88']"
RESULTS:,8.10,7.61,8.33

OFFSETS ,"['42.51', '30.06', '40.41']"
GREENS ,"['27.34', '45.91', '2.25', '54.12']"
LAST_GREENS ,"['33.16', '18.84', '14.88']"
RESULTS:,9.21,8.27,7.33

OFFSETS ,"['25.92', '29.31', '40.50']"
GREENS ,"['40.37', '45.87', '3.88', '54.16']"
LAST_GREENS ,"['20.13', '17.25', '14.84']"
RESULTS:,10.71,9.86,7.00

OFFSETS ,"['42.52', '43.02', '40.44']"
GREENS ,"['27.57', '45.90', '2.84', '54.12']"
LAST_GREENS ,"['32.93', '18.26', '14.88']"
RESULTS:,8.10,7.61,8.33

OFFSETS ,"['42.52', '42.64', '40.44']"
GREENS ,"['26.95', '45.90', '2.84', '54.12']"
LAST_GREENS ,"['33.55', '18.26', '14.88']"
RESULTS:,7.95,7.43,9.33

OFFSETS ,"['25.95', '28.96', '40.44']"
GREENS ,"['40.61', '45.87', '3.88', '54.12']"
LAST_GREENS ,"['19.89', '17.25', '14.88']"
RESULTS:,9.81,8.64,7.67

OFFSETS ,"['42.51', '42.52', '40.44']"
GREENS ,"['39.92', '45.90', '2.79', '54.13']"
LAST_GREENS ,"['20.58', '18.31', '14.87']"
RESULTS:,7.95,7.43,9.33

OFFSETS ,"['42.52', '43.02', '40.44']"
GREENS ,"['27.57', '45.90', '3.89', '54.16']"
LAST_GREENS ,"['32.93', '17.21', '14.84']"
RESULTS:,8.60,7.98,9.00

OFFSETS ,"['42.61', '42.90', '40.50']"
GREENS ,"['39.90', '45.90', '3.82', '54.12']"
LAST_GREENS ,"['20.60', '17.28', '14.88']"
RESULTS:,9.67,9.01,10.00

OFFSETS ,"['42.52', '43.00', '40.41']"
GREENS ,"['27.57', '45.90', '2.84', '54.13']"
LAST_GREENS ,"['32.93', '18.26', '14.87']"
RESULTS:,8.10,7.61,8.33

OFFSETS ,"['25.92', '29.38', '40.50']"
GREENS ,"['40.61', '45.87', '2.77', '54.12']"
LAST_GREENS ,"['19.89', '18.36', '14.88']"
RESULTS:,10.38,9.24,7.67

OFFSETS ,"['42.51', '29.85', '40.41']"
GREENS ,"['40.19', '45.90', '3.88', '54.13']"
LAST_GREENS ,"['20.31', '17.22', '14.87']"
RESULTS:,10.83,10.08,7.33

OFFSETS ,"['42.52', '42.53', '40.41']"
GREENS ,"['40.89', '45.90', '2.12', '54.12']"
LAST_GREENS ,"['19.61', '18.98', '14.88']"
RESULTS:,7.98,7.47,9.00

OFFSETS ,"['42.52', '42.53', '40.41']"
GREENS ,"['40.89', '45.90', '2.84', '54.13']"
LAST_GREENS ,"['19.61', '18.26', '14.87']"
RESULTS:,7.95,7.43,9.33

OFFSETS ,"['25.92', '29.31', '40.50']"
GREENS ,"['40.37', '45.87', '3.92', '54.16']"
LAST_GREENS ,"['20.13', '17.21', '14.84']"
RESULTS:,10.71,9.86,7.00

OFFSETS ,"['42.52', '42.73', '40.41']"
GREENS ,"['27.87', '45.87', '2.21', '54.13']"
LAST_GREENS ,"['32.63', '18.92', '14.87']"
RESULTS:,7.98,7.47,9.00

OFFSETS ,"['42.52', '42.53', '40.41']"
GREENS ,"['40.89', '45.90', '2.81', '54.13']"
LAST_GREENS ,"['19.61', '18.29', '14.87']"
RESULTS:,7.95,7.43,9.33

OFFSETS ,"['42.52', '42.53', '40.41']"
GREENS ,"['40.89', '45.90', '2.12', '54.12']"
LAST_GREENS ,"['19.61', '18.98', '14.88']"
RESULTS:,7.98,7.47,9.00

OFFSETS ,"['42.52', '42.53', '40.41']"
GREENS ,"['40.89', '45.90', '2.18', '54.12']"
LAST_GREENS ,"['19.61', '18.91', '14.88']"
RESULTS:,7.98,7.47,9.00

OFFSETS ,"['25.92', '29.31', '40.50']"
GREENS ,"['40.37', '45.87', '3.92', '54.16']"
LAST_GREENS ,"['20.13', '17.22', '14.84']"
RESULTS:,10.71,9.86,7.00

OFFSETS ,"['42.52', '42.53', '40.41']"
GREENS ,"['40.89', '45.91', '3.85', '54.13']"
LAST_GREENS ,"['19.61', '17.24', '14.87']"
RESULTS:,8.79,8.24,9.00

OFFSETS ,"['25.92', '29.31', '40.44']"
GREENS ,"['40.37', '45.90', '3.88', '54.12']"
LAST_GREENS ,"['20.13', '17.21', '14.88']"
RESULTS:,10.71,9.86,7.00

OFFSETS ,"['42.52', '30.26', '40.41']"
GREENS ,"['27.86', '45.91', '2.25', '54.12']"
LAST_GREENS ,"['32.64', '18.85', '14.88']"
RESULTS:,9.21,8.27,7.33

OFFSETS ,"['26.06', '29.31', '40.50']"
GREENS ,"['40.37', '45.91', '3.88', '54.16']"
LAST_GREENS ,"['20.13', '17.21', '14.84']"
RESULTS:,10.71,9.86,7.00

OFFSETS ,"['25.91', '29.56', '40.41']"
GREENS ,"['26.96', '45.90', '2.83', '54.13']"
LAST_GREENS ,"['33.54', '18.27', '14.87']"
RESULTS:,10.38,9.24,7.67

OFFSETS ,"['25.91', '30.25', '40.41']"
GREENS ,"['27.86', '45.91', '2.28', '54.13']"
LAST_GREENS ,"['32.64', '18.81', '14.87']"
RESULTS:,9.76,8.65,7.67

OFFSETS ,"['42.52', '42.39', '40.41']"
GREENS ,"['40.91', '45.91', '2.12', '54.13']"
LAST_GREENS ,"['19.59', '18.98', '14.87']"
RESULTS:,7.98,7.47,9.00

OFFSETS ,"['42.52', '42.53', '40.41']"
GREENS ,"['27.91', '45.90', '2.84', '54.12']"
LAST_GREENS ,"['32.59', '18.26', '14.88']"
RESULTS:,7.95,7.43,9.33

OFFSETS ,"['42.52', '43.01', '40.41']"
GREENS ,"['27.57', '45.90', '2.84', '54.13']"
LAST_GREENS ,"['32.93', '18.26', '14.87']"
RESULTS:,8.10,7.61,8.33

OFFSETS ,"['25.37', '42.53', '40.41']"
GREENS ,"['40.89', '45.90', '2.14', '54.12']"
LAST_GREENS ,"['19.61', '18.96', '14.88']"
RESULTS:,8.28,7.62,9.33

OFFSETS ,"['26.48', '42.96', '40.41']"
GREENS ,"['40.58', '45.90', '2.17', '54.12']"
LAST_GREENS ,"['19.92', '18.93', '14.88']"
RESULTS:,9.03,8.15,8.67

OFFSETS ,"['42.52', '30.26', '40.41']"
GREENS ,"['27.86', '45.91', '2.25', '54.12']"
LAST_GREENS ,"['32.64', '18.84', '14.88']"
RESULTS:,9.21,8.27,7.33

OFFSETS ,"['43.21', '29.31', '40.50']"
GREENS ,"['40.37', '45.91', '3.89', '54.16']"
LAST_GREENS ,"['20.13', '17.20', '14.84']"
RESULTS:,10.54,9.75,7.67

OFFSETS ,"['25.92', '29.21', '40.50']"
GREENS ,"['28.06', '45.87', '3.93', '54.16']"
LAST_GREENS ,"['32.44', '17.20', '14.84']"
RESULTS:,10.71,9.86,7.00

OFFSETS ,"['42.52', '42.53', '40.41']"
GREENS ,"['40.89', '45.90', '2.81', '54.12']"
LAST_GREENS ,"['19.61', '18.29', '14.88']"
RESULTS:,7.95,7.43,9.33

OFFSETS ,"['42.52', '30.26', '40.41']"
GREENS ,"['27.84', '45.91', '2.84', '54.13']"
LAST_GREENS ,"['32.66', '18.25', '14.87']"
RESULTS:,9.37,8.51,7.33

OFFSETS ,"['42.51', '42.92', '40.41']"
GREENS ,"['40.58', '45.90', '2.17', '54.12']"
LAST_GREENS ,"['19.92', '18.93', '14.88']"
RESULTS:,7.95,7.43,9.33

OFFSETS ,"['42.91', '29.21', '40.49']"
GREENS ,"['28.05', '45.90', '3.92', '54.13']"
LAST_GREENS ,"['32.45', '17.17', '14.87']"
RESULTS:,10.34,9.53,7.67

OFFSETS ,"['42.38', '43.01', '40.41']"
GREENS ,"['27.57', '45.90', '2.80', '54.13']"
LAST_GREENS ,"['32.93', '18.29', '14.87']"
RESULTS:,8.10,7.61,8.33

OFFSETS ,"['42.52', '42.53', '40.41']"
GREENS ,"['40.89', '45.90', '2.84', '54.13']"
LAST_GREENS ,"['19.61', '18.26', '14.87']"
RESULTS:,7.95,7.43,9.33

OFFSETS ,"['42.52', '42.53', '40.41']"
GREENS ,"['40.89', '45.90', '3.89', '54.12']"
LAST_GREENS ,"['19.61', '17.21', '14.88']"
RESULTS:,8.79,8.24,9.00

OFFSETS ,"['42.52', '43.01', '40.41']"
GREENS ,"['27.57', '45.90', '2.25', '54.13']"
LAST_GREENS ,"['32.93', '18.84', '14.87']"
RESULTS:,8.10,7.61,8.33

OFFSETS ,"['42.52', '42.53', '40.41']"
GREENS ,"['40.89', '45.90', '2.84', '54.13']"
LAST_GREENS ,"['19.61', '18.26', '14.87']"
RESULTS:,7.95,7.43,9.33

OFFSETS ,"['42.52', '42.89', '40.41']"
GREENS ,"['40.87', '45.90', '2.80', '54.12']"
LAST_GREENS ,"['19.63', '18.29', '14.88']"
RESULTS:,8.10,7.61,8.33

OFFSETS ,"['43.42', '42.71', '40.41']"
GREENS ,"['40.89', '45.90', '3.96', '54.12']"
LAST_GREENS ,"['19.61', '17.14', '14.88']"
RESULTS:,9.09,8.53,8.33

OFFSETS ,"['42.52', '42.53', '40.41']"
GREENS ,"['40.89', '45.90', '2.84', '54.13']"
LAST_GREENS ,"['19.61', '18.26', '14.87']"
RESULTS:,7.95,7.43,9.33

OFFSETS ,"['42.52', '42.53', '40.41']"
GREENS ,"['40.95', '45.90', '2.12', '54.12']"
LAST_GREENS ,"['19.55', '18.98', '14.88']"
RESULTS:,7.98,7.47,9.00

OFFSETS ,"['42.51', '30.66', '40.41']"
GREENS ,"['40.88', '45.90', '2.81', '54.12']"
LAST_GREENS ,"['19.62', '18.29', '14.88']"
RESULTS:,9.37,8.51,7.33

OFFSETS ,"['25.92', '29.31', '40.41']"
GREENS ,"['40.37', '45.87', '3.95', '54.16']"
LAST_GREENS ,"['20.13', '17.18', '14.84']"
RESULTS:,10.71,9.86,7.00

OFFSETS ,"['42.51', '30.50', '40.41']"
GREENS ,"['27.81', '45.91', '2.15', '54.12']"
LAST_GREENS ,"['32.69', '18.95', '14.88']"
RESULTS:,9.21,8.27,7.33

OFFSETS ,"['42.51', '42.92', '40.41']"
GREENS ,"['40.58', '45.90', '2.17', '54.12']"
LAST_GREENS ,"['19.92', '18.93', '14.88']"
RESULTS:,7.95,7.43,9.33

OFFSETS ,"['42.39', '42.53', '40.41']"
GREENS ,"['42.67', '45.90', '2.14', '54.12']"
LAST_GREENS ,"['17.83', '18.96', '14.88']"
RESULTS:,8.58,8.00,9.00

OFFSETS ,"['42.59', '29.31', '40.50']"
GREENS ,"['40.37', '45.91', '3.99', '54.16']"
LAST_GREENS ,"['20.13', '17.10', '14.84']"
RESULTS:,10.83,10.08,7.33

OFFSETS ,"['42.52', '42.52', '40.41']"
GREENS ,"['27.57', '45.91', '2.25', '54.13']"
LAST_GREENS ,"['32.93', '18.84', '14.87']"
RESULTS:,7.98,7.47,9.00

OFFSETS ,"['42.52', '42.51', '40.41']"
GREENS ,"['28.02', '45.55', '2.29', '54.13']"
LAST_GREENS ,"['32.48', '19.16', '14.87']"
RESULTS:,7.98,7.47,9.00

OFFSETS ,"['25.22', '42.54', '40.41']"
GREENS ,"['27.55', '45.87', '2.24', '54.12']"
LAST_GREENS ,"['32.95', '18.88', '14.88']"
RESULTS:,8.28,7.62,9.33

OFFSETS ,"['42.52', '30.47', '40.41']"
GREENS ,"['40.89', '45.90', '2.15', '54.12']"
LAST_GREENS ,"['19.61', '18.95', '14.88']"
RESULTS:,9.47,8.49,7.67

OFFSETS ,"['42.52', '43.01', '40.41']"
GREENS ,"['27.57', '45.90', '2.84', '54.12']"
LAST_GREENS ,"['32.93', '18.26', '14.88']"
RESULTS:,8.10,7.61,8.33

OFFSETS ,"['42.51', '43.01', '40.41']"
GREENS ,"['27.93', '45.90', '2.84', '54.13']"
LAST_GREENS ,"['32.57', '18.26', '14.87']"
RESULTS:,8.10,7.61,8.33

OFFSETS ,"['26.15', '29.31', '40.50']"
GREENS ,"['40.06', '45.87', '2.89', '54.16']"
LAST_GREENS ,"['20.44', '18.24', '14.84']"
RESULTS:,10.38,9.24,7.67

OFFSETS ,"['42.51', '30.79', '40.41']"
GREENS ,"['41.34', '45.91', '2.15', '54.12']"
LAST_GREENS ,"['19.16', '18.95', '14.88']"
RESULTS:,9.47,8.49,7.67

OFFSETS ,"['42.51', '30.50', '40.41']"
GREENS ,"['27.81', '45.91', '2.15', '54.12']"
LAST_GREENS ,"['32.69', '18.95', '14.88']"
RESULTS:,9.21,8.27,7.33

OFFSETS ,"['42.52', '42.53', '40.41']"
GREENS ,"['40.89', '45.90', '2.80', '54.13']"
LAST_GREENS ,"['19.61', '18.30', '14.87']"
RESULTS:,7.95,7.43,9.33

OFFSETS ,"['24.28', '42.58', '40.41']"
GREENS ,"['40.90', '45.90', '2.14', '54.12']"
LAST_GREENS ,"['19.60', '18.95', '14.88']"
RESULTS:,8.43,7.70,9.00

OFFSETS ,"['42.52', '43.01', '40.41']"
GREENS ,"['40.73', '45.90', '2.86', '54.13']"
LAST_GREENS ,"['19.77', '18.23', '14.87']"
RESULTS:,8.60,7.98,9.00

OFFSETS ,"['42.51', '30.50', '44.07']"
GREENS ,"['27.81', '45.90', '2.13', '54.12']"
LAST_GREENS ,"['32.69', '18.97', '14.88']"
RESULTS:,9.95,9.08,8.00

OFFSETS ,"['42.52', '42.53', '40.41']"
GREENS ,"['28.31', '45.91', '2.84', '54.12']"
LAST_GREENS ,"['32.19', '18.25', '14.88']"
RESULTS:,7.95,7.43,9.33

OFFSETS ,"['25.92', '35.33', '40.41']"
GREENS ,"['40.37', '45.87', '2.18', '54.16']"
LAST_GREENS ,"['20.13', '18.96', '14.84']"
RESULTS:,9.22,8.38,9.00

OFFSETS ,"['42.52', '42.50', '40.41']"
GREENS ,"['40.89', '45.91', '2.86', '54.13']"
LAST_GREENS ,"['19.61', '18.24', '14.87']"
RESULTS:,7.95,7.43,9.33

OFFSETS ,"['42.51', '30.50', '40.41']"
GREENS ,"['42.45', '45.90', '2.80', '51.69']"
LAST_GREENS ,"['18.05', '18.30', '17.31']"
RESULTS:,10.11,9.13,7.67

OFFSETS ,"['42.52', '42.53', '40.41']"
GREENS ,"['40.89', '45.90', '2.80', '54.13']"
LAST_GREENS ,"['19.61', '18.30', '14.87']"
RESULTS:,7.95,7.43,9.33

OFFSETS ,"['42.52', '42.53', '40.41']"
GREENS ,"['40.89', '45.90', '2.13', '54.12']"
LAST_GREENS ,"['19.61', '18.96', '14.88']"
RESULTS:,7.98,7.47,9.00

OFFSETS ,"['42.52', '30.50', '40.41']"
GREENS ,"['27.81', '45.90', '2.78', '54.13']"
LAST_GREENS ,"['32.69', '18.31', '14.87']"
RESULTS:,9.37,8.51,7.33

OFFSETS ,"['25.92', '42.90', '40.41']"
GREENS ,"['39.88', '45.87', '3.87', '54.16']"
LAST_GREENS ,"['20.62', '17.26', '14.84']"
RESULTS:,9.84,8.77,11.00

OFFSETS ,"['42.51', '42.60', '40.41']"
GREENS ,"['27.43', '45.91', '2.14', '54.13']"
LAST_GREENS ,"['33.07', '18.95', '14.87']"
RESULTS:,7.98,7.47,9.00

OFFSETS ,"['42.51', '42.53', '40.41']"
GREENS ,"['40.91', '45.87', '2.14', '54.12']"
LAST_GREENS ,"['19.59', '18.99', '14.88']"
RESULTS:,7.98,7.47,9.00

OFFSETS ,"['25.92', '29.31', '40.41']"
GREENS ,"['40.36', '45.90', '3.95', '54.13']"
LAST_GREENS ,"['20.14', '17.15', '14.87']"
RESULTS:,10.71,9.86,7.00

OFFSETS ,"['42.52', '42.39', '40.41']"
GREENS ,"['28.32', '45.90', '2.13', '54.12']"
LAST_GREENS ,"['32.18', '18.96', '14.88']"
RESULTS:,7.98,7.47,9.00

OFFSETS ,"['42.52', '42.53', '40.41']"
GREENS ,"['41.67', '45.90', '2.14', '54.13']"
LAST_GREENS ,"['18.83', '18.95', '14.87']"
RESULTS:,7.98,7.47,9.00

OFFSETS ,"['42.52', '42.53', '40.41']"
GREENS ,"['40.89', '45.90', '2.15', '54.12']"
LAST_GREENS ,"['19.61', '18.95', '14.88']"
RESULTS:,7.98,7.47,9.00

OFFSETS ,"['42.52', '30.50', '40.41']"
GREENS ,"['27.81', '45.90', '2.13', '54.12']"
LAST_GREENS ,"['32.69', '18.97', '14.88']"
RESULTS:,9.21,8.27,7.33

OFFSETS ,"['25.92', '43.23', '40.41']"
GREENS ,"['40.89', '45.90', '3.95', '46.00']"
LAST_GREENS ,"['19.61', '17.15', '23.00']"
RESULTS:,15.39,13.60,9.00

OFFSETS ,"['42.51', '42.52', '40.41']"
GREENS ,"['40.89', '45.90', '2.86', '54.12']"
LAST_GREENS ,"['19.61', '18.24', '14.88']"
RESULTS:,7.95,7.43,9.33

OFFSETS ,"['42.52', '29.29', '40.41']"
GREENS ,"['40.91', '45.87', '2.17', '54.12']"
LAST_GREENS ,"['19.59', '18.96', '14.88']"
RESULTS:,9.70,8.73,7.67

OFFSETS ,"['42.52', '42.53', '40.41']"
GREENS ,"['27.43', '45.90', '2.13', '54.12']"
LAST_GREENS ,"['33.07', '18.96', '14.88']"
RESULTS:,7.98,7.47,9.00

OFFSETS ,"['42.52', '43.00', '40.41']"
GREENS ,"['19.39', '45.91', '2.98', '54.13']"
LAST_GREENS ,"['41.11', '18.11', '14.87']"
RESULTS:,8.34,7.68,9.33

OFFSETS ,"['42.52', '28.61', '40.41']"
GREENS ,"['40.37', '45.87', '2.14', '54.13']"
LAST_GREENS ,"['20.13', '18.99', '14.87']"
RESULTS:,10.24,9.21,7.67

OFFSETS ,"['25.92', '30.05', '40.41']"
GREENS ,"['40.37', '45.87', '2.58', '54.16']"
LAST_GREENS ,"['20.13', '18.55', '14.84']"
RESULTS:,9.76,8.65,7.67

OFFSETS ,"['25.81', '29.31', '40.41']"
GREENS ,"['40.37', '45.87', '3.95', '54.16']"
LAST_GREENS ,"['20.13', '17.18', '14.84']"
RESULTS:,10.71,9.86,7.00

OFFSETS ,"['42.52', '42.58', '40.41']"
GREENS ,"['27.44', '45.90', '2.13', '54.12']"
LAST_GREENS ,"['33.06', '18.97', '14.88']"
RESULTS:,7.98,7.47,9.00

OFFSETS ,"['42.52', '43.00', '40.41']"
GREENS ,"['27.74', '45.91', '2.14', '54.13']"
LAST_GREENS ,"['32.76', '18.95', '14.87']"
RESULTS:,8.10,7.61,8.33

OFFSETS ,"['42.52', '30.43', '40.41']"
GREENS ,"['27.80', '45.90', '2.13', '54.12']"
LAST_GREENS ,"['32.70', '18.96', '14.88']"
RESULTS:,9.21,8.27,7.33

OFFSETS ,"['25.92', '30.06', '40.41']"
GREENS ,"['40.37', '45.90', '3.95', '54.13']"
LAST_GREENS ,"['20.13', '17.15', '14.87']"
RESULTS:,9.77,8.77,7.67

OFFSETS ,"['42.51', '42.58', '40.41']"
GREENS ,"['40.89', '45.91', '2.86', '54.12']"
LAST_GREENS ,"['19.61', '18.24', '14.88']"
RESULTS:,7.95,7.43,9.33

OFFSETS ,"['42.52', '41.78', '40.41']"
GREENS ,"['40.91', '45.87', '2.17', '54.12']"
LAST_GREENS ,"['19.59', '18.96', '14.88']"
RESULTS:,7.93,7.44,8.33

OFFSETS ,"['26.45', '42.53', '40.41']"
GREENS ,"['40.37', '45.86', '2.15', '54.12']"
LAST_GREENS ,"['20.13', '18.99', '14.88']"
RESULTS:,8.34,7.73,8.67

OFFSETS ,"['41.11', '43.01', '43.00']"
GREENS ,"['27.43', '45.91', '2.13', '54.13']"
LAST_GREENS ,"['33.07', '18.96', '14.87']"
RESULTS:,8.12,7.56,10.33

OFFSETS ,"['42.52', '30.45', '40.41']"
GREENS ,"['27.93', '45.90', '2.13', '54.12']"
LAST_GREENS ,"['32.57', '18.96', '14.88']"
RESULTS:,9.21,8.27,7.33

OFFSETS ,"['42.52', '42.58', '40.41']"
GREENS ,"['27.00', '45.90', '2.86', '54.12']"
LAST_GREENS ,"['33.50', '18.24', '14.88']"
RESULTS:,7.95,7.43,9.33

OFFSETS ,"['25.32', '29.31', '40.41']"
GREENS ,"['40.37', '45.90', '4.03', '54.13']"
LAST_GREENS ,"['20.13', '17.07', '14.87']"
RESULTS:,10.71,9.86,7.00

OFFSETS ,"['42.52', '30.50', '40.41']"
GREENS ,"['27.80', '45.90', '2.13', '54.12']"
LAST_GREENS ,"['32.70', '18.96', '14.88']"
RESULTS:,9.21,8.27,7.33

OFFSETS ,"['41.99', '29.31', '40.41']"
GREENS ,"['40.89', '45.90', '3.95', '54.13']"
LAST_GREENS ,"['19.61', '17.14', '14.87']"
RESULTS:,11.56,10.98,8.00

OFFSETS ,"['42.52', '42.58', '40.41']"
GREENS ,"['40.89', '45.91', '2.86', '54.12']"
LAST_GREENS ,"['19.61', '18.24', '14.88']"
RESULTS:,7.95,7.43,9.33

OFFSETS ,"['42.52', '30.50', '40.41']"
GREENS ,"['27.81', '45.90', '2.13', '54.12']"
LAST_GREENS ,"['32.69', '18.96', '14.88']"
RESULTS:,9.21,8.27,7.33

OFFSETS ,"['25.70', '42.72', '40.41']"
GREENS ,"['27.72', '45.91', '2.15', '54.13']"
LAST_GREENS ,"['32.78', '18.95', '14.87']"
RESULTS:,9.13,8.35,10.00

OFFSETS ,"['42.52', '29.30', '40.41']"
GREENS ,"['28.09', '45.90', '2.20', '54.12']"
LAST_GREENS ,"['32.41', '18.90', '14.88']"
RESULTS:,9.70,8.73,7.67

OFFSETS ,"['42.52', '30.43', '40.41']"
GREENS ,"['40.95', '45.90', '2.13', '54.12']"
LAST_GREENS ,"['19.55', '18.97', '14.88']"
RESULTS:,9.47,8.49,7.67

OFFSETS ,"['42.52', '30.58', '40.41']"
GREENS ,"['27.87', '45.90', '2.15', '54.12']"
LAST_GREENS ,"['32.63', '18.95', '14.88']"
RESULTS:,9.21,8.27,7.33

OFFSETS ,"['25.92', '29.24', '40.41']"
GREENS ,"['40.65', '45.87', '3.95', '54.13']"
LAST_GREENS ,"['19.85', '17.18', '14.87']"
RESULTS:,9.81,8.64,7.67

OFFSETS ,"['25.81', '29.31', '40.34']"
GREENS ,"['40.17', '45.91', '2.17', '57.66']"
LAST_GREENS ,"['20.33', '18.92', '11.34']"
RESULTS:,11.66,10.88,9.00

OFFSETS ,"['41.92', '30.52', '40.41']"
GREENS ,"['27.93', '45.91', '2.13', '54.12']"
LAST_GREENS ,"['32.57', '18.96', '14.88']"
RESULTS:,9.60,8.73,7.67

OFFSETS ,"['25.93', '29.34', '40.41']"
GREENS ,"['28.02', '45.87', '3.95', '54.16']"
LAST_GREENS ,"['32.48', '17.18', '14.84']"
RESULTS:,10.71,9.86,7.00

OFFSETS ,"['42.52', '30.43', '40.41']"
GREENS ,"['40.07', '45.90', '2.15', '54.12']"
LAST_GREENS ,"['20.43', '18.95', '14.88']"
RESULTS:,9.47,8.49,7.67

OFFSETS ,"['42.52', '30.58', '40.41']"
GREENS ,"['27.87', '45.90', '2.20', '54.12']"
LAST_GREENS ,"['32.63', '18.90', '14.88']"
RESULTS:,9.21,8.27,7.33

OFFSETS ,"['42.52', '29.22', '31.94']"
GREENS ,"['41.10', '45.91', '2.15', '54.12']"
LAST_GREENS ,"['19.40', '18.94', '14.88']"
RESULTS:,9.08,8.31,8.00

OFFSETS ,"['42.52', '30.04', '40.41']"
GREENS ,"['40.52', '45.90', '2.13', '54.12']"
LAST_GREENS ,"['19.98', '18.97', '14.88']"
RESULTS:,9.21,8.27,7.33

OFFSETS ,"['25.93', '28.19', '40.41']"
GREENS ,"['28.40', '45.87', '3.95', '54.13']"
LAST_GREENS ,"['32.10', '17.18', '14.87']"
RESULTS:,10.99,9.93,7.67

OFFSETS ,"['42.52', '30.18', '40.41']"
GREENS ,"['28.13', '45.90', '2.16', '54.12']"
LAST_GREENS ,"['32.37', '18.94', '14.88']"
RESULTS:,9.21,8.27,7.33

OFFSETS ,"['42.52', '42.25', '40.41']"
GREENS ,"['28.19', '45.87', '2.17', '54.12']"
LAST_GREENS ,"['32.31', '18.96', '14.88']"
RESULTS:,8.65,8.05,9.67

OFFSETS ,"['25.92', '29.31', '40.41']"
GREENS ,"['40.30', '45.87', '3.95', '54.16']"
LAST_GREENS ,"['20.20', '17.18', '14.84']"
RESULTS:,10.71,9.86,7.00

OFFSETS ,"['25.83', '29.33', '40.41']"
GREENS ,"['27.87', '45.90', '2.15', '54.12']"
LAST_GREENS ,"['32.63', '18.95', '14.88']"
RESULTS:,9.90,8.78,7.67

OFFSETS ,"['25.77', '41.70', '40.41']"
GREENS ,"['41.10', '45.04', '2.15', '54.12']"
LAST_GREENS ,"['19.40', '19.81', '14.88']"
RESULTS:,8.87,8.01,9.33

OFFSETS ,"['42.52', '30.43', '40.41']"
GREENS ,"['28.13', '45.90', '2.15', '54.12']"
LAST_GREENS ,"['32.37', '18.95', '14.88']"
RESULTS:,9.21,8.27,7.33

OFFSETS ,"['42.36', '30.56', '40.41']"
GREENS ,"['28.02', '45.87', '2.15', '54.16']"
LAST_GREENS ,"['32.48', '18.98', '14.84']"
RESULTS:,9.21,8.27,7.33

OFFSETS ,"['42.52', '30.50', '40.41']"
GREENS ,"['27.84', '45.90', '2.13', '54.12']"
LAST_GREENS ,"['32.66', '18.96', '14.88']"
RESULTS:,9.21,8.27,7.33

OFFSETS ,"['42.52', '30.51', '40.41']"
GREENS ,"['28.16', '45.90', '2.15', '54.12']"
LAST_GREENS ,"['32.34', '18.95', '14.88']"
RESULTS:,9.21,8.27,7.33

OFFSETS ,"['26.03', '29.34', '31.76']"
GREENS ,"['28.16', '45.87', '2.17', '54.13']"
LAST_GREENS ,"['32.34', '18.96', '14.87']"
RESULTS:,8.84,8.03,7.67

OFFSETS ,"['25.81', '29.31', '40.41']"
GREENS ,"['27.92', '45.87', '2.16', '54.16']"
LAST_GREENS ,"['32.58', '18.97', '14.84']"
RESULTS:,9.90,8.78,7.67

OFFSETS ,"['42.52', '30.43', '40.41']"
GREENS ,"['27.96', '45.90', '2.15', '54.12']"
LAST_GREENS ,"['32.54', '18.95', '14.88']"
RESULTS:,9.21,8.27,7.33

OFFSETS ,"['25.93', '29.33', '40.41']"
GREENS ,"['28.16', '45.87', '3.95', '54.13']"
LAST_GREENS ,"['32.34', '17.18', '14.87']"
RESULTS:,10.71,9.86,7.00

OFFSETS ,"['42.52', '30.50', '40.41']"
GREENS ,"['27.80', '45.90', '2.15', '54.12']"
LAST_GREENS ,"['32.70', '18.95', '14.88']"
RESULTS:,9.21,8.27,7.33

OFFSETS ,"['41.21', '30.43', '31.87']"
GREENS ,"['40.27', '45.87', '2.15', '54.13']"
LAST_GREENS ,"['20.23', '18.98', '14.87']"
RESULTS:,8.32,7.75,7.67

OFFSETS ,"['42.36', '30.44', '40.41']"
GREENS ,"['28.16', '45.87', '2.15', '54.12']"
LAST_GREENS ,"['32.34', '18.98', '14.88']"
RESULTS:,9.21,8.27,7.33

OFFSETS ,"['42.52', '30.38', '40.41']"
GREENS ,"['28.16', '45.90', '2.16', '54.12']"
LAST_GREENS ,"['32.34', '18.94', '14.88']"
RESULTS:,9.21,8.27,7.33

OFFSETS ,"['26.77', '29.31', '40.35']"
GREENS ,"['28.02', '45.87', '3.95', '54.16']"
LAST_GREENS ,"['32.48', '17.18', '14.84']"
RESULTS:,11.03,9.97,7.33

OFFSETS ,"['42.52', '30.47', '40.41']"
GREENS ,"['28.13', '45.90', '3.96', '54.12']"
LAST_GREENS ,"['32.37', '17.14', '14.88']"
RESULTS:,10.04,9.50,7.33

OFFSETS ,"['41.22', '30.43', '40.37']"
GREENS ,"['28.16', '45.87', '2.15', '54.12']"
LAST_GREENS ,"['32.34', '18.98', '14.88']"
RESULTS:,9.58,8.68,7.33

OFFSETS ,"['25.93', '29.33', '40.41']"
GREENS ,"['28.16', '45.87', '3.98', '54.13']"
LAST_GREENS ,"['32.34', '17.15', '14.87']"
RESULTS:,10.71,9.86,7.00

OFFSETS ,"['41.19', '30.43', '40.41']"
GREENS ,"['28.21', '45.90', '2.16', '54.13']"
LAST_GREENS ,"['32.29', '18.94', '14.87']"
RESULTS:,9.58,8.68,7.33

OFFSETS ,"['42.52', '41.78', '40.41']"
GREENS ,"['40.97', '45.87', '3.93', '54.12']"
LAST_GREENS ,"['19.53', '17.20', '14.88']"
RESULTS:,10.03,9.68,9.67

OFFSETS ,"['42.52', '41.77', '40.41']"
GREENS ,"['39.89', '45.87', '2.16', '54.12']"
LAST_GREENS ,"['20.61', '18.98', '14.88']"
RESULTS:,7.93,7.44,8.33

OFFSETS ,"['42.52', '28.51', '40.41']"
GREENS ,"['28.17', '45.87', '2.16', '54.12']"
LAST_GREENS ,"['32.33', '18.97', '14.88']"
RESULTS:,10.24,9.21,7.67

OFFSETS ,"['25.96', '30.62', '40.41']"
GREENS ,"['40.37', '45.91', '3.84', '54.12']"
LAST_GREENS ,"['20.13', '17.25', '14.88']"
RESULTS:,11.75,10.68,8.00

OFFSETS ,"['42.61', '29.33', '40.41']"
GREENS ,"['28.13', '45.87', '2.12', '54.13']"
LAST_GREENS ,"['32.37', '19.01', '14.87']"
RESULTS:,9.70,8.73,7.67

OFFSETS ,"['41.21', '30.43', '32.44']"
GREENS ,"['28.16', '45.87', '2.13', '54.13']"
LAST_GREENS ,"['32.34', '19.00', '14.87']"
RESULTS:,8.76,8.18,8.00

OFFSETS ,"['26.04', '41.90', '40.41']"
GREENS ,"['28.16', '45.87', '2.16', '54.12']"
LAST_GREENS ,"['32.34', '18.97', '14.88']"
RESULTS:,8.99,8.11,9.00

OFFSETS ,"['25.93', '29.33', '40.41']"
GREENS ,"['28.16', '45.87', '3.95', '54.13']"
LAST_GREENS ,"['32.34', '17.19', '14.87']"
RESULTS:,10.71,9.86,7.00

OFFSETS ,"['42.76', '30.38', '40.41']"
GREENS ,"['28.16', '45.90', '2.09', '54.12']"
LAST_GREENS ,"['32.34', '19.00', '14.88']"
RESULTS:,9.69,8.83,7.67

OFFSETS ,"['42.52', '29.33', '40.41']"
GREENS ,"['28.16', '45.87', '2.15', '54.12']"
LAST_GREENS ,"['32.34', '18.99', '14.88']"
RESULTS:,9.70,8.73,7.67

OFFSETS ,"['42.52', '30.58', '40.41']"
GREENS ,"['28.15', '45.87', '2.17', '54.12']"
LAST_GREENS ,"['32.35', '18.96', '14.88']"
RESULTS:,9.21,8.27,7.33

OFFSETS ,"['42.40', '29.12', '40.41']"
GREENS ,"['28.16', '45.87', '3.95', '54.13']"
LAST_GREENS ,"['32.34', '17.18', '14.87']"
RESULTS:,10.24,9.46,7.33

OFFSETS ,"['25.93', '30.38', '40.41']"
GREENS ,"['28.16', '45.90', '3.95', '54.13']"
LAST_GREENS ,"['32.34', '17.15', '14.87']"
RESULTS:,11.75,10.68,8.00

OFFSETS ,"['25.93', '29.33', '40.41']"
GREENS ,"['28.16', '45.87', '3.95', '54.13']"
LAST_GREENS ,"['32.34', '17.18', '14.87']"
RESULTS:,10.71,9.86,7.00

OFFSETS ,"['25.93', '29.33', '40.41']"
GREENS ,"['28.16', '45.87', '3.95', '54.13']"
LAST_GREENS ,"['32.34', '17.18', '14.87']"
RESULTS:,10.71,9.86,7.00

OFFSETS ,"['40.72', '30.51', '31.87']"
GREENS ,"['28.16', '45.87', '2.15', '54.13']"
LAST_GREENS ,"['32.34', '18.98', '14.87']"
RESULTS:,9.04,8.48,7.67

OFFSETS ,"['41.36', '30.43', '31.56']"
GREENS ,"['28.16', '45.91', '1.99', '54.12']"
LAST_GREENS ,"['32.34', '19.10', '14.88']"
RESULTS:,8.32,7.75,7.67

OFFSETS ,"['42.52', '41.78', '40.41']"
GREENS ,"['40.91', '45.90', '2.15', '54.12']"
LAST_GREENS ,"['19.59', '18.95', '14.88']"
RESULTS:,7.93,7.44,8.33

OFFSETS ,"['42.53', '30.43', '40.31']"
GREENS ,"['28.16', '45.91', '2.17', '54.12']"
LAST_GREENS ,"['32.34', '18.92', '14.88']"
RESULTS:,9.21,8.27,7.33

OFFSETS ,"['25.93', '30.43', '40.41']"
GREENS ,"['28.16', '45.87', '3.95', '54.13']"
LAST_GREENS ,"['32.34', '17.18', '14.87']"
RESULTS:,11.75,10.68,8.00

OFFSETS ,"['26.55', '29.19', '40.41']"
GREENS ,"['40.95', '45.87', '3.97', '54.16']"
LAST_GREENS ,"['19.55', '17.17', '14.84']"
RESULTS:,11.03,9.97,7.33

OFFSETS ,"['42.64', '30.58', '40.41']"
GREENS ,"['28.16', '45.87', '2.14', '54.13']"
LAST_GREENS ,"['32.34', '18.99', '14.87']"
RESULTS:,9.21,8.27,7.33

