OFFSETS ,"['32.44', '28.98', '43.91']"
GREENS ,"['3.94', '30.01', '50.52', '32.17']"
LAST_GREENS ,['-1.00']
RESULTS:,10000000.00,10000000.00,10000000.00

OFFSETS ,"['43.85', '8.69', '40.93']"
GREENS ,"['18.50', '4.97', '35.81', '50.56']"
LAST_GREENS ,"['42.00', '26.22', '18.44']"
RESULTS:,157.35,95.58,122.00

OFFSETS ,"['2.79', '62.93', '49.52']"
GREENS ,"['36.85', '43.27', '66.04', '66.08']"
LAST_GREENS ,['-1.00']
RESULTS:,10000000.00,10000000.00,10000000.00

OFFSETS ,"['9.82', '22.59', '49.26']"
GREENS ,"['53.22', '38.24', '24.98', '39.13']"
LAST_GREENS ,"['7.28', '3.78', '29.87']"
RESULTS:,74.08,59.78,50.50

OFFSETS ,"['68.00', '40.45', '10.59']"
GREENS ,"['42.42', '6.24', '22.41', '3.57']"
LAST_GREENS ,"['18.08', '38.34', '65.43']"
RESULTS:,483.83,139.20,119.67

OFFSETS ,"['45.15', '56.58', '65.25']"
GREENS ,"['5.42', '40.56', '2.06', '47.27']"
LAST_GREENS ,"['55.08', '24.38', '21.73']"
RESULTS:,15.46,12.34,12.00

OFFSETS ,"['43.85', '8.69', '4.13']"
GREENS ,"['7.84', '23.05', '35.91', '22.17']"
LAST_GREENS ,"['52.66', '8.05', '46.83']"
RESULTS:,206.27,104.40,79.33

OFFSETS ,"['51.43', '22.63', '39.47']"
GREENS ,"['45.74', '59.60', '24.54', '62.66']"
LAST_GREENS ,['-1.00']
RESULTS:,10000000.00,10000000.00,10000000.00

OFFSETS ,"['45.26', '74.76', '4.25']"
GREENS ,"['8.01', '23.29', '23.38', '21.60']"
LAST_GREENS ,"['52.49', '20.32', '47.40']"
RESULTS:,173.38,81.85,78.00

OFFSETS ,"['0.07', '56.33', '39.88']"
GREENS ,"['14.87', '65.26', '35.84', '52.04']"
LAST_GREENS ,['-1.00']
RESULTS:,10000000.00,10000000.00,10000000.00

OFFSETS ,"['38.13', '63.80', '71.31']"
GREENS ,"['22.49', '27.65', '50.18', '11.94']"
LAST_GREENS ,['-1.00']
RESULTS:,10000000.00,10000000.00,10000000.00

OFFSETS ,"['45.15', '55.22', '65.25']"
GREENS ,"['7.75', '3.49', '2.71', '47.27']"
LAST_GREENS ,"['52.75', '60.80', '21.73']"
RESULTS:,425.45,132.50,123.00

OFFSETS ,"['18.29', '31.86', '71.61']"
GREENS ,"['12.86', '33.74', '49.79', '9.38']"
LAST_GREENS ,['-1.00']
RESULTS:,10000000.00,10000000.00,10000000.00

OFFSETS ,"['45.26', '74.76', '4.25']"
GREENS ,"['7.99', '23.29', '23.52', '19.74']"
LAST_GREENS ,"['52.51', '20.19', '49.26']"
RESULTS:,185.04,84.44,78.67

OFFSETS ,"['45.16', '56.33', '1.15']"
GREENS ,"['7.61', '40.56', '2.06', '47.27']"
LAST_GREENS ,"['52.89', '24.38', '21.73']"
RESULTS:,26.58,19.82,20.00

OFFSETS ,"['52.68', '28.55', '21.35']"
GREENS ,"['1.25', '27.23', '37.72', '3.17']"
LAST_GREENS ,"['59.25', '2.05', '65.83']"
RESULTS:,276.37,123.04,68.00

OFFSETS ,"['45.13', '48.39', '29.70']"
GREENS ,"['58.96', '40.35', '2.55', '6.40']"
LAST_GREENS ,"['1.54', '24.10', '62.60']"
RESULTS:,123.35,54.54,49.33

OFFSETS ,"['17.87', '74.66', '4.31']"
GREENS ,"['58.89', '32.47', '23.78', '6.34']"
LAST_GREENS ,"['1.61', '10.74', '62.66']"
RESULTS:,200.99,88.46,49.00

OFFSETS ,"['43.64', '27.55', '26.89']"
GREENS ,"['35.95', '28.58', '28.23', '47.37']"
LAST_GREENS ,"['24.55', '10.19', '21.63']"
RESULTS:,90.25,60.78,50.67

OFFSETS ,"['16.95', '39.89', '27.91']"
GREENS ,"['10.74', '28.58', '3.77', '18.21']"
LAST_GREENS ,"['49.76', '34.65', '50.79']"
RESULTS:,181.45,81.05,76.00

OFFSETS ,"['45.20', '39.21', '65.14']"
GREENS ,"['5.40', '40.56', '3.49', '37.94']"
LAST_GREENS ,"['55.10', '22.95', '31.06']"
RESULTS:,50.14,30.47,25.33

OFFSETS ,"['43.00', '22.13', '49.26']"
GREENS ,"['53.02', '38.24', '24.98', '38.83']"
LAST_GREENS ,"['7.48', '3.78', '30.17']"
RESULTS:,69.07,61.05,50.50

OFFSETS ,"['9.66', '55.92', '51.16']"
GREENS ,"['58.87', '38.24', '24.98', '6.02']"
LAST_GREENS ,"['1.63', '3.78', '62.98']"
RESULTS:,181.03,86.02,50.67

OFFSETS ,"['45.15', '55.89', '60.75']"
GREENS ,"['5.41', '38.23', '8.47', '47.27']"
LAST_GREENS ,"['55.09', '20.30', '21.73']"
RESULTS:,13.70,11.45,11.33

OFFSETS ,"['9.06', '57.02', '50.55']"
GREENS ,"['52.97', '40.57', '24.82', '39.13']"
LAST_GREENS ,"['7.53', '1.61', '29.87']"
RESULTS:,68.81,61.45,50.50

OFFSETS ,"['46.37', '48.65', '65.14']"
GREENS ,"['55.30', '32.26', '2.56', '7.28']"
LAST_GREENS ,"['5.20', '32.19', '61.72']"
RESULTS:,153.56,64.82,46.67

OFFSETS ,"['17.16', '55.92', '26.90']"
GREENS ,"['53.29', '35.29', '24.35', '38.42']"
LAST_GREENS ,"['7.21', '7.36', '30.58']"
RESULTS:,107.45,69.62,48.00

OFFSETS ,"['45.16', '55.07', '4.36']"
GREENS ,"['7.61', '40.56', '24.25', '47.27']"
LAST_GREENS ,"['52.89', '2.19', '21.73']"
RESULTS:,48.19,51.10,51.50

OFFSETS ,"['46.35', '56.08', '65.31']"
GREENS ,"['55.59', '32.08', '3.85', '46.52']"
LAST_GREENS ,"['4.91', '31.08', '22.48']"
RESULTS:,53.04,34.04,43.67

OFFSETS ,"['45.15', '56.08', '64.79']"
GREENS ,"['5.40', '40.56', '3.83', '47.27']"
LAST_GREENS ,"['55.10', '22.61', '21.73']"
RESULTS:,13.39,11.03,10.00

OFFSETS ,"['11.88', '56.35', '65.82']"
GREENS ,"['3.77', '40.62', '25.45', '47.57']"
LAST_GREENS ,"['56.73', '0.93', '21.43']"
RESULTS:,47.96,50.86,51.50

OFFSETS ,"['45.15', '55.89', '60.69']"
GREENS ,"['5.41', '38.23', '8.47', '47.27']"
LAST_GREENS ,"['55.09', '20.30', '21.73']"
RESULTS:,13.70,11.45,11.33

OFFSETS ,"['45.15', '56.22', '28.34']"
GREENS ,"['5.48', '40.58', '2.06', '49.73']"
LAST_GREENS ,"['55.02', '24.36', '19.27']"
RESULTS:,52.01,28.83,23.00

OFFSETS ,"['45.15', '54.56', '61.74']"
GREENS ,"['5.49', '39.08', '25.54', '47.15']"
LAST_GREENS ,"['55.01', '2.37', '21.85']"
RESULTS:,48.34,50.62,50.50

OFFSETS ,"['45.15', '56.08', '65.19']"
GREENS ,"['5.40', '40.56', '3.85', '47.27']"
LAST_GREENS ,"['55.10', '22.59', '21.73']"
RESULTS:,13.39,11.03,10.00

OFFSETS ,"['45.13', '54.56', '61.74']"
GREENS ,"['57.62', '40.45', '2.72', '47.15']"
LAST_GREENS ,"['2.88', '23.83', '21.85']"
RESULTS:,13.34,11.03,10.00

OFFSETS ,"['43.54', '56.08', '64.80']"
GREENS ,"['5.40', '40.56', '3.83', '47.27']"
LAST_GREENS ,"['55.10', '22.61', '21.73']"
RESULTS:,14.62,12.00,11.00

OFFSETS ,"['45.15', '55.88', '60.69']"
GREENS ,"['5.41', '41.26', '8.47', '47.27']"
LAST_GREENS ,"['55.09', '17.27', '21.73']"
RESULTS:,15.58,13.57,10.67

OFFSETS ,"['45.15', '56.08', '65.14']"
GREENS ,"['5.40', '40.56', '3.85', '47.27']"
LAST_GREENS ,"['55.10', '22.59', '21.73']"
RESULTS:,13.39,11.03,10.00

OFFSETS ,"['45.10', '39.77', '61.34']"
GREENS ,"['5.48', '40.58', '3.90', '49.91']"
LAST_GREENS ,"['55.02', '22.52', '19.09']"
RESULTS:,15.04,12.49,12.67

OFFSETS ,"['45.16', '56.33', '1.15']"
GREENS ,"['7.61', '40.56', '2.06', '47.27']"
LAST_GREENS ,"['52.89', '24.38', '21.73']"
RESULTS:,26.58,19.82,20.00

OFFSETS ,"['17.86', '55.54', '60.86']"
GREENS ,"['4.82', '40.57', '8.52', '47.83']"
LAST_GREENS ,"['55.68', '17.91', '21.17']"
RESULTS:,35.61,25.09,35.33

OFFSETS ,"['45.15', '35.28', '60.75']"
GREENS ,"['53.96', '40.66', '8.47', '47.86']"
LAST_GREENS ,"['6.54', '17.87', '21.14']"
RESULTS:,21.67,16.90,15.67

OFFSETS ,"['45.13', '54.56', '61.74']"
GREENS ,"['57.62', '41.18', '2.72', '47.15']"
LAST_GREENS ,"['2.88', '23.10', '21.85']"
RESULTS:,15.60,12.69,12.67

OFFSETS ,"['45.15', '56.08', '61.74']"
GREENS ,"['5.41', '41.15', '2.78', '47.27']"
LAST_GREENS ,"['55.09', '23.08', '21.73']"
RESULTS:,13.94,11.49,10.33

OFFSETS ,"['45.15', '56.08', '61.66']"
GREENS ,"['5.40', '40.56', '2.81', '47.27']"
LAST_GREENS ,"['55.10', '23.64', '21.73']"
RESULTS:,13.49,11.11,11.00

OFFSETS ,"['45.47', '57.03', '65.57']"
GREENS ,"['57.64', '40.45', '2.72', '47.15']"
LAST_GREENS ,"['2.86', '23.83', '21.85']"
RESULTS:,14.84,12.11,12.00

OFFSETS ,"['13.58', '57.04', '65.24']"
GREENS ,"['5.62', '40.55', '0.50', '47.57']"
LAST_GREENS ,"['54.88', '25.94', '21.43']"
RESULTS:,14.25,11.49,11.33

OFFSETS ,"['45.13', '54.56', '65.22']"
GREENS ,"['57.62', '40.45', '3.76', '47.15']"
LAST_GREENS ,"['2.88', '22.79', '21.85']"
RESULTS:,14.37,11.80,10.67

OFFSETS ,"['11.98', '57.01', '65.53']"
GREENS ,"['5.41', '40.60', '8.44', '47.56']"
LAST_GREENS ,"['55.09', '17.96', '21.44']"
RESULTS:,13.68,11.69,11.67

OFFSETS ,"['45.15', '56.06', '61.68']"
GREENS ,"['5.41', '40.56', '2.53', '47.27']"
LAST_GREENS ,"['55.09', '23.92', '21.73']"
RESULTS:,13.49,11.11,11.00

OFFSETS ,"['45.15', '56.08', '61.71']"
GREENS ,"['5.40', '40.56', '3.85', '47.27']"
LAST_GREENS ,"['55.10', '22.59', '21.73']"
RESULTS:,13.31,11.04,9.67

OFFSETS ,"['45.13', '56.12', '64.79']"
GREENS ,"['4.94', '40.56', '3.84', '47.15']"
LAST_GREENS ,"['55.56', '22.60', '21.85']"
RESULTS:,13.79,11.38,10.00

OFFSETS ,"['45.55', '35.35', '52.28']"
GREENS ,"['5.63', '38.23', '8.47', '47.54']"
LAST_GREENS ,"['54.87', '20.30', '21.46']"
RESULTS:,12.78,10.93,11.67

OFFSETS ,"['45.15', '56.08', '64.81']"
GREENS ,"['5.40', '40.56', '3.85', '47.27']"
LAST_GREENS ,"['55.10', '22.59', '21.73']"
RESULTS:,13.39,11.03,10.00

OFFSETS ,"['11.57', '57.04', '65.25']"
GREENS ,"['5.41', '40.56', '2.07', '47.57']"
LAST_GREENS ,"['55.09', '24.37', '21.43']"
RESULTS:,13.09,10.82,10.00

OFFSETS ,"['9.96', '56.95', '65.52']"
GREENS ,"['5.40', '40.56', '2.14', '47.57']"
LAST_GREENS ,"['55.10', '24.30', '21.43']"
RESULTS:,13.03,10.77,10.67

OFFSETS ,"['45.18', '56.08', '65.14']"
GREENS ,"['5.40', '40.56', '8.07', '47.57']"
LAST_GREENS ,"['55.10', '18.37', '21.43']"
RESULTS:,14.88,12.72,10.33

OFFSETS ,"['45.15', '56.08', '65.18']"
GREENS ,"['5.41', '42.28', '3.85', '47.27']"
LAST_GREENS ,"['55.09', '20.87', '21.73']"
RESULTS:,12.82,10.99,10.67

OFFSETS ,"['45.15', '57.00', '64.79']"
GREENS ,"['5.40', '40.56', '3.86', '47.27']"
LAST_GREENS ,"['55.10', '22.59', '21.73']"
RESULTS:,14.57,11.84,11.00

OFFSETS ,"['18.22', '57.04', '61.75']"
GREENS ,"['5.62', '40.56', '2.06', '47.57']"
LAST_GREENS ,"['54.88', '24.38', '21.43']"
RESULTS:,27.05,19.29,23.67

OFFSETS ,"['45.15', '56.08', '65.20']"
GREENS ,"['5.40', '40.56', '3.85', '47.27']"
LAST_GREENS ,"['55.10', '22.59', '21.73']"
RESULTS:,13.39,11.03,10.00

OFFSETS ,"['11.95', '57.04', '65.09']"
GREENS ,"['5.37', '40.56', '2.06', '47.57']"
LAST_GREENS ,"['55.13', '24.38', '21.43']"
RESULTS:,13.09,10.82,10.00

OFFSETS ,"['45.15', '56.08', '65.18']"
GREENS ,"['5.40', '40.56', '2.68', '47.27']"
LAST_GREENS ,"['55.10', '23.76', '21.73']"
RESULTS:,14.38,11.68,12.33

OFFSETS ,"['45.15', '56.08', '65.22']"
GREENS ,"['5.41', '42.28', '3.85', '47.27']"
LAST_GREENS ,"['55.09', '20.87', '21.73']"
RESULTS:,12.82,10.99,10.67

OFFSETS ,"['9.96', '57.66', '65.52']"
GREENS ,"['8.46', '40.56', '2.14', '47.57']"
LAST_GREENS ,"['52.04', '24.30', '21.43']"
RESULTS:,12.97,10.69,11.33

OFFSETS ,"['45.15', '56.08', '61.66']"
GREENS ,"['5.40', '40.56', '3.85', '47.27']"
LAST_GREENS ,"['55.10', '22.59', '21.73']"
RESULTS:,13.31,11.04,9.67

OFFSETS ,"['45.15', '56.08', '61.71']"
GREENS ,"['5.41', '40.61', '3.85', '47.54']"
LAST_GREENS ,"['55.09', '22.54', '21.46']"
RESULTS:,13.31,11.04,9.67

OFFSETS ,"['45.15', '54.53', '65.24']"
GREENS ,"['4.70', '40.45', '2.71', '47.27']"
LAST_GREENS ,"['55.80', '23.84', '21.73']"
RESULTS:,14.21,11.67,10.33

OFFSETS ,"['45.15', '56.94', '61.74']"
GREENS ,"['5.41', '42.35', '2.16', '47.27']"
LAST_GREENS ,"['55.09', '22.49', '21.73']"
RESULTS:,14.67,12.03,12.00

OFFSETS ,"['45.75', '56.14', '65.53']"
GREENS ,"['5.40', '38.23', '4.06', '47.28']"
LAST_GREENS ,"['55.10', '24.71', '21.72']"
RESULTS:,15.35,12.37,11.00

OFFSETS ,"['45.15', '56.08', '61.71']"
GREENS ,"['5.41', '42.35', '3.83', '47.27']"
LAST_GREENS ,"['55.09', '20.82', '21.73']"
RESULTS:,12.08,10.36,9.00

OFFSETS ,"['47.66', '56.06', '61.71']"
GREENS ,"['5.40', '40.56', '1.94', '47.57']"
LAST_GREENS ,"['55.10', '24.50', '21.43']"
RESULTS:,13.95,11.31,11.00

OFFSETS ,"['11.97', '57.04', '65.25']"
GREENS ,"['6.04', '40.56', '3.79', '47.57']"
LAST_GREENS ,"['54.46', '22.65', '21.43']"
RESULTS:,12.17,10.19,10.33

OFFSETS ,"['45.15', '56.08', '61.74']"
GREENS ,"['5.41', '42.35', '3.83', '47.28']"
LAST_GREENS ,"['55.09', '20.82', '21.72']"
RESULTS:,12.08,10.36,9.00

OFFSETS ,"['11.43', '56.08', '61.65']"
GREENS ,"['5.41', '42.42', '3.89', '47.55']"
LAST_GREENS ,"['55.09', '20.69', '21.45']"
RESULTS:,11.93,10.23,9.67

OFFSETS ,"['11.97', '56.95', '65.25']"
GREENS ,"['6.04', '40.56', '3.73', '47.57']"
LAST_GREENS ,"['54.46', '22.71', '21.43']"
RESULTS:,12.88,10.63,10.67

OFFSETS ,"['46.94', '56.08', '61.76']"
GREENS ,"['5.40', '40.56', '3.83', '47.56']"
LAST_GREENS ,"['55.10', '22.61', '21.44']"
RESULTS:,13.85,11.30,12.00

OFFSETS ,"['45.15', '56.08', '53.11']"
GREENS ,"['5.40', '40.50', '3.85', '47.27']"
LAST_GREENS ,"['55.10', '22.65', '21.73']"
RESULTS:,10.97,9.23,10.33

OFFSETS ,"['45.02', '56.08', '61.66']"
GREENS ,"['5.40', '40.56', '3.85', '47.27']"
LAST_GREENS ,"['55.10', '22.59', '21.73']"
RESULTS:,13.31,11.04,9.67

OFFSETS ,"['8.18', '56.08', '65.47']"
GREENS ,"['5.41', '42.35', '3.81', '47.29']"
LAST_GREENS ,"['55.09', '20.84', '21.71']"
RESULTS:,12.83,10.92,9.00

OFFSETS ,"['46.61', '56.04', '53.10']"
GREENS ,"['5.37', '40.74', '3.20', '47.54']"
LAST_GREENS ,"['55.13', '23.05', '21.46']"
RESULTS:,12.52,10.43,11.33

OFFSETS ,"['10.54', '57.08', '65.54']"
GREENS ,"['5.41', '42.17', '8.40', '47.57']"
LAST_GREENS ,"['55.09', '16.44', '21.43']"
RESULTS:,19.04,16.23,12.67

OFFSETS ,"['45.15', '56.08', '53.10']"
GREENS ,"['5.41', '42.35', '3.17', '47.27']"
LAST_GREENS ,"['55.09', '21.48', '21.73']"
RESULTS:,10.44,9.09,9.67

OFFSETS ,"['45.15', '56.08', '61.88']"
GREENS ,"['5.41', '42.35', '3.83', '47.27']"
LAST_GREENS ,"['55.09', '20.82', '21.73']"
RESULTS:,12.08,10.36,9.00

OFFSETS ,"['9.29', '57.07', '65.06']"
GREENS ,"['5.41', '42.16', '3.83', '47.28']"
LAST_GREENS ,"['55.09', '21.01', '21.72']"
RESULTS:,11.64,9.97,9.33

OFFSETS ,"['9.47', '57.06', '65.24']"
GREENS ,"['5.39', '42.39', '3.85', '47.27']"
LAST_GREENS ,"['55.11', '20.76', '21.73']"
RESULTS:,11.64,9.97,9.33

OFFSETS ,"['45.15', '56.08', '52.92']"
GREENS ,"['5.40', '42.30', '3.84', '47.27']"
LAST_GREENS ,"['55.10', '20.86', '21.73']"
RESULTS:,11.02,9.49,9.33

OFFSETS ,"['9.47', '56.07', '65.24']"
GREENS ,"['5.39', '42.39', '3.26', '47.27']"
LAST_GREENS ,"['55.11', '21.35', '21.73']"
RESULTS:,11.72,10.13,9.33

OFFSETS ,"['8.18', '56.08', '65.47']"
GREENS ,"['5.41', '42.35', '3.80', '47.29']"
LAST_GREENS ,"['55.09', '20.85', '21.71']"
RESULTS:,12.83,10.92,9.00

OFFSETS ,"['46.16', '56.08', '61.88']"
GREENS ,"['5.41', '42.35', '3.20', '47.27']"
LAST_GREENS ,"['55.09', '21.45', '21.73']"
RESULTS:,12.37,10.61,10.67

OFFSETS ,"['45.15', '56.08', '52.92']"
GREENS ,"['5.40', '42.30', '2.53', '47.27']"
LAST_GREENS ,"['55.10', '22.17', '21.73']"
RESULTS:,10.94,9.42,10.33

OFFSETS ,"['10.33', '56.08', '53.10']"
GREENS ,"['5.41', '42.35', '3.19', '47.54']"
LAST_GREENS ,"['55.09', '21.46', '21.46']"
RESULTS:,10.49,9.19,10.00

OFFSETS ,"['11.33', '57.03', '52.85']"
GREENS ,"['5.41', '42.35', '3.83', '47.54']"
LAST_GREENS ,"['55.09', '20.81', '21.46']"
RESULTS:,11.74,10.09,10.00

OFFSETS ,"['45.58', '56.08', '61.56']"
GREENS ,"['5.40', '42.35', '3.81', '46.62']"
LAST_GREENS ,"['55.10', '20.84', '22.38']"
RESULTS:,12.49,10.60,10.00

OFFSETS ,"['45.15', '56.08', '53.07']"
GREENS ,"['5.40', '42.27', '3.84', '47.52']"
LAST_GREENS ,"['55.10', '20.88', '21.48']"
RESULTS:,11.02,9.49,9.33

OFFSETS ,"['8.03', '56.08', '61.74']"
GREENS ,"['5.41', '42.35', '3.81', '51.54']"
LAST_GREENS ,"['55.09', '20.84', '17.46']"
RESULTS:,9.68,8.52,9.33

OFFSETS ,"['45.15', '56.08', '52.97']"
GREENS ,"['5.40', '42.30', '3.19', '47.53']"
LAST_GREENS ,"['55.10', '21.50', '21.47']"
RESULTS:,10.44,9.09,9.67

OFFSETS ,"['8.41', '56.08', '61.74']"
GREENS ,"['5.41', '42.30', '3.81', '47.31']"
LAST_GREENS ,"['55.09', '20.89', '21.69']"
RESULTS:,11.64,10.09,10.00

OFFSETS ,"['45.15', '56.08', '61.88']"
GREENS ,"['5.41', '42.35', '3.83', '47.28']"
LAST_GREENS ,"['55.09', '20.82', '21.72']"
RESULTS:,12.08,10.36,9.00

OFFSETS ,"['45.15', '56.08', '61.70']"
GREENS ,"['5.40', '42.30', '3.82', '47.44']"
LAST_GREENS ,"['55.10', '20.88', '21.56']"
RESULTS:,12.08,10.36,9.00

OFFSETS ,"['8.41', '56.08', '61.74']"
GREENS ,"['5.41', '42.35', '3.81', '51.53']"
LAST_GREENS ,"['55.09', '20.84', '17.47']"
RESULTS:,9.68,8.52,9.33

OFFSETS ,"['11.33', '56.08', '61.66']"
GREENS ,"['5.41', '42.35', '3.20', '47.54']"
LAST_GREENS ,"['55.09', '21.45', '21.46']"
RESULTS:,11.93,10.23,9.67

OFFSETS ,"['45.15', '56.08', '61.86']"
GREENS ,"['5.40', '42.35', '3.83', '47.27']"
LAST_GREENS ,"['55.10', '20.82', '21.73']"
RESULTS:,12.08,10.36,9.00

OFFSETS ,"['8.90', '56.08', '61.74']"
GREENS ,"['5.41', '42.35', '3.83', '51.64']"
LAST_GREENS ,"['55.09', '20.82', '17.36']"
RESULTS:,9.48,8.34,9.33

OFFSETS ,"['45.15', '56.08', '61.86']"
GREENS ,"['5.41', '42.35', '3.83', '47.27']"
LAST_GREENS ,"['55.09', '20.82', '21.73']"
RESULTS:,12.08,10.36,9.00

OFFSETS ,"['51.86', '55.22', '52.92']"
GREENS ,"['5.41', '43.59', '3.83', '46.50']"
LAST_GREENS ,"['55.09', '19.57', '22.50']"
RESULTS:,12.14,10.47,10.33

OFFSETS ,"['6.18', '56.08', '61.88']"
GREENS ,"['5.41', '42.30', '3.84', '52.30']"
LAST_GREENS ,"['55.09', '20.85', '16.70']"
RESULTS:,9.58,8.59,9.33

OFFSETS ,"['8.90', '56.08', '61.74']"
GREENS ,"['5.41', '42.30', '3.83', '51.64']"
LAST_GREENS ,"['55.09', '20.87', '17.36']"
RESULTS:,9.48,8.34,9.33

OFFSETS ,"['6.18', '56.08', '61.88']"
GREENS ,"['5.41', '42.30', '3.81', '52.30']"
LAST_GREENS ,"['55.09', '20.89', '16.70']"
RESULTS:,9.58,8.59,9.33

OFFSETS ,"['45.15', '56.08', '52.94']"
GREENS ,"['5.40', '42.35', '3.84', '47.28']"
LAST_GREENS ,"['55.10', '20.81', '21.72']"
RESULTS:,11.02,9.49,9.33

OFFSETS ,"['44.41', '56.08', '61.71']"
GREENS ,"['5.41', '42.35', '3.85', '47.27']"
LAST_GREENS ,"['55.09', '20.80', '21.73']"
RESULTS:,13.78,11.56,10.67

OFFSETS ,"['6.18', '56.08', '61.88']"
GREENS ,"['5.41', '42.30', '3.84', '52.30']"
LAST_GREENS ,"['55.09', '20.85', '16.70']"
RESULTS:,9.58,8.59,9.33

OFFSETS ,"['45.15', '56.08', '61.69']"
GREENS ,"['5.41', '42.35', '3.21', '46.49']"
LAST_GREENS ,"['55.09', '21.44', '22.51']"
RESULTS:,13.93,11.74,11.00

OFFSETS ,"['45.15', '56.08', '61.88']"
GREENS ,"['5.41', '42.35', '3.83', '46.54']"
LAST_GREENS ,"['55.09', '20.82', '22.46']"
RESULTS:,13.93,11.74,11.00

OFFSETS ,"['45.15', '56.08', '52.92']"
GREENS ,"['5.40', '42.35', '3.84', '46.50']"
LAST_GREENS ,"['55.10', '20.81', '22.50']"
RESULTS:,11.30,9.74,9.00

OFFSETS ,"['45.15', '56.08', '62.12']"
GREENS ,"['5.40', '42.30', '3.82', '47.44']"
LAST_GREENS ,"['55.10', '20.88', '21.56']"
RESULTS:,12.08,10.36,9.00

OFFSETS ,"['8.90', '56.08', '61.74']"
GREENS ,"['5.41', '42.35', '3.83', '51.64']"
LAST_GREENS ,"['55.09', '20.82', '17.36']"
RESULTS:,9.48,8.34,9.33

OFFSETS ,"['45.15', '56.08', '52.60']"
GREENS ,"['5.40', '42.38', '3.84', '47.50']"
LAST_GREENS ,"['55.10', '20.78', '21.50']"
RESULTS:,11.05,9.53,10.00

OFFSETS ,"['45.15', '56.08', '52.94']"
GREENS ,"['5.41', '42.35', '3.83', '46.50']"
LAST_GREENS ,"['55.09', '20.82', '22.50']"
RESULTS:,11.30,9.74,9.00

OFFSETS ,"['45.95', '56.08', '52.74']"
GREENS ,"['5.40', '42.35', '3.84', '46.50']"
LAST_GREENS ,"['55.10', '20.81', '22.50']"
RESULTS:,12.19,10.35,10.67

OFFSETS ,"['45.15', '56.08', '52.81']"
GREENS ,"['5.40', '42.35', '3.84', '46.50']"
LAST_GREENS ,"['55.10', '20.81', '22.50']"
RESULTS:,11.30,9.74,9.00

OFFSETS ,"['46.66', '56.08', '61.89']"
GREENS ,"['5.40', '42.35', '3.84', '46.50']"
LAST_GREENS ,"['55.10', '20.81', '22.50']"
RESULTS:,15.18,12.63,13.00

OFFSETS ,"['8.41', '56.08', '61.74']"
GREENS ,"['5.41', '42.30', '3.81', '52.30']"
LAST_GREENS ,"['55.09', '20.89', '16.70']"
RESULTS:,9.82,8.72,8.67

OFFSETS ,"['8.90', '56.08', '61.74']"
GREENS ,"['5.41', '42.31', '3.83', '51.64']"
LAST_GREENS ,"['55.09', '20.87', '17.36']"
RESULTS:,9.48,8.34,9.33

OFFSETS ,"['8.14', '56.08', '52.92']"
GREENS ,"['5.41', '30.46', '3.84', '51.36']"
LAST_GREENS ,"['55.09', '32.69', '17.64']"
RESULTS:,55.27,33.53,46.00

OFFSETS ,"['8.75', '56.08', '52.60']"
GREENS ,"['5.41', '42.31', '3.84', '52.30']"
LAST_GREENS ,"['55.09', '20.85', '16.70']"
RESULTS:,9.80,8.55,10.33

OFFSETS ,"['8.84', '56.08', '61.74']"
GREENS ,"['5.41', '42.30', '3.81', '52.30']"
LAST_GREENS ,"['55.09', '20.89', '16.70']"
RESULTS:,10.02,8.86,9.33

OFFSETS ,"['8.41', '56.08', '61.74']"
GREENS ,"['5.41', '42.30', '3.81', '52.30']"
LAST_GREENS ,"['55.09', '20.89', '16.70']"
RESULTS:,9.82,8.72,8.67

OFFSETS ,"['8.14', '56.08', '52.92']"
GREENS ,"['5.40', '42.30', '3.84', '52.32']"
LAST_GREENS ,"['55.10', '20.86', '16.68']"
RESULTS:,9.12,8.01,10.33

OFFSETS ,"['9.15', '56.08', '61.74']"
GREENS ,"['5.41', '42.31', '3.85', '51.64']"
LAST_GREENS ,"['55.09', '20.85', '17.36']"
RESULTS:,9.48,8.34,9.33

OFFSETS ,"['43.69', '56.08', '52.72']"
GREENS ,"['5.41', '42.30', '3.83', '52.30']"
LAST_GREENS ,"['55.09', '20.87', '16.70']"
RESULTS:,10.11,8.82,10.00

OFFSETS ,"['8.34', '56.08', '61.74']"
GREENS ,"['5.41', '42.31', '3.81', '52.30']"
LAST_GREENS ,"['55.09', '20.88', '16.70']"
RESULTS:,9.82,8.72,8.67

OFFSETS ,"['5.37', '56.08', '52.92']"
GREENS ,"['5.41', '42.35', '3.84', '51.41']"
LAST_GREENS ,"['55.09', '20.81', '17.59']"
RESULTS:,9.66,8.63,10.33

OFFSETS ,"['7.98', '56.08', '53.10']"
GREENS ,"['5.41', '42.30', '3.84', '52.30']"
LAST_GREENS ,"['55.09', '20.86', '16.70']"
RESULTS:,9.12,8.01,10.33

OFFSETS ,"['8.03', '56.08', '61.77']"
GREENS ,"['5.41', '42.35', '3.81', '52.30']"
LAST_GREENS ,"['55.09', '20.84', '16.70']"
RESULTS:,9.87,8.79,8.67

OFFSETS ,"['7.98', '56.08', '53.33']"
GREENS ,"['5.41', '42.35', '3.84', '51.64']"
LAST_GREENS ,"['55.09', '20.81', '17.36']"
RESULTS:,9.06,8.01,9.33

OFFSETS ,"['8.41', '56.08', '61.74']"
GREENS ,"['5.41', '42.35', '3.83', '51.63']"
LAST_GREENS ,"['55.09', '20.82', '17.37']"
RESULTS:,9.68,8.52,9.33

OFFSETS ,"['8.16', '56.08', '61.74']"
GREENS ,"['5.41', '42.35', '3.81', '52.33']"
LAST_GREENS ,"['55.09', '20.84', '16.67']"
RESULTS:,9.82,8.72,8.67

OFFSETS ,"['7.98', '56.08', '61.95']"
GREENS ,"['5.41', '42.35', '3.84', '51.41']"
LAST_GREENS ,"['55.09', '20.81', '17.59']"
RESULTS:,10.06,8.88,9.33

OFFSETS ,"['8.40', '56.08', '61.85']"
GREENS ,"['5.41', '42.35', '3.81', '52.30']"
LAST_GREENS ,"['55.09', '20.84', '16.70']"
RESULTS:,9.87,8.79,8.67

OFFSETS ,"['7.98', '56.08', '61.88']"
GREENS ,"['5.41', '42.31', '3.81', '51.41']"
LAST_GREENS ,"['55.09', '20.88', '17.59']"
RESULTS:,10.06,8.88,9.33

OFFSETS ,"['8.41', '56.08', '61.74']"
GREENS ,"['5.55', '42.30', '3.81', '52.30']"
LAST_GREENS ,"['54.95', '20.89', '16.70']"
RESULTS:,9.82,8.72,8.67

OFFSETS ,"['8.41', '56.08', '61.79']"
GREENS ,"['5.41', '42.30', '3.81', '52.29']"
LAST_GREENS ,"['55.09', '20.89', '16.71']"
RESULTS:,9.87,8.79,8.67

OFFSETS ,"['5.42', '56.08', '61.88']"
GREENS ,"['5.41', '42.34', '3.81', '52.30']"
LAST_GREENS ,"['55.09', '20.85', '16.70']"
RESULTS:,9.45,8.44,9.00

OFFSETS ,"['7.99', '56.08', '53.31']"
GREENS ,"['5.41', '42.35', '3.83', '51.43']"
LAST_GREENS ,"['55.09', '20.83', '17.57']"
RESULTS:,9.06,8.01,9.33

OFFSETS ,"['8.16', '56.08', '52.90']"
GREENS ,"['5.41', '42.35', '3.81', '52.36']"
LAST_GREENS ,"['55.09', '20.84', '16.64']"
RESULTS:,9.12,8.01,10.33

OFFSETS ,"['8.34', '56.08', '61.74']"
GREENS ,"['5.55', '42.31', '3.81', '52.30']"
LAST_GREENS ,"['54.95', '20.88', '16.70']"
RESULTS:,9.82,8.72,8.67

OFFSETS ,"['5.42', '56.08', '61.85']"
GREENS ,"['5.41', '42.35', '3.84', '52.30']"
LAST_GREENS ,"['55.09', '20.81', '16.70']"
RESULTS:,9.45,8.44,9.00

OFFSETS ,"['8.53', '56.08', '53.10']"
GREENS ,"['5.41', '42.30', '3.84', '52.30']"
LAST_GREENS ,"['55.09', '20.85', '16.70']"
RESULTS:,8.72,7.71,9.67

OFFSETS ,"['8.14', '56.08', '61.74']"
GREENS ,"['5.41', '42.30', '3.84', '52.30']"
LAST_GREENS ,"['55.09', '20.86', '16.70']"
RESULTS:,9.82,8.72,8.67

OFFSETS ,"['7.87', '56.08', '53.31']"
GREENS ,"['5.41', '42.35', '3.83', '51.41']"
LAST_GREENS ,"['55.09', '20.83', '17.59']"
RESULTS:,9.06,8.01,9.33

OFFSETS ,"['8.41', '56.08', '61.87']"
GREENS ,"['5.41', '42.35', '3.84', '52.40']"
LAST_GREENS ,"['55.09', '20.81', '16.60']"
RESULTS:,9.87,8.79,8.67

OFFSETS ,"['8.41', '56.08', '52.92']"
GREENS ,"['5.40', '42.35', '3.81', '51.44']"
LAST_GREENS ,"['55.10', '20.84', '17.56']"
RESULTS:,9.40,8.24,10.67

OFFSETS ,"['5.65', '56.08', '61.88']"
GREENS ,"['5.41', '42.35', '3.81', '52.30']"
LAST_GREENS ,"['55.09', '20.84', '16.70']"
RESULTS:,9.45,8.44,9.00

OFFSETS ,"['7.97', '56.08', '52.98']"
GREENS ,"['5.41', '42.30', '3.81', '51.42']"
LAST_GREENS ,"['55.09', '20.88', '17.58']"
RESULTS:,9.06,8.01,9.33

OFFSETS ,"['8.14', '56.08', '53.09']"
GREENS ,"['5.40', '42.35', '3.81', '51.44']"
LAST_GREENS ,"['55.10', '20.84', '17.56']"
RESULTS:,9.06,8.01,9.33

OFFSETS ,"['5.53', '56.08', '61.88']"
GREENS ,"['4.76', '42.35', '3.84', '52.30']"
LAST_GREENS ,"['55.74', '20.81', '16.70']"
RESULTS:,9.45,8.44,9.00

OFFSETS ,"['8.00', '56.08', '53.31']"
GREENS ,"['5.41', '42.35', '3.83', '51.42']"
LAST_GREENS ,"['55.09', '20.83', '17.58']"
RESULTS:,9.06,8.01,9.33

OFFSETS ,"['8.14', '56.08', '53.09']"
GREENS ,"['5.40', '42.35', '3.84', '51.44']"
LAST_GREENS ,"['55.10', '20.81', '17.56']"
RESULTS:,9.06,8.01,9.33

OFFSETS ,"['8.09', '56.08', '61.74']"
GREENS ,"['5.43', '42.35', '3.84', '52.30']"
LAST_GREENS ,"['55.07', '20.81', '16.70']"
RESULTS:,9.82,8.72,8.67

OFFSETS ,"['8.14', '56.08', '53.00']"
GREENS ,"['5.40', '42.35', '3.81', '51.44']"
LAST_GREENS ,"['55.10', '20.84', '17.56']"
RESULTS:,9.06,8.01,9.33

OFFSETS ,"['8.13', '56.08', '61.74']"
GREENS ,"['5.41', '42.30', '3.84', '52.30']"
LAST_GREENS ,"['55.09', '20.86', '16.70']"
RESULTS:,9.82,8.72,8.67

OFFSETS ,"['7.98', '56.08', '52.92']"
GREENS ,"['5.41', '42.35', '3.81', '51.41']"
LAST_GREENS ,"['55.09', '20.84', '17.59']"
RESULTS:,9.06,8.01,9.33

OFFSETS ,"['5.42', '56.08', '61.84']"
GREENS ,"['5.41', '42.34', '3.81', '51.67']"
LAST_GREENS ,"['55.09', '20.84', '17.33']"
RESULTS:,10.19,9.03,9.33

OFFSETS ,"['7.98', '56.08', '53.31']"
GREENS ,"['5.41', '42.35', '3.84', '51.41']"
LAST_GREENS ,"['55.09', '20.81', '17.59']"
RESULTS:,9.06,8.01,9.33

OFFSETS ,"['7.98', '56.08', '53.03']"
GREENS ,"['5.41', '42.35', '3.84', '51.41']"
LAST_GREENS ,"['55.09', '20.81', '17.59']"
RESULTS:,9.06,8.01,9.33

OFFSETS ,"['8.34', '56.08', '61.74']"
GREENS ,"['5.40', '42.30', '3.81', '52.30']"
LAST_GREENS ,"['55.10', '20.89', '16.70']"
RESULTS:,9.82,8.72,8.67

OFFSETS ,"['7.98', '56.08', '53.03']"
GREENS ,"['5.41', '42.35', '3.84', '51.41']"
LAST_GREENS ,"['55.09', '20.81', '17.59']"
RESULTS:,9.06,8.01,9.33

OFFSETS ,"['8.08', '56.08', '61.88']"
GREENS ,"['5.41', '42.31', '3.84', '52.30']"
LAST_GREENS ,"['55.09', '20.85', '16.70']"
RESULTS:,9.87,8.79,8.67

OFFSETS ,"['8.41', '56.08', '61.42']"
GREENS ,"['5.41', '42.30', '3.81', '52.32']"
LAST_GREENS ,"['55.09', '20.89', '16.68']"
RESULTS:,9.82,8.72,8.67

OFFSETS ,"['8.38', '56.08', '53.00']"
GREENS ,"['5.41', '42.30', '3.81', '52.30']"
LAST_GREENS ,"['55.09', '20.89', '16.70']"
RESULTS:,8.72,7.71,9.67

OFFSETS ,"['8.14', '56.08', '52.88']"
GREENS ,"['5.40', '42.30', '3.84', '51.44']"
LAST_GREENS ,"['55.10', '20.86', '17.56']"
RESULTS:,9.06,8.01,9.33

OFFSETS ,"['8.34', '56.08', '53.10']"
GREENS ,"['5.41', '42.30', '3.84', '52.30']"
LAST_GREENS ,"['55.09', '20.85', '16.70']"
RESULTS:,8.72,7.71,9.67

OFFSETS ,"['8.14', '56.08', '53.09']"
GREENS ,"['5.40', '42.35', '3.84', '51.44']"
LAST_GREENS ,"['55.10', '20.81', '17.56']"
RESULTS:,9.06,8.01,9.33

OFFSETS ,"['8.14', '56.08', '53.09']"
GREENS ,"['5.40', '42.35', '3.81', '51.41']"
LAST_GREENS ,"['55.10', '20.84', '17.59']"
RESULTS:,9.06,8.01,9.33

OFFSETS ,"['5.53', '56.08', '61.88']"
GREENS ,"['5.41', '42.35', '3.81', '52.30']"
LAST_GREENS ,"['55.09', '20.84', '16.70']"
RESULTS:,9.45,8.44,9.00

OFFSETS ,"['7.98', '56.08', '53.19']"
GREENS ,"['5.41', '42.30', '3.81', '51.41']"
LAST_GREENS ,"['55.09', '20.89', '17.59']"
RESULTS:,9.06,8.01,9.33

OFFSETS ,"['8.32', '56.08', '61.95']"
GREENS ,"['5.55', '42.31', '3.81', '51.32']"
LAST_GREENS ,"['54.95', '20.88', '17.68']"
RESULTS:,9.68,8.52,9.33

OFFSETS ,"['8.38', '56.08', '53.10']"
GREENS ,"['5.41', '42.30', '3.81', '52.30']"
LAST_GREENS ,"['55.09', '20.89', '16.70']"
RESULTS:,8.72,7.71,9.67

OFFSETS ,"['8.34', '56.08', '61.68']"
GREENS ,"['5.41', '42.30', '3.84', '52.30']"
LAST_GREENS ,"['55.09', '20.85', '16.70']"
RESULTS:,9.82,8.72,8.67

OFFSETS ,"['8.17', '56.08', '53.14']"
GREENS ,"['5.41', '42.30', '3.81', '52.29']"
LAST_GREENS ,"['55.09', '20.89', '16.71']"
RESULTS:,9.12,8.01,10.33

OFFSETS ,"['5.50', '56.08', '61.88']"
GREENS ,"['5.41', '42.35', '3.81', '52.30']"
LAST_GREENS ,"['55.09', '20.84', '16.70']"
RESULTS:,9.45,8.44,9.00

OFFSETS ,"['8.53', '56.08', '53.03']"
GREENS ,"['5.41', '42.30', '3.84', '51.43']"
LAST_GREENS ,"['55.09', '20.86', '17.57']"
RESULTS:,9.40,8.24,10.67

OFFSETS ,"['8.16', '56.08', '61.74']"
GREENS ,"['5.41', '42.35', '3.81', '52.33']"
LAST_GREENS ,"['55.09', '20.84', '16.67']"
RESULTS:,9.82,8.72,8.67

OFFSETS ,"['8.34', '56.08', '53.10']"
GREENS ,"['5.41', '42.30', '3.81', '52.30']"
LAST_GREENS ,"['55.09', '20.89', '16.70']"
RESULTS:,8.72,7.71,9.67

OFFSETS ,"['8.34', '56.08', '61.74']"
GREENS ,"['5.41', '42.31', '3.81', '52.30']"
LAST_GREENS ,"['55.09', '20.88', '16.70']"
RESULTS:,9.82,8.72,8.67

OFFSETS ,"['8.41', '56.08', '61.42']"
GREENS ,"['5.41', '42.30', '3.84', '52.32']"
LAST_GREENS ,"['55.09', '20.86', '16.68']"
RESULTS:,9.82,8.72,8.67

OFFSETS ,"['8.41', '56.08', '61.42']"
GREENS ,"['5.41', '42.35', '3.81', '52.30']"
LAST_GREENS ,"['55.09', '20.84', '16.70']"
RESULTS:,9.82,8.72,8.67

OFFSETS ,"['8.33', '56.08', '53.02']"
GREENS ,"['5.41', '42.30', '3.81', '52.36']"
LAST_GREENS ,"['55.09', '20.89', '16.64']"
RESULTS:,8.72,7.71,9.67

OFFSETS ,"['8.35', '56.08', '61.74']"
GREENS ,"['5.41', '42.30', '3.81', '51.38']"
LAST_GREENS ,"['55.09', '20.89', '17.62']"
RESULTS:,9.68,8.52,9.33

OFFSETS ,"['5.53', '56.08', '61.88']"
GREENS ,"['5.41', '42.30', '3.84', '52.32']"
LAST_GREENS ,"['55.09', '20.86', '16.68']"
RESULTS:,9.45,8.44,9.00

OFFSETS ,"['5.53', '56.08', '61.88']"
GREENS ,"['5.41', '42.35', '3.81', '52.30']"
LAST_GREENS ,"['55.09', '20.84', '16.70']"
RESULTS:,9.45,8.44,9.00

OFFSETS ,"['8.34', '56.08', '53.10']"
GREENS ,"['5.41', '42.30', '3.84', '52.32']"
LAST_GREENS ,"['55.09', '20.86', '16.68']"
RESULTS:,8.72,7.71,9.67

OFFSETS ,"['8.34', '56.08', '61.43']"
GREENS ,"['5.41', '42.30', '3.81', '51.41']"
LAST_GREENS ,"['55.09', '20.89', '17.59']"
RESULTS:,9.68,8.52,9.33

OFFSETS ,"['8.34', '56.08', '61.70']"
GREENS ,"['5.41', '42.30', '3.81', '52.32']"
LAST_GREENS ,"['55.09', '20.89', '16.68']"
RESULTS:,9.82,8.72,8.67

OFFSETS ,"['8.53', '56.08', '61.74']"
GREENS ,"['5.41', '42.31', '3.81', '52.33']"
LAST_GREENS ,"['55.09', '20.89', '16.67']"
RESULTS:,9.82,8.72,8.67

OFFSETS ,"['8.39', '56.08', '53.11']"
GREENS ,"['5.41', '42.35', '3.84', '51.31']"
LAST_GREENS ,"['55.09', '20.81', '17.69']"
RESULTS:,9.40,8.24,10.67

OFFSETS ,"['5.60', '56.08', '53.11']"
GREENS ,"['5.41', '42.35', '3.84', '51.29']"
LAST_GREENS ,"['55.09', '20.81', '17.71']"
RESULTS:,9.66,8.63,10.33

OFFSETS ,"['8.34', '55.76', '61.68']"
GREENS ,"['5.41', '41.83', '3.84', '52.30']"
LAST_GREENS ,"['55.09', '21.33', '16.70']"
RESULTS:,9.74,8.55,9.67

OFFSETS ,"['8.34', '56.08', '53.02']"
GREENS ,"['5.41', '42.30', '3.81', '52.36']"
LAST_GREENS ,"['55.09', '20.89', '16.64']"
RESULTS:,8.72,7.71,9.67

OFFSETS ,"['8.34', '56.08', '53.07']"
GREENS ,"['5.41', '42.30', '3.84', '52.32']"
LAST_GREENS ,"['55.09', '20.85', '16.68']"
RESULTS:,8.72,7.71,9.67

OFFSETS ,"['8.16', '56.08', '61.42']"
GREENS ,"['5.41', '42.30', '3.81', '52.30']"
LAST_GREENS ,"['55.09', '20.89', '16.70']"
RESULTS:,9.82,8.72,8.67

OFFSETS ,"['8.34', '56.08', '61.74']"
GREENS ,"['5.41', '42.35', '3.84', '52.30']"
LAST_GREENS ,"['55.09', '20.81', '16.70']"
RESULTS:,9.82,8.72,8.67

OFFSETS ,"['8.41', '56.08', '61.50']"
GREENS ,"['5.41', '42.30', '3.84', '52.30']"
LAST_GREENS ,"['55.09', '20.86', '16.70']"
RESULTS:,9.82,8.72,8.67

OFFSETS ,"['8.33', '56.08', '61.72']"
GREENS ,"['5.41', '42.35', '3.81', '52.36']"
LAST_GREENS ,"['55.09', '20.85', '16.64']"
RESULTS:,9.82,8.72,8.67

OFFSETS ,"['8.34', '56.08', '52.98']"
GREENS ,"['5.41', '42.30', '3.81', '52.32']"
LAST_GREENS ,"['55.09', '20.89', '16.68']"
RESULTS:,8.72,7.71,9.67

OFFSETS ,"['5.25', '56.08', '52.83']"
GREENS ,"['5.41', '45.97', '3.81', '52.30']"
LAST_GREENS ,"['55.09', '17.22', '16.70']"
RESULTS:,8.52,7.87,8.67

OFFSETS ,"['8.34', '56.08', '61.68']"
GREENS ,"['5.41', '42.31', '3.84', '52.30']"
LAST_GREENS ,"['55.09', '20.85', '16.70']"
RESULTS:,9.82,8.72,8.67

OFFSETS ,"['8.33', '56.08', '61.59']"
GREENS ,"['5.41', '42.35', '3.81', '52.30']"
LAST_GREENS ,"['55.09', '20.85', '16.70']"
RESULTS:,9.82,8.72,8.67

OFFSETS ,"['8.15', '56.08', '61.74']"
GREENS ,"['5.55', '42.36', '3.81', '52.30']"
LAST_GREENS ,"['54.95', '20.83', '16.70']"
RESULTS:,9.82,8.72,8.67

OFFSETS ,"['8.34', '56.08', '61.66']"
GREENS ,"['5.41', '42.30', '3.81', '52.32']"
LAST_GREENS ,"['55.09', '20.89', '16.68']"
RESULTS:,9.82,8.72,8.67

OFFSETS ,"['8.34', '56.08', '61.93']"
GREENS ,"['5.41', '42.30', '3.84', '52.30']"
LAST_GREENS ,"['55.09', '20.85', '16.70']"
RESULTS:,9.87,8.79,8.67

OFFSETS ,"['8.34', '56.08', '61.67']"
GREENS ,"['5.41', '42.30', '3.84', '52.30']"
LAST_GREENS ,"['55.09', '20.86', '16.70']"
RESULTS:,9.82,8.72,8.67

OFFSETS ,"['5.25', '56.08', '52.86']"
GREENS ,"['5.41', '45.97', '3.81', '52.30']"
LAST_GREENS ,"['55.09', '17.22', '16.70']"
RESULTS:,8.52,7.87,8.67

OFFSETS ,"['8.02', '56.08', '61.73']"
GREENS ,"['5.41', '42.36', '3.81', '52.34']"
LAST_GREENS ,"['55.09', '20.83', '16.66']"
RESULTS:,9.82,8.72,8.67

OFFSETS ,"['8.33', '56.08', '53.49']"
GREENS ,"['5.41', '45.93', '3.84', '52.30']"
LAST_GREENS ,"['55.09', '17.23', '16.70']"
RESULTS:,9.32,8.51,9.00

OFFSETS ,"['8.41', '56.08', '61.42']"
GREENS ,"['5.41', '42.30', '3.81', '52.30']"
LAST_GREENS ,"['55.09', '20.89', '16.70']"
RESULTS:,9.82,8.72,8.67

OFFSETS ,"['5.19', '56.08', '52.70']"
GREENS ,"['5.41', '42.60', '3.81', '52.30']"
LAST_GREENS ,"['55.09', '20.60', '16.70']"
RESULTS:,8.88,7.91,10.67

OFFSETS ,"['8.34', '56.08', '61.80']"
GREENS ,"['5.41', '42.35', '3.81', '52.32']"
LAST_GREENS ,"['55.09', '20.84', '16.68']"
RESULTS:,9.87,8.79,8.67

OFFSETS ,"['5.25', '56.08', '52.95']"
GREENS ,"['5.41', '45.97', '3.81', '52.98']"
LAST_GREENS ,"['55.09', '17.22', '16.02']"
RESULTS:,7.99,7.38,8.33

OFFSETS ,"['8.34', '56.08', '61.33']"
GREENS ,"['5.41', '42.35', '3.84', '52.34']"
LAST_GREENS ,"['55.09', '20.81', '16.66']"
RESULTS:,9.82,8.72,8.67

OFFSETS ,"['8.34', '56.08', '61.60']"
GREENS ,"['5.41', '42.30', '3.84', '52.30']"
LAST_GREENS ,"['55.09', '20.85', '16.70']"
RESULTS:,9.82,8.72,8.67

OFFSETS ,"['5.18', '56.08', '53.72']"
GREENS ,"['5.41', '42.30', '3.81', '52.32']"
LAST_GREENS ,"['55.09', '20.89', '16.68']"
RESULTS:,9.14,8.13,9.33

OFFSETS ,"['5.25', '56.08', '52.95']"
GREENS ,"['5.41', '45.97', '3.81', '52.38']"
LAST_GREENS ,"['55.09', '17.22', '16.62']"
RESULTS:,8.52,7.87,8.67

OFFSETS ,"['8.16', '56.08', '53.42']"
GREENS ,"['5.41', '42.30', '3.81', '52.30']"
LAST_GREENS ,"['55.09', '20.89', '16.70']"
RESULTS:,9.04,8.07,10.33

OFFSETS ,"['8.34', '56.08', '53.01']"
GREENS ,"['5.41', '42.30', '3.81', '52.32']"
LAST_GREENS ,"['55.09', '20.89', '16.68']"
RESULTS:,8.72,7.71,9.67

OFFSETS ,"['8.47', '56.08', '61.20']"
GREENS ,"['5.41', '42.29', '3.84', '52.30']"
LAST_GREENS ,"['55.09', '20.87', '16.70']"
RESULTS:,9.54,8.52,9.33

OFFSETS ,"['8.41', '56.08', '61.74']"
GREENS ,"['4.08', '40.84', '3.81', '52.33']"
LAST_GREENS ,"['56.42', '22.35', '16.67']"
RESULTS:,9.93,8.51,10.33

OFFSETS ,"['5.25', '56.08', '52.86']"
GREENS ,"['5.41', '42.25', '3.81', '52.30']"
LAST_GREENS ,"['55.09', '20.94', '16.70']"
RESULTS:,9.19,8.20,10.00

OFFSETS ,"['8.35', '56.08', '53.01']"
GREENS ,"['5.41', '45.97', '3.84', '52.36']"
LAST_GREENS ,"['55.09', '17.18', '16.64']"
RESULTS:,8.50,7.76,9.33

OFFSETS ,"['5.25', '56.08', '52.79']"
GREENS ,"['5.41', '45.97', '3.81', '52.30']"
LAST_GREENS ,"['55.09', '17.22', '16.70']"
RESULTS:,8.52,7.87,8.67

OFFSETS ,"['8.31', '56.08', '52.83']"
GREENS ,"['5.41', '46.01', '3.81', '52.32']"
LAST_GREENS ,"['55.09', '17.18', '16.68']"
RESULTS:,8.50,7.76,9.33

OFFSETS ,"['1.47', '56.08', '52.95']"
GREENS ,"['5.64', '45.97', '3.81', '52.98']"
LAST_GREENS ,"['54.86', '17.22', '16.02']"
RESULTS:,8.19,7.57,9.00

OFFSETS ,"['5.25', '56.08', '52.83']"
GREENS ,"['5.41', '45.97', '3.81', '52.30']"
LAST_GREENS ,"['55.09', '17.22', '16.70']"
RESULTS:,8.52,7.87,8.67

OFFSETS ,"['5.27', '56.08', '53.70']"
GREENS ,"['4.04', '42.26', '8.11', '52.36']"
LAST_GREENS ,"['56.46', '16.63', '16.64']"
RESULTS:,13.87,12.45,10.00

OFFSETS ,"['5.25', '56.08', '52.95']"
GREENS ,"['5.41', '45.97', '3.81', '52.30']"
LAST_GREENS ,"['55.09', '17.22', '16.70']"
RESULTS:,8.52,7.87,8.67

OFFSETS ,"['5.25', '56.08', '52.95']"
GREENS ,"['5.41', '45.97', '3.81', '52.98']"
LAST_GREENS ,"['55.09', '17.22', '16.02']"
RESULTS:,7.99,7.38,8.33

OFFSETS ,"['1.47', '56.08', '52.95']"
GREENS ,"['5.64', '45.97', '3.81', '52.98']"
LAST_GREENS ,"['54.86', '17.22', '16.02']"
RESULTS:,8.19,7.57,9.00

OFFSETS ,"['5.25', '59.68', '52.79']"
GREENS ,"['5.41', '45.97', '3.81', '52.30']"
LAST_GREENS ,"['55.09', '17.22', '16.70']"
RESULTS:,10.94,9.99,9.33

OFFSETS ,"['5.25', '56.08', '52.95']"
GREENS ,"['5.41', '45.97', '3.81', '52.99']"
LAST_GREENS ,"['55.09', '17.22', '16.01']"
RESULTS:,7.99,7.38,8.33

OFFSETS ,"['5.25', '56.08', '52.95']"
GREENS ,"['5.41', '45.97', '3.81', '52.39']"
LAST_GREENS ,"['55.09', '17.22', '16.61']"
RESULTS:,8.52,7.87,8.67

OFFSETS ,"['5.28', '56.08', '55.32']"
GREENS ,"['5.41', '46.01', '3.84', '52.30']"
LAST_GREENS ,"['55.09', '17.15', '16.70']"
RESULTS:,8.92,8.26,9.00

OFFSETS ,"['5.31', '56.08', '52.95']"
GREENS ,"['5.41', '45.97', '3.81', '52.99']"
LAST_GREENS ,"['55.09', '17.22', '16.01']"
RESULTS:,7.99,7.38,8.33

OFFSETS ,"['8.37', '56.08', '52.95']"
GREENS ,"['5.41', '45.97', '3.81', '52.31']"
LAST_GREENS ,"['55.09', '17.22', '16.69']"
RESULTS:,8.50,7.76,9.33

OFFSETS ,"['5.25', '56.08', '52.95']"
GREENS ,"['5.41', '45.97', '3.81', '52.99']"
LAST_GREENS ,"['55.09', '17.22', '16.01']"
RESULTS:,7.99,7.38,8.33

OFFSETS ,"['5.24', '56.08', '52.87']"
GREENS ,"['5.41', '45.97', '3.81', '52.30']"
LAST_GREENS ,"['55.09', '17.22', '16.70']"
RESULTS:,8.52,7.87,8.67

OFFSETS ,"['5.29', '61.05', '55.12']"
GREENS ,"['5.41', '46.03', '3.81', '52.64']"
LAST_GREENS ,"['55.09', '17.16', '16.36']"
RESULTS:,9.57,8.68,10.67

OFFSETS ,"['7.86', '56.08', '53.18']"
GREENS ,"['5.41', '45.97', '3.81', '52.99']"
LAST_GREENS ,"['55.09', '17.22', '16.01']"
RESULTS:,8.21,7.43,8.67

OFFSETS ,"['5.31', '56.08', '52.95']"
GREENS ,"['5.41', '45.97', '3.81', '52.99']"
LAST_GREENS ,"['55.09', '17.22', '16.01']"
RESULTS:,7.99,7.38,8.33

OFFSETS ,"['5.10', '56.08', '52.70']"
GREENS ,"['5.41', '45.98', '3.81', '52.99']"
LAST_GREENS ,"['55.09', '17.21', '16.01']"
RESULTS:,7.99,7.38,8.33

OFFSETS ,"['5.25', '56.08', '53.15']"
GREENS ,"['5.41', '45.97', '3.81', '52.99']"
LAST_GREENS ,"['55.09', '17.22', '16.01']"
RESULTS:,7.99,7.38,8.33

OFFSETS ,"['5.31', '56.08', '52.95']"
GREENS ,"['5.41', '45.97', '3.81', '52.99']"
LAST_GREENS ,"['55.09', '17.22', '16.01']"
RESULTS:,7.99,7.38,8.33

OFFSETS ,"['5.24', '56.08', '52.96']"
GREENS ,"['5.41', '45.97', '3.81', '52.99']"
LAST_GREENS ,"['55.09', '17.22', '16.01']"
RESULTS:,7.99,7.38,8.33

OFFSETS ,"['5.25', '56.08', '52.98']"
GREENS ,"['5.41', '45.97', '3.81', '52.99']"
LAST_GREENS ,"['55.09', '17.22', '16.01']"
RESULTS:,7.99,7.38,8.33

OFFSETS ,"['5.25', '56.08', '52.95']"
GREENS ,"['5.41', '45.97', '3.81', '52.98']"
LAST_GREENS ,"['55.09', '17.22', '16.02']"
RESULTS:,7.99,7.38,8.33

OFFSETS ,"['5.26', '51.91', '52.95']"
GREENS ,"['5.41', '45.97', '3.81', '51.65']"
LAST_GREENS ,"['55.09', '17.22', '17.35']"
RESULTS:,9.53,8.81,10.00

OFFSETS ,"['5.25', '56.08', '52.95']"
GREENS ,"['5.41', '45.97', '3.81', '52.99']"
LAST_GREENS ,"['55.09', '17.22', '16.01']"
RESULTS:,7.99,7.38,8.33

OFFSETS ,"['5.26', '56.08', '52.95']"
GREENS ,"['5.41', '45.97', '3.81', '52.99']"
LAST_GREENS ,"['55.09', '17.22', '16.01']"
RESULTS:,7.99,7.38,8.33

OFFSETS ,"['5.25', '56.08', '53.03']"
GREENS ,"['5.41', '46.24', '3.81', '52.99']"
LAST_GREENS ,"['55.09', '16.95', '16.01']"
RESULTS:,7.99,7.38,8.33

OFFSETS ,"['5.25', '56.08', '52.95']"
GREENS ,"['5.41', '45.97', '3.81', '53.05']"
LAST_GREENS ,"['55.09', '17.22', '15.95']"
RESULTS:,7.99,7.38,8.33

OFFSETS ,"['5.25', '56.08', '53.15']"
GREENS ,"['5.41', '45.97', '3.81', '52.99']"
LAST_GREENS ,"['55.09', '17.22', '16.01']"
RESULTS:,7.99,7.38,8.33

OFFSETS ,"['5.25', '56.08', '52.95']"
GREENS ,"['14.41', '45.98', '3.81', '52.99']"
LAST_GREENS ,"['46.09', '17.21', '16.01']"
RESULTS:,7.99,7.38,8.33

OFFSETS ,"['5.31', '56.08', '52.95']"
GREENS ,"['5.41', '45.97', '3.81', '52.98']"
LAST_GREENS ,"['55.09', '17.22', '16.02']"
RESULTS:,7.99,7.38,8.33

OFFSETS ,"['5.10', '56.08', '52.70']"
GREENS ,"['5.41', '45.97', '3.81', '52.99']"
LAST_GREENS ,"['55.09', '17.22', '16.01']"
RESULTS:,7.99,7.38,8.33

OFFSETS ,"['5.30', '56.08', '52.96']"
GREENS ,"['5.41', '45.97', '3.81', '52.99']"
LAST_GREENS ,"['55.09', '17.22', '16.01']"
RESULTS:,7.99,7.38,8.33

OFFSETS ,"['5.25', '56.08', '52.95']"
GREENS ,"['5.41', '45.97', '3.81', '52.99']"
LAST_GREENS ,"['55.09', '17.22', '16.01']"
RESULTS:,7.99,7.38,8.33

OFFSETS ,"['5.25', '56.08', '52.95']"
GREENS ,"['5.41', '45.97', '3.81', '52.98']"
LAST_GREENS ,"['55.09', '17.22', '16.02']"
RESULTS:,7.99,7.38,8.33

OFFSETS ,"['5.31', '56.08', '52.95']"
GREENS ,"['5.41', '45.97', '3.81', '52.99']"
LAST_GREENS ,"['55.09', '17.22', '16.01']"
RESULTS:,7.99,7.38,8.33

OFFSETS ,"['5.25', '56.08', '53.02']"
GREENS ,"['5.41', '46.24', '3.81', '52.98']"
LAST_GREENS ,"['55.09', '16.95', '16.02']"
RESULTS:,7.99,7.38,8.33

OFFSETS ,"['5.30', '56.08', '52.95']"
GREENS ,"['5.41', '45.97', '3.81', '52.99']"
LAST_GREENS ,"['55.09', '17.22', '16.01']"
RESULTS:,7.99,7.38,8.33

OFFSETS ,"['5.25', '56.08', '52.95']"
GREENS ,"['5.41', '45.97', '3.81', '53.00']"
LAST_GREENS ,"['55.09', '17.22', '16.00']"
RESULTS:,7.99,7.38,8.33

OFFSETS ,"['5.25', '56.08', '52.95']"
GREENS ,"['5.41', '45.97', '3.81', '52.99']"
LAST_GREENS ,"['55.09', '17.22', '16.01']"
RESULTS:,7.99,7.38,8.33

OFFSETS ,"['5.25', '57.94', '53.02']"
GREENS ,"['5.41', '46.24', '3.81', '50.84']"
LAST_GREENS ,"['55.09', '16.95', '18.16']"
RESULTS:,9.67,8.90,8.33

OFFSETS ,"['5.25', '56.08', '52.95']"
GREENS ,"['5.41', '45.97', '3.81', '52.98']"
LAST_GREENS ,"['55.09', '17.22', '16.02']"
RESULTS:,7.99,7.38,8.33

OFFSETS ,"['5.25', '56.08', '52.96']"
GREENS ,"['5.41', '45.96', '3.81', '52.99']"
LAST_GREENS ,"['55.09', '17.23', '16.01']"
RESULTS:,7.99,7.38,8.33

OFFSETS ,"['5.25', '56.08', '52.96']"
GREENS ,"['5.41', '45.97', '3.81', '52.99']"
LAST_GREENS ,"['55.09', '17.22', '16.01']"
RESULTS:,7.99,7.38,8.33

OFFSETS ,"['5.20', '56.08', '52.95']"
GREENS ,"['5.41', '45.97', '3.81', '52.99']"
LAST_GREENS ,"['55.09', '17.22', '16.01']"
RESULTS:,7.99,7.38,8.33

OFFSETS ,"['5.25', '56.08', '52.95']"
GREENS ,"['5.41', '45.97', '3.81', '52.98']"
LAST_GREENS ,"['55.09', '17.22', '16.02']"
RESULTS:,7.99,7.38,8.33

OFFSETS ,"['5.25', '56.08', '52.95']"
GREENS ,"['5.41', '45.97', '3.81', '52.98']"
LAST_GREENS ,"['55.09', '17.22', '16.02']"
RESULTS:,7.99,7.38,8.33

OFFSETS ,"['5.25', '56.08', '52.95']"
GREENS ,"['5.41', '45.98', '3.81', '52.98']"
LAST_GREENS ,"['55.09', '17.21', '16.02']"
RESULTS:,7.99,7.38,8.33

OFFSETS ,"['5.30', '56.08', '52.95']"
GREENS ,"['5.41', '45.97', '3.81', '52.98']"
LAST_GREENS ,"['55.09', '17.22', '16.02']"
RESULTS:,7.99,7.38,8.33

OFFSETS ,"['5.24', '56.08', '52.95']"
GREENS ,"['14.67', '45.98', '3.81', '52.99']"
LAST_GREENS ,"['45.83', '17.21', '16.01']"
RESULTS:,7.99,7.38,8.33

OFFSETS ,"['5.25', '56.08', '52.95']"
GREENS ,"['5.41', '45.97', '3.81', '52.99']"
LAST_GREENS ,"['55.09', '17.22', '16.01']"
RESULTS:,7.99,7.38,8.33

OFFSETS ,"['5.30', '56.08', '59.79']"
GREENS ,"['5.41', '45.97', '3.81', '52.98']"
LAST_GREENS ,"['55.09', '17.22', '16.02']"
RESULTS:,10.07,9.37,8.00

OFFSETS ,"['5.25', '56.08', '52.95']"
GREENS ,"['5.41', '45.97', '3.81', '52.99']"
LAST_GREENS ,"['55.09', '17.22', '16.01']"
RESULTS:,7.99,7.38,8.33

OFFSETS ,"['5.25', '56.08', '52.95']"
GREENS ,"['5.23', '45.97', '3.81', '52.98']"
LAST_GREENS ,"['55.27', '17.22', '16.02']"
RESULTS:,7.99,7.38,8.33

OFFSETS ,"['5.19', '56.08', '52.95']"
GREENS ,"['5.41', '45.97', '3.81', '52.99']"
LAST_GREENS ,"['55.09', '17.22', '16.01']"
RESULTS:,7.99,7.38,8.33

OFFSETS ,"['5.25', '56.08', '52.95']"
GREENS ,"['5.41', '45.97', '3.81', '52.99']"
LAST_GREENS ,"['55.09', '17.22', '16.01']"
RESULTS:,7.99,7.38,8.33

OFFSETS ,"['5.25', '56.08', '52.95']"
GREENS ,"['5.41', '45.97', '3.81', '52.99']"
LAST_GREENS ,"['55.09', '17.22', '16.01']"
RESULTS:,7.99,7.38,8.33

OFFSETS ,"['5.30', '56.08', '59.79']"
GREENS ,"['5.41', '45.97', '3.81', '52.98']"
LAST_GREENS ,"['55.09', '17.22', '16.02']"
RESULTS:,10.07,9.37,8.00

OFFSETS ,"['5.19', '56.08', '59.79']"
GREENS ,"['5.41', '45.97', '3.81', '48.00']"
LAST_GREENS ,"['55.09', '17.22', '21.00']"
RESULTS:,11.31,10.06,9.67

OFFSETS ,"['5.19', '56.08', '52.95']"
GREENS ,"['5.41', '45.97', '3.81', '52.98']"
LAST_GREENS ,"['55.09', '17.22', '16.02']"
RESULTS:,7.99,7.38,8.33

OFFSETS ,"['5.25', '56.08', '52.95']"
GREENS ,"['5.41', '45.97', '3.81', '52.99']"
LAST_GREENS ,"['55.09', '17.22', '16.01']"
RESULTS:,7.99,7.38,8.33

OFFSETS ,"['5.30', '56.08', '52.95']"
GREENS ,"['5.41', '45.97', '3.81', '52.98']"
LAST_GREENS ,"['55.09', '17.22', '16.02']"
RESULTS:,7.99,7.38,8.33

OFFSETS ,"['5.25', '56.08', '59.79']"
GREENS ,"['5.41', '45.97', '3.81', '52.98']"
LAST_GREENS ,"['55.09', '17.22', '16.02']"
RESULTS:,10.07,9.37,8.00

OFFSETS ,"['5.26', '56.08', '53.02']"
GREENS ,"['5.23', '45.97', '3.81', '52.98']"
LAST_GREENS ,"['55.27', '17.22', '16.02']"
RESULTS:,8.61,7.94,8.33

OFFSETS ,"['5.25', '56.08', '52.74']"
GREENS ,"['5.41', '46.23', '3.81', '52.98']"
LAST_GREENS ,"['55.09', '16.96', '16.02']"
RESULTS:,7.99,7.38,8.33

OFFSETS ,"['5.30', '56.08', '59.79']"
GREENS ,"['5.41', '46.25', '3.81', '52.98']"
LAST_GREENS ,"['55.09', '16.95', '16.02']"
RESULTS:,10.07,9.37,8.00

OFFSETS ,"['5.26', '56.08', '53.02']"
GREENS ,"['5.41', '46.25', '3.81', '52.98']"
LAST_GREENS ,"['55.09', '16.95', '16.02']"
RESULTS:,7.99,7.38,8.33

OFFSETS ,"['5.25', '56.08', '52.95']"
GREENS ,"['5.41', '45.97', '3.81', '52.99']"
LAST_GREENS ,"['55.09', '17.22', '16.01']"
RESULTS:,7.99,7.38,8.33

OFFSETS ,"['5.25', '56.08', '52.95']"
GREENS ,"['5.41', '45.97', '3.81', '52.99']"
LAST_GREENS ,"['55.09', '17.22', '16.01']"
RESULTS:,7.99,7.38,8.33

OFFSETS ,"['5.30', '56.08', '52.95']"
GREENS ,"['5.41', '45.97', '3.81', '52.98']"
LAST_GREENS ,"['55.09', '17.22', '16.02']"
RESULTS:,7.99,7.38,8.33

OFFSETS ,"['5.25', '56.08', '60.37']"
GREENS ,"['5.41', '45.97', '3.81', '52.98']"
LAST_GREENS ,"['55.09', '17.22', '16.02']"
RESULTS:,9.95,9.20,9.67

OFFSETS ,"['1.44', '56.08', '59.79']"
GREENS ,"['5.41', '48.04', '3.81', '54.42']"
LAST_GREENS ,"['55.09', '15.16', '14.58']"
RESULTS:,10.65,10.12,8.33

OFFSETS ,"['5.25', '56.08', '52.86']"
GREENS ,"['5.41', '45.97', '3.81', '52.99']"
LAST_GREENS ,"['55.09', '17.22', '16.01']"
RESULTS:,7.99,7.38,8.33

OFFSETS ,"['5.25', '56.08', '52.71']"
GREENS ,"['5.41', '46.25', '3.81', '52.98']"
LAST_GREENS ,"['55.09', '16.95', '16.02']"
RESULTS:,7.99,7.38,8.33

OFFSETS ,"['5.30', '56.08', '59.99']"
GREENS ,"['5.41', '45.97', '3.81', '52.98']"
LAST_GREENS ,"['55.09', '17.22', '16.02']"
RESULTS:,10.07,9.37,8.00

OFFSETS ,"['5.30', '56.08', '59.79']"
GREENS ,"['5.41', '46.25', '3.81', '52.98']"
LAST_GREENS ,"['55.09', '16.94', '16.02']"
RESULTS:,10.07,9.37,8.00

OFFSETS ,"['5.25', '56.08', '52.95']"
GREENS ,"['5.41', '45.99', '3.81', '52.99']"
LAST_GREENS ,"['55.09', '17.20', '16.01']"
RESULTS:,7.99,7.38,8.33

OFFSETS ,"['5.31', '56.08', '59.88']"
GREENS ,"['5.41', '45.97', '3.81', '52.98']"
LAST_GREENS ,"['55.09', '17.22', '16.02']"
RESULTS:,10.07,9.37,8.00

OFFSETS ,"['5.20', '56.08', '52.95']"
GREENS ,"['5.41', '45.97', '3.81', '52.99']"
LAST_GREENS ,"['55.09', '17.22', '16.01']"
RESULTS:,7.99,7.38,8.33

OFFSETS ,"['5.25', '56.08', '59.68']"
GREENS ,"['5.57', '45.97', '3.81', '52.98']"
LAST_GREENS ,"['54.93', '17.22', '16.02']"
RESULTS:,10.07,9.37,8.00

OFFSETS ,"['5.25', '56.08', '60.00']"
GREENS ,"['5.41', '45.99', '3.81', '52.98']"
LAST_GREENS ,"['55.09', '17.21', '16.02']"
RESULTS:,10.07,9.37,8.00

OFFSETS ,"['5.30', '56.08', '52.49']"
GREENS ,"['5.41', '45.97', '3.81', '52.98']"
LAST_GREENS ,"['55.09', '17.22', '16.02']"
RESULTS:,7.99,7.38,8.33

OFFSETS ,"['5.31', '56.08', '52.88']"
GREENS ,"['5.32', '45.98', '3.81', '52.98']"
LAST_GREENS ,"['55.18', '17.21', '16.02']"
RESULTS:,7.99,7.38,8.33

OFFSETS ,"['5.24', '56.08', '53.02']"
GREENS ,"['5.64', '46.25', '3.81', '52.99']"
LAST_GREENS ,"['54.86', '16.94', '16.01']"
RESULTS:,7.99,7.38,8.33

OFFSETS ,"['5.25', '56.08', '52.95']"
GREENS ,"['5.41', '45.97', '3.81', '52.98']"
LAST_GREENS ,"['55.09', '17.22', '16.02']"
RESULTS:,7.99,7.38,8.33

OFFSETS ,"['5.25', '56.08', '52.91']"
GREENS ,"['5.41', '45.99', '3.81', '52.98']"
LAST_GREENS ,"['55.09', '17.21', '16.02']"
RESULTS:,7.99,7.38,8.33

OFFSETS ,"['5.24', '56.08', '59.83']"
GREENS ,"['13.75', '45.97', '3.81', '52.99']"
LAST_GREENS ,"['46.75', '17.22', '16.01']"
RESULTS:,10.07,9.37,8.00

OFFSETS ,"['5.24', '56.08', '52.95']"
GREENS ,"['13.83', '45.97', '3.81', '52.99']"
LAST_GREENS ,"['46.67', '17.22', '16.01']"
RESULTS:,7.99,7.38,8.33

OFFSETS ,"['5.31', '56.08', '52.52']"
GREENS ,"['5.41', '46.25', '3.81', '52.98']"
LAST_GREENS ,"['55.09', '16.94', '16.02']"
RESULTS:,7.99,7.38,8.33

OFFSETS ,"['5.25', '56.08', '52.95']"
GREENS ,"['6.06', '45.99', '3.81', '52.98']"
LAST_GREENS ,"['54.44', '17.21', '16.02']"
RESULTS:,7.99,7.38,8.33

OFFSETS ,"['5.30', '56.08', '52.95']"
GREENS ,"['5.41', '45.97', '3.81', '52.98']"
LAST_GREENS ,"['55.09', '17.22', '16.02']"
RESULTS:,7.99,7.38,8.33

OFFSETS ,"['5.30', '56.08', '52.95']"
GREENS ,"['5.41', '45.97', '3.81', '52.98']"
LAST_GREENS ,"['55.09', '17.22', '16.02']"
RESULTS:,7.99,7.38,8.33

OFFSETS ,"['5.31', '56.08', '52.87']"
GREENS ,"['5.32', '45.98', '3.81', '52.98']"
LAST_GREENS ,"['55.18', '17.21', '16.02']"
RESULTS:,7.99,7.38,8.33

OFFSETS ,"['5.25', '56.08', '59.68']"
GREENS ,"['5.41', '45.97', '3.81', '52.98']"
LAST_GREENS ,"['55.09', '17.22', '16.02']"
RESULTS:,10.07,9.37,8.00

OFFSETS ,"['5.26', '56.08', '60.34']"
GREENS ,"['5.41', '46.25', '3.81', '52.99']"
LAST_GREENS ,"['55.09', '16.95', '16.01']"
RESULTS:,9.41,8.68,10.00

OFFSETS ,"['5.25', '56.08', '60.11']"
GREENS ,"['5.41', '45.97', '3.81', '52.98']"
LAST_GREENS ,"['55.09', '17.22', '16.02']"
RESULTS:,10.07,9.37,8.00

OFFSETS ,"['5.25', '56.08', '52.71']"
GREENS ,"['5.41', '45.97', '3.81', '52.98']"
LAST_GREENS ,"['55.09', '17.22', '16.02']"
RESULTS:,7.99,7.38,8.33

OFFSETS ,"['5.25', '56.08', '52.95']"
GREENS ,"['6.06', '45.96', '3.81', '52.98']"
LAST_GREENS ,"['54.44', '17.23', '16.02']"
RESULTS:,7.99,7.38,8.33

OFFSETS ,"['5.25', '56.08', '60.00']"
GREENS ,"['5.41', '45.97', '3.81', '52.98']"
LAST_GREENS ,"['55.09', '17.22', '16.02']"
RESULTS:,10.07,9.37,8.00

OFFSETS ,"['5.25', '56.08', '52.95']"
GREENS ,"['5.23', '45.97', '3.81', '52.98']"
LAST_GREENS ,"['55.27', '17.22', '16.02']"
RESULTS:,7.99,7.38,8.33

OFFSETS ,"['5.25', '56.08', '53.00']"
GREENS ,"['5.41', '45.97', '3.81', '52.98']"
LAST_GREENS ,"['55.09', '17.22', '16.02']"
RESULTS:,7.99,7.38,8.33

OFFSETS ,"['5.25', '56.08', '60.08']"
GREENS ,"['5.41', '45.99', '3.81', '52.98']"
LAST_GREENS ,"['55.09', '17.21', '16.02']"
RESULTS:,10.07,9.37,8.00

OFFSETS ,"['5.25', '56.08', '52.95']"
GREENS ,"['5.25', '45.98', '3.81', '52.99']"
LAST_GREENS ,"['55.25', '17.21', '16.01']"
RESULTS:,7.99,7.38,8.33

OFFSETS ,"['5.25', '56.08', '52.82']"
GREENS ,"['5.41', '45.97', '3.81', '52.98']"
LAST_GREENS ,"['55.09', '17.22', '16.02']"
RESULTS:,7.99,7.38,8.33

OFFSETS ,"['5.25', '56.08', '52.95']"
GREENS ,"['14.57', '45.97', '3.81', '52.98']"
LAST_GREENS ,"['45.93', '17.22', '16.02']"
RESULTS:,7.99,7.38,8.33

OFFSETS ,"['5.25', '56.08', '52.95']"
GREENS ,"['5.42', '45.97', '3.81', '52.98']"
LAST_GREENS ,"['55.08', '17.22', '16.02']"
RESULTS:,7.99,7.38,8.33

OFFSETS ,"['5.30', '56.08', '52.95']"
GREENS ,"['5.41', '45.97', '3.81', '52.98']"
LAST_GREENS ,"['55.09', '17.22', '16.02']"
RESULTS:,7.99,7.38,8.33

OFFSETS ,"['5.30', '56.08', '59.91']"
GREENS ,"['5.41', '45.97', '3.81', '52.98']"
LAST_GREENS ,"['55.09', '17.22', '16.02']"
RESULTS:,10.07,9.37,8.00

OFFSETS ,"['5.25', '56.08', '52.80']"
GREENS ,"['14.57', '45.97', '3.81', '52.98']"
LAST_GREENS ,"['45.93', '17.22', '16.02']"
RESULTS:,7.99,7.38,8.33

OFFSETS ,"['5.24', '56.08', '59.99']"
GREENS ,"['5.41', '45.99', '3.81', '52.98']"
LAST_GREENS ,"['55.09', '17.21', '16.02']"
RESULTS:,10.07,9.37,8.00

OFFSETS ,"['5.25', '56.08', '52.78']"
GREENS ,"['6.06', '45.99', '3.81', '52.98']"
LAST_GREENS ,"['54.44', '17.21', '16.02']"
RESULTS:,7.99,7.38,8.33

OFFSETS ,"['5.30', '56.08', '52.87']"
GREENS ,"['5.32', '45.98', '3.81', '52.98']"
LAST_GREENS ,"['55.18', '17.21', '16.02']"
RESULTS:,7.99,7.38,8.33

OFFSETS ,"['5.25', '56.08', '52.95']"
GREENS ,"['5.44', '45.97', '3.81', '52.98']"
LAST_GREENS ,"['55.06', '17.22', '16.02']"
RESULTS:,7.99,7.38,8.33

OFFSETS ,"['5.20', '56.08', '52.82']"
GREENS ,"['5.41', '45.97', '3.81', '52.99']"
LAST_GREENS ,"['55.09', '17.22', '16.01']"
RESULTS:,7.99,7.38,8.33

OFFSETS ,"['5.25', '56.08', '60.11']"
GREENS ,"['5.41', '45.99', '3.81', '52.98']"
LAST_GREENS ,"['55.09', '17.21', '16.02']"
RESULTS:,10.07,9.37,8.00

OFFSETS ,"['5.25', '56.08', '59.68']"
GREENS ,"['5.41', '45.97', '3.81', '52.98']"
LAST_GREENS ,"['55.09', '17.22', '16.02']"
RESULTS:,10.07,9.37,8.00

OFFSETS ,"['5.25', '56.08', '60.00']"
GREENS ,"['5.41', '45.99', '3.81', '52.98']"
LAST_GREENS ,"['55.09', '17.21', '16.02']"
RESULTS:,10.07,9.37,8.00

OFFSETS ,"['5.25', '56.08', '59.68']"
GREENS ,"['5.43', '45.99', '3.81', '52.98']"
LAST_GREENS ,"['55.07', '17.21', '16.02']"
RESULTS:,10.07,9.37,8.00

OFFSETS ,"['7.27', '56.08', '59.51']"
GREENS ,"['5.41', '45.97', '3.81', '52.98']"
LAST_GREENS ,"['55.09', '17.22', '16.02']"
RESULTS:,9.41,8.69,8.67

OFFSETS ,"['5.25', '56.08', '52.80']"
GREENS ,"['14.16', '45.98', '3.81', '52.99']"
LAST_GREENS ,"['46.34', '17.21', '16.01']"
RESULTS:,7.99,7.38,8.33

OFFSETS ,"['5.24', '56.08', '52.78']"
GREENS ,"['6.05', '45.99', '3.81', '52.98']"
LAST_GREENS ,"['54.45', '17.21', '16.02']"
RESULTS:,7.99,7.38,8.33

OFFSETS ,"['5.30', '56.08', '53.01']"
GREENS ,"['5.41', '45.97', '3.81', '52.98']"
LAST_GREENS ,"['55.09', '17.22', '16.02']"
RESULTS:,7.99,7.38,8.33

OFFSETS ,"['5.25', '48.03', '59.64']"
GREENS ,"['6.06', '45.97', '3.81', '52.98']"
LAST_GREENS ,"['54.44', '17.22', '16.02']"
RESULTS:,11.31,10.09,10.00

OFFSETS ,"['5.25', '56.08', '52.95']"
GREENS ,"['5.46', '45.97', '3.81', '52.98']"
LAST_GREENS ,"['55.04', '17.22', '16.02']"
RESULTS:,7.99,7.38,8.33

OFFSETS ,"['5.25', '56.08', '59.52']"
GREENS ,"['10.94', '45.99', '3.81', '52.98']"
LAST_GREENS ,"['49.56', '17.21', '16.02']"
RESULTS:,10.07,9.37,8.00

OFFSETS ,"['5.25', '56.08', '52.72']"
GREENS ,"['5.41', '45.98', '3.81', '52.98']"
LAST_GREENS ,"['55.09', '17.21', '16.02']"
RESULTS:,7.99,7.38,8.33

OFFSETS ,"['5.25', '56.08', '52.95']"
GREENS ,"['5.46', '45.97', '3.81', '52.98']"
LAST_GREENS ,"['55.04', '17.22', '16.02']"
RESULTS:,7.99,7.38,8.33

OFFSETS ,"['5.25', '56.08', '52.76']"
GREENS ,"['5.41', '45.99', '3.81', '52.99']"
LAST_GREENS ,"['55.09', '17.21', '16.01']"
RESULTS:,7.99,7.38,8.33

OFFSETS ,"['5.20', '56.08', '60.00']"
GREENS ,"['5.41', '45.99', '3.81', '52.98']"
LAST_GREENS ,"['55.09', '17.21', '16.02']"
RESULTS:,10.07,9.37,8.00

OFFSETS ,"['5.30', '56.08', '52.49']"
GREENS ,"['5.41', '45.97', '3.81', '52.98']"
LAST_GREENS ,"['55.09', '17.22', '16.02']"
RESULTS:,7.99,7.38,8.33

OFFSETS ,"['5.25', '56.08', '59.52']"
GREENS ,"['6.06', '45.99', '3.81', '52.98']"
LAST_GREENS ,"['54.44', '17.20', '16.02']"
RESULTS:,10.07,9.37,8.00

OFFSETS ,"['5.20', '56.08', '52.95']"
GREENS ,"['5.41', '45.99', '3.81', '52.99']"
LAST_GREENS ,"['55.09', '17.21', '16.01']"
RESULTS:,7.99,7.38,8.33

OFFSETS ,"['5.25', '56.08', '59.99']"
GREENS ,"['5.41', '45.97', '3.81', '52.98']"
LAST_GREENS ,"['55.09', '17.22', '16.02']"
RESULTS:,10.07,9.37,8.00

OFFSETS ,"['5.25', '56.08', '59.52']"
GREENS ,"['6.06', '45.99', '3.81', '52.98']"
LAST_GREENS ,"['54.44', '17.21', '16.02']"
RESULTS:,10.07,9.37,8.00

OFFSETS ,"['5.25', '56.08', '52.95']"
GREENS ,"['6.06', '45.97', '3.81', '52.98']"
LAST_GREENS ,"['54.44', '17.22', '16.02']"
RESULTS:,7.99,7.38,8.33

OFFSETS ,"['5.25', '56.08', '52.99']"
GREENS ,"['5.41', '45.99', '3.81', '52.98']"
LAST_GREENS ,"['55.09', '17.21', '16.02']"
RESULTS:,7.99,7.38,8.33

OFFSETS ,"['5.25', '56.08', '60.00']"
GREENS ,"['5.41', '45.98', '3.81', '52.98']"
LAST_GREENS ,"['55.09', '17.21', '16.02']"
RESULTS:,10.07,9.37,8.00

OFFSETS ,"['5.30', '56.08', '52.95']"
GREENS ,"['5.41', '45.97', '3.81', '52.98']"
LAST_GREENS ,"['55.09', '17.22', '16.02']"
RESULTS:,7.99,7.38,8.33

OFFSETS ,"['5.25', '56.08', '52.44']"
GREENS ,"['5.41', '45.99', '3.81', '52.99']"
LAST_GREENS ,"['55.09', '17.21', '16.01']"
RESULTS:,7.99,7.38,8.33

OFFSETS ,"['5.30', '56.08', '52.95']"
GREENS ,"['5.41', '45.97', '3.81', '52.98']"
LAST_GREENS ,"['55.09', '17.22', '16.02']"
RESULTS:,7.99,7.38,8.33

OFFSETS ,"['5.25', '56.08', '59.52']"
GREENS ,"['6.06', '45.99', '3.81', '52.98']"
LAST_GREENS ,"['54.44', '17.20', '16.02']"
RESULTS:,10.07,9.37,8.00

OFFSETS ,"['5.25', '56.08', '60.27']"
GREENS ,"['6.01', '45.99', '3.81', '52.98']"
LAST_GREENS ,"['54.49', '17.21', '16.02']"
RESULTS:,9.95,9.20,9.67

OFFSETS ,"['5.25', '56.08', '59.51']"
GREENS ,"['6.06', '45.99', '3.81', '52.98']"
LAST_GREENS ,"['54.44', '17.21', '16.02']"
RESULTS:,10.07,9.37,8.00

OFFSETS ,"['5.20', '56.08', '60.20']"
GREENS ,"['5.41', '45.97', '3.81', '52.99']"
LAST_GREENS ,"['55.09', '17.22', '16.01']"
RESULTS:,10.07,9.37,8.00

OFFSETS ,"['5.25', '56.08', '52.67']"
GREENS ,"['5.41', '45.97', '3.81', '52.98']"
LAST_GREENS ,"['55.09', '17.22', '16.02']"
RESULTS:,7.99,7.38,8.33

OFFSETS ,"['5.25', '56.08', '60.00']"
GREENS ,"['5.41', '45.99', '3.81', '52.98']"
LAST_GREENS ,"['55.09', '17.21', '16.02']"
RESULTS:,10.07,9.37,8.00

OFFSETS ,"['5.25', '56.08', '52.30']"
GREENS ,"['5.35', '45.97', '3.81', '52.98']"
LAST_GREENS ,"['55.15', '17.22', '16.02']"
RESULTS:,7.99,7.38,8.33

OFFSETS ,"['5.30', '56.08', '52.48']"
GREENS ,"['5.41', '45.97', '3.81', '52.98']"
LAST_GREENS ,"['55.09', '17.22', '16.02']"
RESULTS:,7.99,7.38,8.33

OFFSETS ,"['5.25', '54.60', '60.24']"
GREENS ,"['5.50', '45.97', '8.34', '52.98']"
LAST_GREENS ,"['55.00', '12.69', '16.02']"
RESULTS:,20.81,19.32,29.50

OFFSETS ,"['3.67', '56.08', '52.95']"
GREENS ,"['5.40', '45.97', '3.81', '52.98']"
LAST_GREENS ,"['55.10', '17.22', '16.02']"
RESULTS:,8.57,8.01,9.67

OFFSETS ,"['5.25', '56.08', '52.95']"
GREENS ,"['5.43', '45.97', '3.81', '52.98']"
LAST_GREENS ,"['55.07', '17.22', '16.02']"
RESULTS:,7.99,7.38,8.33

OFFSETS ,"['5.25', '56.08', '52.30']"
GREENS ,"['5.35', '45.97', '3.81', '52.98']"
LAST_GREENS ,"['55.15', '17.22', '16.02']"
RESULTS:,7.99,7.38,8.33

OFFSETS ,"['5.25', '56.08', '52.94']"
GREENS ,"['5.41', '45.99', '3.81', '52.98']"
LAST_GREENS ,"['55.09', '17.21', '16.02']"
RESULTS:,7.99,7.38,8.33

OFFSETS ,"['5.25', '56.08', '52.11']"
GREENS ,"['5.41', '45.97', '3.81', '52.98']"
LAST_GREENS ,"['55.09', '17.22', '16.02']"
RESULTS:,7.99,7.38,8.33

OFFSETS ,"['5.25', '56.08', '60.16']"
GREENS ,"['5.47', '45.98', '3.81', '52.98']"
LAST_GREENS ,"['55.03', '17.21', '16.02']"
RESULTS:,10.07,9.37,8.00

OFFSETS ,"['5.25', '56.08', '52.95']"
GREENS ,"['5.41', '45.99', '3.81', '52.98']"
LAST_GREENS ,"['55.09', '17.21', '16.02']"
RESULTS:,7.99,7.38,8.33

OFFSETS ,"['5.25', '56.08', '60.22']"
GREENS ,"['5.47', '45.98', '3.81', '52.99']"
LAST_GREENS ,"['55.03', '17.21', '16.01']"
RESULTS:,10.07,9.37,8.00

OFFSETS ,"['5.25', '56.08', '52.96']"
GREENS ,"['5.43', '45.99', '3.81', '52.98']"
LAST_GREENS ,"['55.07', '17.20', '16.02']"
RESULTS:,7.99,7.38,8.33

OFFSETS ,"['5.25', '56.08', '59.93']"
GREENS ,"['5.41', '45.99', '3.81', '52.99']"
LAST_GREENS ,"['55.09', '17.21', '16.01']"
RESULTS:,10.07,9.37,8.00

OFFSETS ,"['5.25', '56.08', '60.22']"
GREENS ,"['5.41', '45.99', '3.81', '52.99']"
LAST_GREENS ,"['55.09', '17.21', '16.01']"
RESULTS:,10.07,9.37,8.00

OFFSETS ,"['5.25', '56.08', '52.94']"
GREENS ,"['5.50', '45.97', '3.81', '52.98']"
LAST_GREENS ,"['55.00', '17.22', '16.02']"
RESULTS:,7.99,7.38,8.33

OFFSETS ,"['5.25', '56.08', '60.22']"
GREENS ,"['5.46', '45.98', '3.81', '52.99']"
LAST_GREENS ,"['55.04', '17.21', '16.01']"
RESULTS:,10.07,9.37,8.00

OFFSETS ,"['5.25', '56.08', '60.00']"
GREENS ,"['5.41', '45.97', '3.81', '52.83']"
LAST_GREENS ,"['55.09', '17.22', '16.17']"
RESULTS:,10.07,9.37,8.00

OFFSETS ,"['5.25', '56.08', '60.22']"
GREENS ,"['5.35', '45.99', '3.81', '52.98']"
LAST_GREENS ,"['55.15', '17.20', '16.02']"
RESULTS:,10.07,9.37,8.00

OFFSETS ,"['5.30', '56.08', '52.11']"
GREENS ,"['5.41', '45.97', '3.81', '52.99']"
LAST_GREENS ,"['55.09', '17.22', '16.01']"
RESULTS:,7.99,7.38,8.33

OFFSETS ,"['1.38', '56.08', '52.30']"
GREENS ,"['5.36', '45.97', '3.81', '52.98']"
LAST_GREENS ,"['55.14', '17.22', '16.02']"
RESULTS:,8.19,7.57,9.00

OFFSETS ,"['5.25', '56.08', '52.95']"
GREENS ,"['6.05', '45.97', '3.81', '52.98']"
LAST_GREENS ,"['54.45', '17.22', '16.02']"
RESULTS:,7.99,7.38,8.33

OFFSETS ,"['5.25', '56.08', '60.21']"
GREENS ,"['5.47', '45.98', '3.81', '52.98']"
LAST_GREENS ,"['55.03', '17.21', '16.02']"
RESULTS:,10.07,9.37,8.00

OFFSETS ,"['5.25', '56.08', '60.00']"
GREENS ,"['5.40', '45.97', '3.81', '52.99']"
LAST_GREENS ,"['55.10', '17.22', '16.01']"
RESULTS:,10.07,9.37,8.00

OFFSETS ,"['5.25', '56.08', '60.42']"
GREENS ,"['5.43', '45.97', '3.81', '52.67']"
LAST_GREENS ,"['55.07', '17.22', '16.33']"
RESULTS:,9.41,8.68,10.00

OFFSETS ,"['5.25', '56.08', '52.95']"
GREENS ,"['6.06', '45.97', '3.81', '52.98']"
LAST_GREENS ,"['54.44', '17.22', '16.02']"
RESULTS:,7.99,7.38,8.33

