OFFSETS ,"['21.03', '59.20', '7.74']"
GREENS ,"['27.10', '60.88', '19.67', '19.86']"
LAST_GREENS ,['-1.00']
RESULTS:,10000000.00,10000000.00,10000000.00

OFFSETS ,"['9.75', '1.45', '50.91']"
GREENS ,"['12.80', '17.79', '32.94', '3.68']"
LAST_GREENS ,"['47.70', '16.27', '65.32']"
RESULTS:,269.60,113.85,90.00

OFFSETS ,"['20.24', '67.19', '32.11']"
GREENS ,"['58.37', '44.45', '41.65', '7.92']"
LAST_GREENS ,['-1.00']
RESULTS:,10000000.00,10000000.00,10000000.00

OFFSETS ,"['71.21', '33.74', '43.38']"
GREENS ,"['24.69', '15.88', '60.53', '39.58']"
LAST_GREENS ,['-1.00']
RESULTS:,10000000.00,10000000.00,10000000.00

OFFSETS ,"['0.22', '46.29', '24.50']"
GREENS ,"['31.89', '59.36', '23.94', '62.69']"
LAST_GREENS ,['-1.00']
RESULTS:,10000000.00,10000000.00,10000000.00

OFFSETS ,"['46.75', '1.19', '69.71']"
GREENS ,"['41.80', '66.82', '11.55', '9.46']"
LAST_GREENS ,['-1.00']
RESULTS:,10000000.00,10000000.00,10000000.00

OFFSETS ,"['69.94', '52.26', '4.95']"
GREENS ,"['45.71', '50.51', '61.84', '49.10']"
LAST_GREENS ,['-1.00']
RESULTS:,10000000.00,10000000.00,10000000.00

OFFSETS ,"['9.32', '1.49', '1.97']"
GREENS ,"['1.71', '16.50', '57.62', '37.18']"
LAST_GREENS ,['-1.00']
RESULTS:,10000000.00,10000000.00,10000000.00

OFFSETS ,"['41.46', '63.15', '9.31']"
GREENS ,"['16.89', '39.25', '64.96', '38.71']"
LAST_GREENS ,['-1.00']
RESULTS:,10000000.00,10000000.00,10000000.00

OFFSETS ,"['1.40', '60.05', '17.47']"
GREENS ,"['48.83', '25.99', '57.86', '51.55']"
LAST_GREENS ,['-1.00']
RESULTS:,10000000.00,10000000.00,10000000.00

OFFSETS ,"['41.72', '10.23', '4.49']"
GREENS ,"['7.34', '2.98', '7.20', '15.57']"
LAST_GREENS ,"['53.16', '56.81', '53.43']"
RESULTS:,290.18,141.82,129.00

OFFSETS ,"['53.47', '41.98', '0.94']"
GREENS ,"['4.35', '64.81', '38.06', '14.03']"
LAST_GREENS ,['-1.00']
RESULTS:,10000000.00,10000000.00,10000000.00

OFFSETS ,"['1.05', '17.58', '46.26']"
GREENS ,"['57.42', '63.66', '37.30', '63.18']"
LAST_GREENS ,['-1.00']
RESULTS:,10000000.00,10000000.00,10000000.00

OFFSETS ,"['48.12', '29.25', '36.45']"
GREENS ,"['36.56', '36.82', '62.05', '63.39']"
LAST_GREENS ,['-1.00']
RESULTS:,10000000.00,10000000.00,10000000.00

OFFSETS ,"['43.06', '12.03', '45.48']"
GREENS ,"['42.34', '6.86', '27.73', '19.45']"
LAST_GREENS ,"['18.16', '32.42', '49.55']"
RESULTS:,232.63,121.47,116.67

OFFSETS ,"['26.16', '1.27', '41.02']"
GREENS ,"['41.15', '45.91', '13.70', '60.59']"
LAST_GREENS ,"['19.35', '7.39', '8.41']"
RESULTS:,35.11,45.94,48.50

OFFSETS ,"['19.55', '52.78', '0.01']"
GREENS ,"['18.29', '9.83', '6.19', '7.95']"
LAST_GREENS ,"['42.21', '50.98', '61.05']"
RESULTS:,363.59,123.99,109.33

OFFSETS ,"['31.06', '3.75', '40.19']"
GREENS ,"['40.51', '34.50', '63.29', '40.47']"
LAST_GREENS ,['-1.00']
RESULTS:,10000000.00,10000000.00,10000000.00

OFFSETS ,"['12.74', '8.29', '19.45']"
GREENS ,"['25.48', '64.00', '35.72', '47.74']"
LAST_GREENS ,['-1.00']
RESULTS:,10000000.00,10000000.00,10000000.00

OFFSETS ,"['69.73', '43.64', '23.80']"
GREENS ,"['59.81', '39.02', '61.69', '37.78']"
LAST_GREENS ,['-1.00']
RESULTS:,10000000.00,10000000.00,10000000.00

OFFSETS ,"['22.72', '63.21', '7.74']"
GREENS ,"['16.83', '60.88', '19.19', '38.79']"
LAST_GREENS ,['-1.00']
RESULTS:,10000000.00,10000000.00,10000000.00

OFFSETS ,"['2.05', '50.29', '31.18']"
GREENS ,"['33.80', '9.41', '13.27', '33.72']"
LAST_GREENS ,"['26.70', '44.32', '35.28']"
RESULTS:,247.91,113.16,110.33

OFFSETS ,"['42.92', '11.65', '41.32']"
GREENS ,"['53.49', '46.46', '13.70', '18.45']"
LAST_GREENS ,"['7.01', '6.84', '50.55']"
RESULTS:,119.68,71.64,47.50

OFFSETS ,"['25.92', '29.76', '40.41']"
GREENS ,"['24.58', '47.08', '13.80', '60.25']"
LAST_GREENS ,"['35.92', '6.12', '8.75']"
RESULTS:,26.83,44.28,49.50

OFFSETS ,"['56.46', '62.58', '7.24']"
GREENS ,"['59.09', '38.72', '43.70', '36.16']"
LAST_GREENS ,['-1.00']
RESULTS:,10000000.00,10000000.00,10000000.00

OFFSETS ,"['67.76', '11.26', '40.45']"
GREENS ,"['17.66', '26.64', '13.78', '64.00']"
LAST_GREENS ,"['42.84', '26.58', '5.00']"
RESULTS:,73.51,61.61,88.33

OFFSETS ,"['30.86', '53.84', '0.01']"
GREENS ,"['18.29', '9.83', '24.69', '12.85']"
LAST_GREENS ,"['42.21', '32.48', '56.15']"
RESULTS:,308.56,121.93,114.00

OFFSETS ,"['67.69', '42.69', '23.80']"
GREENS ,"['59.97', '27.21', '11.11', '38.28']"
LAST_GREENS ,"['0.53', '28.68', '30.72']"
RESULTS:,155.48,69.87,65.67

OFFSETS ,"['72.28', '23.22', '51.66']"
GREENS ,"['24.93', '25.99', '7.07', '15.46']"
LAST_GREENS ,"['35.57', '33.95', '53.54']"
RESULTS:,201.88,83.54,74.67

OFFSETS ,"['72.62', '23.51', '51.92']"
GREENS ,"['52.73', '59.94', '6.45', '38.36']"
LAST_GREENS ,"['7.77', '0.61', '30.64']"
RESULTS:,45.69,62.65,50.50

OFFSETS ,"['25.92', '29.98', '1.31']"
GREENS ,"['53.41', '45.75', '5.70', '2.10']"
LAST_GREENS ,"['7.09', '15.54', '66.90']"
RESULTS:,47.27,61.48,55.00

OFFSETS ,"['26.73', '1.27', '41.02']"
GREENS ,"['41.15', '46.04', '5.69', '58.06']"
LAST_GREENS ,"['19.35', '15.27', '10.94']"
RESULTS:,38.75,30.90,20.50

OFFSETS ,"['72.62', '23.45', '51.55']"
GREENS ,"['58.38', '61.01', '6.99', '2.69']"
LAST_GREENS ,['-1.00']
RESULTS:,10000000.00,10000000.00,10000000.00

OFFSETS ,"['0.26', '7.88', '17.47']"
GREENS ,"['48.14', '25.99', '7.18', '15.57']"
LAST_GREENS ,"['12.36', '33.84', '53.43']"
RESULTS:,186.06,78.64,71.00

OFFSETS ,"['67.76', '11.26', '23.88']"
GREENS ,"['17.52', '39.19', '14.01', '63.99']"
LAST_GREENS ,"['42.98', '13.80', '5.01']"
RESULTS:,53.94,48.73,68.00

OFFSETS ,"['72.62', '23.51', '51.92']"
GREENS ,"['53.02', '59.94', '5.90', '61.44']"
LAST_GREENS ,"['7.48', '1.16', '7.56']"
RESULTS:,13.34,56.27,50.50

OFFSETS ,"['42.50', '50.18', '40.41']"
GREENS ,"['24.82', '44.99', '13.70', '55.38']"
LAST_GREENS ,"['35.68', '8.31', '13.62']"
RESULTS:,30.17,33.93,46.00

OFFSETS ,"['42.90', '11.59', '41.32']"
GREENS ,"['53.49', '46.46', '13.70', '17.91']"
LAST_GREENS ,"['7.01', '6.84', '51.09']"
RESULTS:,124.89,72.24,48.50

OFFSETS ,"['45.89', '42.30', '42.09']"
GREENS ,"['59.94', '46.09', '7.03', '57.77']"
LAST_GREENS ,"['0.56', '13.88', '11.23']"
RESULTS:,17.28,17.61,20.50

OFFSETS ,"['45.89', '10.12', '23.80']"
GREENS ,"['49.08', '38.75', '13.83', '38.09']"
LAST_GREENS ,"['11.42', '14.42', '30.91']"
RESULTS:,66.79,42.11,37.00

OFFSETS ,"['45.89', '42.85', '23.51']"
GREENS ,"['24.78', '37.93', '5.68', '38.02']"
LAST_GREENS ,"['35.72', '23.39', '30.98']"
RESULTS:,49.15,27.74,23.67

OFFSETS ,"['45.89', '42.85', '23.60']"
GREENS ,"['48.52', '38.83', '6.97', '38.02']"
LAST_GREENS ,"['11.98', '21.20', '30.98']"
RESULTS:,50.08,28.08,24.67

OFFSETS ,"['46.22', '30.18', '23.80']"
GREENS ,"['59.81', '38.84', '6.97', '60.75']"
LAST_GREENS ,"['0.69', '21.19', '8.25']"
RESULTS:,40.51,28.48,39.67

OFFSETS ,"['42.50', '50.18', '40.41']"
GREENS ,"['25.11', '44.99', '14.35', '55.47']"
LAST_GREENS ,"['35.39', '7.66', '13.53']"
RESULTS:,28.48,36.66,47.50

OFFSETS ,"['72.62', '23.51', '51.92']"
GREENS ,"['9.01', '59.31', '5.93', '61.44']"
LAST_GREENS ,"['51.49', '1.76', '7.56']"
RESULTS:,15.14,56.26,51.00

OFFSETS ,"['24.79', '10.83', '2.74']"
GREENS ,"['41.41', '45.35', '6.60', '60.65']"
LAST_GREENS ,"['19.09', '15.05', '8.35']"
RESULTS:,28.07,23.11,26.67

OFFSETS ,"['45.84', '23.05', '23.03']"
GREENS ,"['24.35', '45.06', '5.67', '55.98']"
LAST_GREENS ,"['36.15', '16.27', '13.02']"
RESULTS:,12.70,12.05,10.00

OFFSETS ,"['70.91', '23.92', '51.16']"
GREENS ,"['53.41', '45.75', '5.91', '60.69']"
LAST_GREENS ,"['7.09', '15.34', '8.31']"
RESULTS:,47.86,38.16,43.33

OFFSETS ,"['42.50', '49.94', '40.38']"
GREENS ,"['24.82', '44.99', '13.73', '55.31']"
LAST_GREENS ,"['35.68', '8.28', '13.69']"
RESULTS:,30.17,33.93,46.00

OFFSETS ,"['72.62', '29.77', '50.43']"
GREENS ,"['41.36', '59.94', '5.90', '61.44']"
LAST_GREENS ,"['19.14', '1.16', '7.56']"
RESULTS:,17.18,56.89,50.50

OFFSETS ,"['25.92', '29.76', '40.61']"
GREENS ,"['24.79', '45.91', '13.81', '60.58']"
LAST_GREENS ,"['35.71', '7.28', '8.42']"
RESULTS:,29.44,42.91,50.00

OFFSETS ,"['42.55', '50.18', '40.41']"
GREENS ,"['27.09', '37.59', '13.70', '37.76']"
LAST_GREENS ,"['33.41', '15.71', '31.24']"
RESULTS:,42.60,26.87,23.67

OFFSETS ,"['25.93', '30.09', '40.33']"
GREENS ,"['34.89', '47.08', '13.69', '60.26']"
LAST_GREENS ,"['25.61', '6.23', '8.74']"
RESULTS:,28.88,41.76,50.00

OFFSETS ,"['42.70', '51.02', '39.99']"
GREENS ,"['24.82', '44.99', '9.04', '55.28']"
LAST_GREENS ,"['35.68', '12.97', '13.72']"
RESULTS:,28.25,24.72,27.00

OFFSETS ,"['27.09', '23.51', '51.92']"
GREENS ,"['53.02', '59.94', '5.90', '61.44']"
LAST_GREENS ,"['7.48', '1.16', '7.56']"
RESULTS:,12.49,53.63,51.00

OFFSETS ,"['46.07', '23.05', '23.39']"
GREENS ,"['24.35', '45.36', '5.67', '56.08']"
LAST_GREENS ,"['36.15', '15.97', '12.92']"
RESULTS:,10.39,9.66,8.33

OFFSETS ,"['25.94', '29.76', '40.41']"
GREENS ,"['26.32', '59.70', '6.00', '60.25']"
LAST_GREENS ,"['34.18', '1.29', '8.75']"
RESULTS:,13.31,54.46,50.50

OFFSETS ,"['24.90', '42.30', '42.09']"
GREENS ,"['59.62', '59.95', '7.00', '58.04']"
LAST_GREENS ,"['0.88', '0.04', '10.96']"
RESULTS:,5.54,68.54,49.50

OFFSETS ,"['26.29', '1.27', '40.22']"
GREENS ,"['40.86', '46.04', '5.27', '57.97']"
LAST_GREENS ,"['19.64', '15.69', '11.03']"
RESULTS:,36.72,29.88,24.00

OFFSETS ,"['24.79', '23.15', '1.11']"
GREENS ,"['41.41', '59.81', '5.90', '60.58']"
LAST_GREENS ,"['19.09', '1.29', '8.42']"
RESULTS:,13.61,52.28,51.00

OFFSETS ,"['42.70', '48.41', '2.67']"
GREENS ,"['40.05', '44.99', '9.04', '55.28']"
LAST_GREENS ,"['20.45', '12.97', '13.72']"
RESULTS:,24.36,25.06,34.00

OFFSETS ,"['73.37', '10.59', '49.76']"
GREENS ,"['40.84', '45.05', '5.95', '61.38']"
LAST_GREENS ,"['19.66', '16.00', '7.62']"
RESULTS:,41.72,39.49,36.00

OFFSETS ,"['25.93', '29.76', '41.26']"
GREENS ,"['26.29', '59.35', '6.01', '60.24']"
LAST_GREENS ,"['34.21', '1.65', '8.76']"
RESULTS:,12.29,52.48,51.00

OFFSETS ,"['45.89', '42.30', '1.62']"
GREENS ,"['58.32', '45.59', '13.44', '57.56']"
LAST_GREENS ,"['2.18', '7.97', '11.44']"
RESULTS:,22.24,32.82,49.50

OFFSETS ,"['25.96', '29.10', '1.85']"
GREENS ,"['53.50', '45.27', '5.01', '60.65']"
LAST_GREENS ,"['7.00', '16.73', '8.35']"
RESULTS:,34.20,28.32,22.50

OFFSETS ,"['27.36', '28.02', '41.02']"
GREENS ,"['40.86', '46.94', '5.04', '57.91']"
LAST_GREENS ,"['19.64', '15.02', '11.09']"
RESULTS:,15.10,15.37,16.00

OFFSETS ,"['25.94', '29.76', '40.41']"
GREENS ,"['60.10', '59.95', '6.97', '60.31']"
LAST_GREENS ,"['0.40', '0.08', '8.69']"
RESULTS:,4.67,69.41,49.50

OFFSETS ,"['24.90', '42.30', '42.09']"
GREENS ,"['25.20', '59.71', '6.04', '57.97']"
LAST_GREENS ,"['35.30', '1.25', '11.03']"
RESULTS:,11.14,47.11,51.00

OFFSETS ,"['74.14', '10.59', '1.72']"
GREENS ,"['41.03', '45.06', '6.59', '57.94']"
LAST_GREENS ,"['19.47', '15.35', '11.06']"
RESULTS:,21.77,19.08,16.50

OFFSETS ,"['45.54', '23.00', '23.03']"
GREENS ,"['24.35', '45.06', '5.67', '57.95']"
LAST_GREENS ,"['36.15', '16.27', '11.05']"
RESULTS:,15.92,14.46,16.33

OFFSETS ,"['45.84', '29.35', '42.18']"
GREENS ,"['24.35', '45.64', '5.67', '55.96']"
LAST_GREENS ,"['36.15', '15.69', '13.04']"
RESULTS:,14.79,14.70,15.50

OFFSETS ,"['27.02', '23.51', '42.04']"
GREENS ,"['53.05', '59.94', '5.90', '61.30']"
LAST_GREENS ,"['7.45', '1.16', '7.70']"
RESULTS:,10.28,60.16,50.50

OFFSETS ,"['46.77', '23.05', '23.76']"
GREENS ,"['24.02', '45.36', '5.67', '56.08']"
LAST_GREENS ,"['36.48', '15.97', '12.92']"
RESULTS:,11.26,10.48,8.67

OFFSETS ,"['46.10', '23.01', '42.09']"
GREENS ,"['59.62', '59.95', '5.69', '58.05']"
LAST_GREENS ,"['0.88', '1.36', '10.95']"
RESULTS:,11.98,47.04,51.50

OFFSETS ,"['27.80', '2.38', '52.78']"
GREENS ,"['59.62', '59.95', '7.03', '57.62']"
LAST_GREENS ,"['0.88', '0.02', '11.38']"
RESULTS:,8.50,70.12,49.50

OFFSETS ,"['46.07', '23.05', '23.69']"
GREENS ,"['24.35', '45.36', '5.67', '57.59']"
LAST_GREENS ,"['36.15', '15.97', '11.41']"
RESULTS:,14.06,12.92,15.33

OFFSETS ,"['46.07', '22.13', '23.30']"
GREENS ,"['59.62', '47.07', '7.03', '57.63']"
LAST_GREENS ,"['0.88', '12.90', '11.37']"
RESULTS:,20.09,22.59,34.50

OFFSETS ,"['45.45', '29.76', '41.92']"
GREENS ,"['23.80', '59.99', '6.97', '60.31']"
LAST_GREENS ,"['36.70', '0.04', '8.69']"
RESULTS:,4.88,69.42,49.50

OFFSETS ,"['45.85', '22.89', '41.92']"
GREENS ,"['24.34', '45.06', '5.67', '60.30']"
LAST_GREENS ,"['36.16', '16.27', '8.70']"
RESULTS:,33.99,30.11,26.00

OFFSETS ,"['23.88', '10.59', '51.42']"
GREENS ,"['40.31', '45.06', '6.63', '57.94']"
LAST_GREENS ,"['20.19', '15.31', '11.06']"
RESULTS:,29.86,25.88,23.50

OFFSETS ,"['24.52', '29.76', '40.41']"
GREENS ,"['59.44', '59.95', '6.97', '60.31']"
LAST_GREENS ,"['1.06', '0.08', '8.69']"
RESULTS:,4.91,69.32,49.50

OFFSETS ,"['46.07', '23.05', '23.63']"
GREENS ,"['24.35', '45.36', '5.67', '56.08']"
LAST_GREENS ,"['36.15', '15.97', '12.92']"
RESULTS:,10.39,9.66,8.33

OFFSETS ,"['45.44', '29.93', '42.04']"
GREENS ,"['23.81', '59.99', '6.97', '55.99']"
LAST_GREENS ,"['36.69', '0.04', '13.01']"
RESULTS:,5.27,69.28,49.50

OFFSETS ,"['47.93', '42.30', '2.42']"
GREENS ,"['59.99', '59.95', '6.97', '60.28']"
LAST_GREENS ,"['0.51', '0.08', '8.72']"
RESULTS:,4.88,68.46,49.50

OFFSETS ,"['45.89', '22.80', '51.08']"
GREENS ,"['59.66', '59.90', '7.05', '57.62']"
LAST_GREENS ,"['0.84', '0.05', '11.38']"
RESULTS:,7.83,70.45,49.50

OFFSETS ,"['46.07', '23.05', '23.39']"
GREENS ,"['24.25', '45.36', '5.67', '56.08']"
LAST_GREENS ,"['36.25', '15.97', '12.92']"
RESULTS:,10.39,9.66,8.33

OFFSETS ,"['44.76', '41.34', '41.07']"
GREENS ,"['41.64', '61.10', '6.60', '57.98']"
LAST_GREENS ,['-1.00']
RESULTS:,10000000.00,10000000.00,10000000.00

OFFSETS ,"['27.28', '23.03', '22.07']"
GREENS ,"['23.53', '59.98', '5.03', '60.23']"
LAST_GREENS ,"['36.97', '1.99', '8.77']"
RESULTS:,14.48,51.23,51.00

OFFSETS ,"['45.45', '29.76', '41.95']"
GREENS ,"['26.23', '59.99', '6.97', '60.31']"
LAST_GREENS ,"['34.27', '0.04', '8.69']"
RESULTS:,4.88,69.42,49.50

OFFSETS ,"['28.05', '42.04', '23.15']"
GREENS ,"['40.80', '46.07', '5.49', '55.97']"
LAST_GREENS ,"['19.70', '15.44', '13.03']"
RESULTS:,26.82,20.43,17.00

OFFSETS ,"['26.16', '42.49', '50.43']"
GREENS ,"['59.63', '44.72', '5.67', '55.98']"
LAST_GREENS ,"['0.87', '16.61', '13.02']"
RESULTS:,12.98,12.39,10.00

OFFSETS ,"['45.85', '23.06', '23.04']"
GREENS ,"['24.04', '45.36', '5.67', '56.08']"
LAST_GREENS ,"['36.46', '15.97', '12.92']"
RESULTS:,11.98,11.52,10.00

OFFSETS ,"['46.07', '23.05', '23.63']"
GREENS ,"['24.34', '45.36', '5.67', '55.98']"
LAST_GREENS ,"['36.16', '15.97', '13.02']"
RESULTS:,10.39,9.66,8.33

OFFSETS ,"['46.07', '23.05', '23.39']"
GREENS ,"['26.67', '45.36', '5.67', '55.98']"
LAST_GREENS ,"['33.83', '15.97', '13.02']"
RESULTS:,10.39,9.66,8.33

OFFSETS ,"['46.01', '23.05', '51.57']"
GREENS ,"['59.10', '44.68', '5.67', '55.98']"
LAST_GREENS ,"['1.40', '16.66', '13.02']"
RESULTS:,14.33,12.88,11.33

OFFSETS ,"['27.28', '23.03', '23.17']"
GREENS ,"['23.90', '46.07', '5.68', '55.97']"
LAST_GREENS ,"['36.60', '15.26', '13.03']"
RESULTS:,11.73,11.56,12.00

OFFSETS ,"['47.65', '23.05', '23.54']"
GREENS ,"['24.35', '45.23', '5.75', '55.98']"
LAST_GREENS ,"['36.15', '16.02', '13.02']"
RESULTS:,12.10,11.34,9.00

OFFSETS ,"['46.01', '23.05', '23.03']"
GREENS ,"['24.35', '45.49', '5.67', '56.07']"
LAST_GREENS ,"['36.15', '15.85', '12.93']"
RESULTS:,10.39,9.66,8.33

OFFSETS ,"['46.07', '23.05', '23.63']"
GREENS ,"['41.26', '45.36', '5.49', '56.08']"
LAST_GREENS ,"['19.24', '16.15', '12.92']"
RESULTS:,10.39,9.66,8.33

OFFSETS ,"['47.70', '42.30', '51.93']"
GREENS ,"['60.06', '59.95', '5.67', '56.06']"
LAST_GREENS ,"['0.44', '1.38', '12.94']"
RESULTS:,11.51,47.28,51.00

OFFSETS ,"['46.07', '23.30', '23.59']"
GREENS ,"['57.21', '45.36', '5.67', '61.46']"
LAST_GREENS ,"['3.29', '15.97', '7.54']"
RESULTS:,27.17,23.94,27.00

OFFSETS ,"['46.77', '23.06', '23.75']"
GREENS ,"['59.11', '60.27', '7.00', '56.08']"
LAST_GREENS ,['-1.00']
RESULTS:,10000000.00,10000000.00,10000000.00

OFFSETS ,"['47.82', '42.30', '51.98']"
GREENS ,"['59.62', '59.95', '6.97', '60.54']"
LAST_GREENS ,"['0.88', '0.08', '8.46']"
RESULTS:,4.29,69.10,49.50

OFFSETS ,"['45.85', '23.22', '23.34']"
GREENS ,"['24.35', '45.36', '5.67', '55.91']"
LAST_GREENS ,"['36.15', '15.98', '13.09']"
RESULTS:,10.39,9.66,8.33

OFFSETS ,"['48.57', '42.30', '42.28']"
GREENS ,"['60.06', '59.95', '7.05', '61.36']"
LAST_GREENS ,"['0.44', '0.01', '7.64']"
RESULTS:,4.00,70.45,49.50

OFFSETS ,"['25.11', '42.25', '43.06']"
GREENS ,"['59.63', '45.40', '5.71', '61.36']"
LAST_GREENS ,"['0.87', '15.89', '7.64']"
RESULTS:,31.20,28.19,40.00

OFFSETS ,"['46.07', '42.28', '23.39']"
GREENS ,"['24.35', '60.49', '5.70', '56.08']"
LAST_GREENS ,"['36.15', '0.82', '12.92']"
RESULTS:,10.87,45.50,51.00

OFFSETS ,"['25.94', '40.26', '39.89']"
GREENS ,"['60.06', '59.95', '7.05', '61.36']"
LAST_GREENS ,"['0.44', '0.01', '7.64']"
RESULTS:,4.45,69.98,49.50

OFFSETS ,"['23.63', '42.30', '42.09']"
GREENS ,"['59.40', '59.95', '7.04', '61.32']"
LAST_GREENS ,"['1.10', '0.00', '7.68']"
RESULTS:,4.44,70.76,49.50

OFFSETS ,"['25.11', '23.07', '42.14']"
GREENS ,"['23.07', '60.85', '5.53', '61.36']"
LAST_GREENS ,"['37.43', '0.62', '7.64']"
RESULTS:,10.64,60.41,50.50

OFFSETS ,"['46.07', '41.81', '18.45']"
GREENS ,"['24.66', '45.36', '5.67', '56.20']"
LAST_GREENS ,"['35.84', '15.97', '12.80']"
RESULTS:,28.21,20.58,12.00

OFFSETS ,"['25.67', '42.30', '42.14']"
GREENS ,"['59.62', '59.95', '6.97', '61.36']"
LAST_GREENS ,"['0.88', '0.08', '7.64']"
RESULTS:,4.38,70.58,49.50

OFFSETS ,"['47.70', '23.57', '22.46']"
GREENS ,"['59.69', '59.95', '5.70', '60.28']"
LAST_GREENS ,"['0.81', '1.35', '8.72']"
RESULTS:,17.78,52.29,51.00

OFFSETS ,"['46.80', '23.81', '23.59']"
GREENS ,"['59.68', '59.95', '7.04', '61.14']"
LAST_GREENS ,"['0.82', '0.00', '7.86']"
RESULTS:,7.71,71.56,50.00

OFFSETS ,"['46.07', '23.05', '23.63']"
GREENS ,"['24.35', '45.36', '5.67', '56.08']"
LAST_GREENS ,"['36.15', '15.97', '12.92']"
RESULTS:,10.39,9.66,8.33

OFFSETS ,"['46.00', '23.05', '23.39']"
GREENS ,"['25.00', '45.78', '5.67', '56.08']"
LAST_GREENS ,"['35.50', '15.55', '12.92']"
RESULTS:,11.22,10.68,8.33

OFFSETS ,"['46.07', '23.05', '23.63']"
GREENS ,"['24.35', '45.36', '5.67', '56.08']"
LAST_GREENS ,"['36.15', '15.97', '12.92']"
RESULTS:,10.39,9.66,8.33

OFFSETS ,"['46.07', '23.05', '23.38']"
GREENS ,"['26.67', '45.36', '5.67', '55.98']"
LAST_GREENS ,"['33.83', '15.97', '13.02']"
RESULTS:,10.39,9.66,8.33

OFFSETS ,"['46.01', '23.05', '23.39']"
GREENS ,"['24.35', '45.50', '5.67', '56.07']"
LAST_GREENS ,"['36.15', '15.84', '12.93']"
RESULTS:,10.39,9.66,8.33

OFFSETS ,"['46.08', '23.05', '23.63']"
GREENS ,"['41.26', '45.36', '5.49', '55.85']"
LAST_GREENS ,"['19.24', '16.15', '13.15']"
RESULTS:,10.39,9.66,8.33

OFFSETS ,"['46.02', '43.12', '24.15']"
GREENS ,"['59.19', '45.43', '5.66', '61.62']"
LAST_GREENS ,"['1.31', '15.91', '7.38']"
RESULTS:,35.62,32.17,32.00

OFFSETS ,"['46.07', '23.05', '23.63']"
GREENS ,"['24.01', '45.36', '5.67', '56.07']"
LAST_GREENS ,"['36.49', '15.97', '12.93']"
RESULTS:,10.39,9.66,8.33

OFFSETS ,"['46.07', '23.05', '23.63']"
GREENS ,"['24.34', '45.36', '5.67', '55.98']"
LAST_GREENS ,"['36.16', '15.97', '13.02']"
RESULTS:,10.39,9.66,8.33

OFFSETS ,"['32.80', '23.05', '24.90']"
GREENS ,"['24.35', '46.53', '4.89', '55.98']"
LAST_GREENS ,"['36.15', '15.58', '13.02']"
RESULTS:,12.62,12.19,10.00

OFFSETS ,"['46.07', '23.05', '23.39']"
GREENS ,"['24.25', '45.36', '5.67', '55.99']"
LAST_GREENS ,"['36.25', '15.97', '13.01']"
RESULTS:,10.39,9.66,8.33

OFFSETS ,"['46.07', '23.05', '23.65']"
GREENS ,"['24.11', '45.36', '5.47', '56.08']"
LAST_GREENS ,"['36.39', '16.17', '12.92']"
RESULTS:,10.39,9.66,8.33

OFFSETS ,"['46.07', '23.05', '23.03']"
GREENS ,"['24.35', '45.36', '5.67', '56.08']"
LAST_GREENS ,"['36.15', '15.97', '12.92']"
RESULTS:,10.39,9.66,8.33

OFFSETS ,"['46.02', '23.05', '23.39']"
GREENS ,"['24.35', '45.35', '5.67', '56.08']"
LAST_GREENS ,"['36.15', '15.99', '12.92']"
RESULTS:,10.39,9.66,8.33

OFFSETS ,"['46.78', '23.05', '23.03']"
GREENS ,"['24.43', '60.01', '7.05', '55.72']"
LAST_GREENS ,['-1.00']
RESULTS:,10000000.00,10000000.00,10000000.00

OFFSETS ,"['46.03', '23.05', '23.63']"
GREENS ,"['41.60', '45.36', '5.67', '55.85']"
LAST_GREENS ,"['18.90', '15.97', '13.15']"
RESULTS:,10.39,9.66,8.33

OFFSETS ,"['46.80', '43.12', '24.15']"
GREENS ,"['59.40', '46.35', '7.04', '61.36']"
LAST_GREENS ,"['1.10', '13.60', '7.64']"
RESULTS:,31.70,34.76,40.00

OFFSETS ,"['48.32', '23.05', '24.89']"
GREENS ,"['59.10', '59.37', '5.67', '55.98']"
LAST_GREENS ,"['1.40', '1.96', '13.02']"
RESULTS:,11.83,46.86,51.00

OFFSETS ,"['46.07', '23.05', '23.63']"
GREENS ,"['41.04', '45.36', '5.67', '55.98']"
LAST_GREENS ,"['19.46', '15.97', '13.02']"
RESULTS:,10.39,9.66,8.33

OFFSETS ,"['46.02', '23.05', '23.40']"
GREENS ,"['24.35', '45.50', '5.67', '56.07']"
LAST_GREENS ,"['36.15', '15.84', '12.93']"
RESULTS:,10.39,9.66,8.33

OFFSETS ,"['46.07', '23.05', '23.63']"
GREENS ,"['24.35', '45.36', '5.67', '55.98']"
LAST_GREENS ,"['36.15', '15.97', '13.02']"
RESULTS:,10.39,9.66,8.33

OFFSETS ,"['46.07', '23.05', '23.39']"
GREENS ,"['24.24', '45.36', '5.48', '56.08']"
LAST_GREENS ,"['36.26', '16.16', '12.92']"
RESULTS:,10.39,9.66,8.33

OFFSETS ,"['46.01', '23.05', '23.41']"
GREENS ,"['25.42', '45.77', '5.67', '55.98']"
LAST_GREENS ,"['35.08', '15.56', '13.02']"
RESULTS:,11.22,10.68,8.33

OFFSETS ,"['46.02', '23.05', '23.62']"
GREENS ,"['24.35', '45.35', '5.67', '55.86']"
LAST_GREENS ,"['36.15', '15.99', '13.14']"
RESULTS:,10.39,9.66,8.33

OFFSETS ,"['46.05', '23.65', '24.15']"
GREENS ,"['57.44', '61.11', '7.04', '56.06']"
LAST_GREENS ,['-1.00']
RESULTS:,10000000.00,10000000.00,10000000.00

OFFSETS ,"['46.02', '23.05', '23.63']"
GREENS ,"['24.56', '45.36', '5.49', '55.85']"
LAST_GREENS ,"['35.94', '16.15', '13.15']"
RESULTS:,10.39,9.66,8.33

OFFSETS ,"['46.01', '23.05', '23.62']"
GREENS ,"['41.26', '45.36', '5.67', '55.85']"
LAST_GREENS ,"['19.24', '15.97', '13.15']"
RESULTS:,10.39,9.66,8.33

OFFSETS ,"['46.01', '23.05', '23.39']"
GREENS ,"['43.06', '45.50', '5.67', '55.85']"
LAST_GREENS ,"['17.44', '15.83', '13.15']"
RESULTS:,10.39,9.66,8.33

OFFSETS ,"['46.03', '23.05', '23.40']"
GREENS ,"['41.60', '45.36', '5.67', '56.08']"
LAST_GREENS ,"['18.90', '15.97', '12.92']"
RESULTS:,10.39,9.66,8.33

OFFSETS ,"['46.07', '23.05', '23.65']"
GREENS ,"['24.35', '45.36', '5.67', '56.08']"
LAST_GREENS ,"['36.15', '15.97', '12.92']"
RESULTS:,10.39,9.66,8.33

OFFSETS ,"['46.07', '23.05', '23.65']"
GREENS ,"['24.11', '45.36', '5.67', '56.08']"
LAST_GREENS ,"['36.39', '15.97', '12.92']"
RESULTS:,10.39,9.66,8.33

OFFSETS ,"['46.07', '23.05', '23.39']"
GREENS ,"['24.34', '45.78', '5.67', '56.08']"
LAST_GREENS ,"['36.16', '15.55', '12.92']"
RESULTS:,11.22,10.68,8.33

OFFSETS ,"['46.01', '23.05', '24.89']"
GREENS ,"['59.10', '45.77', '5.67', '55.98']"
LAST_GREENS ,"['1.40', '15.56', '13.02']"
RESULTS:,10.24,9.65,9.00

OFFSETS ,"['46.03', '23.05', '23.63']"
GREENS ,"['41.60', '45.36', '5.48', '55.86']"
LAST_GREENS ,"['18.90', '16.17', '13.14']"
RESULTS:,10.39,9.66,8.33

OFFSETS ,"['46.01', '23.05', '24.89']"
GREENS ,"['56.61', '45.35', '5.67', '56.08']"
LAST_GREENS ,"['3.89', '15.99', '12.92']"
RESULTS:,10.36,10.02,8.67

OFFSETS ,"['46.11', '23.05', '23.75']"
GREENS ,"['24.36', '45.75', '5.67', '56.08']"
LAST_GREENS ,"['36.14', '15.58', '12.92']"
RESULTS:,11.22,10.68,8.33

OFFSETS ,"['46.07', '23.05', '23.65']"
GREENS ,"['24.11', '45.36', '5.66', '56.08']"
LAST_GREENS ,"['36.39', '15.98', '12.92']"
RESULTS:,10.39,9.66,8.33

OFFSETS ,"['46.07', '23.05', '23.98']"
GREENS ,"['24.74', '59.72', '5.67', '56.01']"
LAST_GREENS ,"['35.76', '1.61', '12.99']"
RESULTS:,12.30,46.89,50.50

OFFSETS ,"['46.08', '23.05', '23.63']"
GREENS ,"['41.60', '45.36', '5.67', '55.86']"
LAST_GREENS ,"['18.90', '15.97', '13.14']"
RESULTS:,10.39,9.66,8.33

OFFSETS ,"['46.06', '42.30', '23.05']"
GREENS ,"['60.00', '45.42', '7.05', '61.36']"
LAST_GREENS ,"['0.50', '14.53', '7.64']"
RESULTS:,36.02,35.59,33.50

OFFSETS ,"['46.02', '23.05', '23.39']"
GREENS ,"['24.35', '45.36', '5.67', '56.07']"
LAST_GREENS ,"['36.15', '15.97', '12.93']"
RESULTS:,10.39,9.66,8.33

OFFSETS ,"['46.72', '23.05', '42.87']"
GREENS ,"['24.01', '59.88', '5.48', '56.08']"
LAST_GREENS ,"['36.49', '1.63', '12.92']"
RESULTS:,12.92,47.14,50.50

OFFSETS ,"['46.79', '43.12', '24.15']"
GREENS ,"['59.92', '59.56', '7.04', '61.36']"
LAST_GREENS ,"['0.58', '0.40', '7.64']"
RESULTS:,3.81,70.59,50.00

OFFSETS ,"['46.07', '23.05', '23.63']"
GREENS ,"['23.35', '45.36', '5.48', '56.08']"
LAST_GREENS ,"['37.15', '16.16', '12.92']"
RESULTS:,10.39,9.66,8.33

OFFSETS ,"['46.75', '42.23', '23.63']"
GREENS ,"['24.35', '45.98', '5.67', '55.98']"
LAST_GREENS ,"['36.15', '15.35', '13.02']"
RESULTS:,26.62,19.29,12.67

OFFSETS ,"['46.00', '23.05', '24.92']"
GREENS ,"['24.03', '45.34', '5.67', '56.07']"
LAST_GREENS ,"['36.47', '15.99', '12.93']"
RESULTS:,10.36,10.02,8.67

OFFSETS ,"['46.00', '23.05', '24.89']"
GREENS ,"['59.10', '45.35', '5.67', '55.98']"
LAST_GREENS ,"['1.40', '15.99', '13.02']"
RESULTS:,10.36,10.02,8.67

OFFSETS ,"['46.07', '23.05', '25.07']"
GREENS ,"['23.76', '45.36', '5.67', '56.15']"
LAST_GREENS ,"['36.74', '15.97', '12.85']"
RESULTS:,10.36,10.02,8.67

OFFSETS ,"['46.07', '23.05', '23.63']"
GREENS ,"['23.35', '45.78', '5.67', '56.08']"
LAST_GREENS ,"['37.15', '15.55', '12.92']"
RESULTS:,11.22,10.68,8.33

OFFSETS ,"['46.07', '23.05', '23.45']"
GREENS ,"['23.76', '45.36', '5.65', '56.08']"
LAST_GREENS ,"['36.74', '15.99', '12.92']"
RESULTS:,10.39,9.66,8.33

OFFSETS ,"['46.12', '23.95', '24.15']"
GREENS ,"['59.92', '58.93', '7.04', '61.36']"
LAST_GREENS ,"['0.58', '1.02', '7.64']"
RESULTS:,20.07,54.08,50.50

OFFSETS ,"['46.07', '23.05', '23.61']"
GREENS ,"['59.26', '45.79', '5.67', '55.98']"
LAST_GREENS ,"['1.24', '15.54', '13.02']"
RESULTS:,11.22,10.68,8.33

OFFSETS ,"['46.07', '23.05', '23.45']"
GREENS ,"['24.10', '45.36', '5.66', '56.08']"
LAST_GREENS ,"['36.40', '15.98', '12.92']"
RESULTS:,10.39,9.66,8.33

OFFSETS ,"['46.07', '23.05', '23.39']"
GREENS ,"['24.35', '45.36', '5.61', '56.08']"
LAST_GREENS ,"['36.15', '16.03', '12.92']"
RESULTS:,10.39,9.66,8.33

OFFSETS ,"['46.09', '42.51', '42.07']"
GREENS ,"['60.06', '45.67', '6.80', '61.36']"
LAST_GREENS ,"['0.44', '14.52', '7.64']"
RESULTS:,29.88,27.99,30.67

OFFSETS ,"['46.00', '23.05', '24.91']"
GREENS ,"['24.94', '45.75', '5.71', '55.98']"
LAST_GREENS ,"['35.56', '15.54', '13.02']"
RESULTS:,10.24,9.65,9.00

OFFSETS ,"['46.01', '42.35', '42.28']"
GREENS ,"['60.06', '60.73', '5.69', '55.98']"
LAST_GREENS ,"['0.44', '0.58', '13.02']"
RESULTS:,5.09,69.10,49.50

OFFSETS ,"['46.07', '23.05', '24.87']"
GREENS ,"['24.34', '45.75', '3.42', '56.08']"
LAST_GREENS ,"['36.16', '17.83', '12.92']"
RESULTS:,9.78,8.98,9.00

OFFSETS ,"['46.02', '23.05', '23.39']"
GREENS ,"['59.95', '45.36', '2.82', '55.99']"
LAST_GREENS ,"['0.55', '18.83', '13.01']"
RESULTS:,9.48,8.75,10.00

OFFSETS ,"['46.02', '23.05', '24.81']"
GREENS ,"['24.37', '45.36', '5.67', '56.16']"
LAST_GREENS ,"['36.13', '15.97', '12.84']"
RESULTS:,10.36,10.02,8.67

OFFSETS ,"['46.79', '43.12', '24.15']"
GREENS ,"['59.92', '45.52', '7.18', '56.10']"
LAST_GREENS ,"['0.58', '14.30', '12.90']"
RESULTS:,28.29,22.91,22.50

OFFSETS ,"['46.72', '23.05', '24.91']"
GREENS ,"['24.94', '59.76', '5.64', '55.98']"
LAST_GREENS ,"['35.56', '1.60', '13.02']"
RESULTS:,12.27,46.92,50.00

OFFSETS ,"['45.99', '42.29', '24.15']"
GREENS ,"['59.92', '45.55', '7.12', '61.36']"
LAST_GREENS ,"['0.58', '14.33', '7.64']"
RESULTS:,36.18,34.05,29.33

OFFSETS ,"['46.10', '42.29', '23.91']"
GREENS ,"['59.38', '59.75', '5.48', '61.39']"
LAST_GREENS ,"['1.12', '1.77', '7.61']"
RESULTS:,13.17,51.48,50.50

OFFSETS ,"['46.79', '43.12', '24.00']"
GREENS ,"['60.06', '59.55', '7.05', '61.36']"
LAST_GREENS ,"['0.44', '0.41', '7.64']"
RESULTS:,3.81,70.59,50.00

OFFSETS ,"['46.02', '23.05', '23.65']"
GREENS ,"['23.78', '45.36', '5.67', '56.07']"
LAST_GREENS ,"['36.72', '15.97', '12.93']"
RESULTS:,10.39,9.66,8.33

OFFSETS ,"['46.71', '42.30', '42.44']"
GREENS ,"['59.92', '59.95', '7.04', '61.36']"
LAST_GREENS ,"['0.58', '0.00', '7.64']"
RESULTS:,3.99,70.51,49.50

OFFSETS ,"['46.07', '23.05', '24.79']"
GREENS ,"['24.35', '45.36', '5.67', '56.16']"
LAST_GREENS ,"['36.15', '15.97', '12.84']"
RESULTS:,10.36,10.02,8.67

OFFSETS ,"['46.02', '23.05', '24.81']"
GREENS ,"['24.35', '45.36', '3.18', '55.98']"
LAST_GREENS ,"['36.15', '18.46', '13.02']"
RESULTS:,9.92,9.31,8.00

OFFSETS ,"['46.02', '43.68', '23.39']"
GREENS ,"['27.01', '45.36', '2.99', '55.99']"
LAST_GREENS ,"['33.49', '18.65', '13.01']"
RESULTS:,26.48,17.68,14.67

OFFSETS ,"['46.81', '43.18', '24.15']"
GREENS ,"['59.92', '59.55', '7.04', '56.05']"
LAST_GREENS ,"['0.58', '0.41', '12.95']"
RESULTS:,6.34,73.49,50.00

OFFSETS ,"['46.01', '23.05', '24.87']"
GREENS ,"['25.01', '45.75', '3.08', '56.08']"
LAST_GREENS ,"['35.49', '18.17', '12.92']"
RESULTS:,9.78,8.98,9.00

OFFSETS ,"['46.07', '23.05', '24.79']"
GREENS ,"['24.35', '45.36', '5.67', '56.16']"
LAST_GREENS ,"['36.15', '15.97', '12.84']"
RESULTS:,10.36,10.02,8.67

OFFSETS ,"['46.71', '42.90', '42.44']"
GREENS ,"['27.56', '59.95', '7.04', '56.33']"
LAST_GREENS ,"['32.94', '0.00', '12.67']"
RESULTS:,5.40,69.17,49.50

OFFSETS ,"['46.07', '23.05', '23.39']"
GREENS ,"['24.35', '45.36', '3.04', '56.08']"
LAST_GREENS ,"['36.15', '18.60', '12.92']"
RESULTS:,9.48,8.75,10.00

OFFSETS ,"['46.00', '22.99', '23.39']"
GREENS ,"['59.95', '45.37', '2.82', '61.30']"
LAST_GREENS ,"['0.55', '18.82', '7.70']"
RESULTS:,26.81,22.35,32.33

OFFSETS ,"['46.05', '22.68', '42.28']"
GREENS ,"['60.06', '45.84', '7.05', '55.96']"
LAST_GREENS ,"['0.44', '14.11', '13.04']"
RESULTS:,18.12,18.77,24.50

OFFSETS ,"['46.07', '23.05', '23.39']"
GREENS ,"['24.34', '45.75', '3.42', '56.08']"
LAST_GREENS ,"['36.16', '17.83', '12.92']"
RESULTS:,9.18,8.60,9.33

OFFSETS ,"['46.07', '43.99', '23.41']"
GREENS ,"['23.80', '44.35', '5.67', '56.08']"
LAST_GREENS ,"['36.70', '16.98', '12.92']"
RESULTS:,27.39,18.95,12.67

OFFSETS ,"['46.08', '43.14', '23.98']"
GREENS ,"['23.47', '59.94', '5.51', '56.14']"
LAST_GREENS ,"['37.03', '1.55', '12.86']"
RESULTS:,10.70,45.68,51.50

OFFSETS ,"['46.77', '23.05', '24.00']"
GREENS ,"['26.43', '45.43', '7.06', '56.07']"
LAST_GREENS ,"['34.07', '14.51', '12.93']"
RESULTS:,15.51,15.73,22.00

OFFSETS ,"['46.02', '23.05', '24.79']"
GREENS ,"['24.36', '45.36', '3.05', '61.01']"
LAST_GREENS ,"['36.14', '18.59', '7.99']"
RESULTS:,24.57,20.94,30.33

OFFSETS ,"['46.07', '24.28', '24.87']"
GREENS ,"['24.34', '45.97', '3.42', '56.08']"
LAST_GREENS ,"['36.16', '17.61', '12.92']"
RESULTS:,9.34,8.79,9.00

OFFSETS ,"['46.83', '23.05', '24.16']"
GREENS ,"['59.58', '44.51', '7.03', '55.96']"
LAST_GREENS ,"['0.92', '15.46', '13.04']"
RESULTS:,14.05,13.83,16.50

OFFSETS ,"['46.02', '24.24', '24.81']"
GREENS ,"['24.35', '45.36', '3.44', '56.08']"
LAST_GREENS ,"['36.15', '18.20', '12.92']"
RESULTS:,9.34,8.79,9.00

OFFSETS ,"['46.70', '42.30', '42.28']"
GREENS ,"['60.06', '59.95', '7.05', '61.36']"
LAST_GREENS ,"['0.44', '0.01', '7.64']"
RESULTS:,3.99,70.51,49.50

OFFSETS ,"['46.70', '42.30', '42.28']"
GREENS ,"['60.06', '59.73', '7.05', '61.36']"
LAST_GREENS ,"['0.44', '0.22', '7.64']"
RESULTS:,3.99,70.51,49.50

OFFSETS ,"['46.05', '43.07', '24.81']"
GREENS ,"['23.67', '60.80', '3.46', '64.41']"
LAST_GREENS ,"['36.83', '2.74', '4.59']"
RESULTS:,12.47,61.95,51.00

OFFSETS ,"['46.07', '23.09', '24.87']"
GREENS ,"['24.34', '45.75', '3.05', '56.08']"
LAST_GREENS ,"['36.16', '18.19', '12.92']"
RESULTS:,9.78,8.98,9.00

OFFSETS ,"['46.71', '42.30', '42.28']"
GREENS ,"['60.06', '59.95', '7.05', '61.28']"
LAST_GREENS ,"['0.44', '0.01', '7.72']"
RESULTS:,3.99,70.51,49.50

OFFSETS ,"['46.71', '22.47', '24.15']"
GREENS ,"['59.92', '45.69', '7.04', '61.31']"
LAST_GREENS ,"['0.58', '14.26', '7.69']"
RESULTS:,35.71,33.28,36.00

OFFSETS ,"['46.03', '43.11', '24.58']"
GREENS ,"['58.95', '59.95', '7.04', '61.36']"
LAST_GREENS ,"['1.55', '0.00', '7.64']"
RESULTS:,4.40,70.01,50.00

OFFSETS ,"['46.07', '23.29', '24.10']"
GREENS ,"['58.76', '45.60', '7.25', '61.44']"
LAST_GREENS ,"['1.74', '14.15', '7.56']"
RESULTS:,34.80,32.26,35.00

OFFSETS ,"['46.71', '42.30', '42.28']"
GREENS ,"['60.06', '59.42', '7.05', '56.30']"
LAST_GREENS ,"['0.44', '0.53', '12.70']"
RESULTS:,6.02,69.40,49.50

OFFSETS ,"['46.07', '23.05', '23.39']"
GREENS ,"['24.34', '45.79', '3.07', '56.08']"
LAST_GREENS ,"['36.16', '18.15', '12.92']"
RESULTS:,9.18,8.60,9.33

OFFSETS ,"['46.03', '42.30', '42.45']"
GREENS ,"['58.97', '46.23', '7.35', '61.36']"
LAST_GREENS ,"['1.53', '13.42', '7.64']"
RESULTS:,28.30,26.22,28.67

OFFSETS ,"['45.92', '24.03', '24.16']"
GREENS ,"['24.36', '60.19', '7.04', '55.74']"
LAST_GREENS ,['-1.00']
RESULTS:,10000000.00,10000000.00,10000000.00

OFFSETS ,"['46.79', '43.12', '23.76']"
GREENS ,"['59.40', '59.94', '7.04', '61.36']"
LAST_GREENS ,"['1.10', '0.01', '7.64']"
RESULTS:,3.81,70.59,50.00

OFFSETS ,"['46.07', '23.28', '24.12']"
GREENS ,"['58.45', '45.77', '3.42', '56.08']"
LAST_GREENS ,"['2.05', '17.81', '12.92']"
RESULTS:,9.80,9.27,8.00

OFFSETS ,"['46.70', '42.32', '42.28']"
GREENS ,"['60.06', '59.73', '7.05', '61.36']"
LAST_GREENS ,"['0.44', '0.22', '7.64']"
RESULTS:,3.99,70.51,49.50

OFFSETS ,"['46.03', '42.30', '42.77']"
GREENS ,"['58.97', '59.96', '7.04', '61.36']"
LAST_GREENS ,['-1.00']
RESULTS:,10000000.00,10000000.00,10000000.00

OFFSETS ,"['46.70', '42.33', '42.28']"
GREENS ,"['60.06', '59.95', '7.05', '61.36']"
LAST_GREENS ,"['0.44', '0.01', '7.64']"
RESULTS:,3.99,70.51,49.50

OFFSETS ,"['46.70', '43.12', '24.00']"
GREENS ,"['60.06', '59.55', '7.05', '61.36']"
LAST_GREENS ,"['0.44', '0.41', '7.64']"
RESULTS:,4.39,70.27,50.00

OFFSETS ,"['46.07', '24.04', '24.18']"
GREENS ,"['24.34', '45.30', '3.42', '56.08']"
LAST_GREENS ,"['36.16', '18.27', '12.92']"
RESULTS:,9.09,8.48,8.00

OFFSETS ,"['46.79', '42.31', '42.35']"
GREENS ,"['59.39', '59.56', '7.04', '61.36']"
LAST_GREENS ,"['1.11', '0.40', '7.64']"
RESULTS:,3.99,70.51,49.50

OFFSETS ,"['46.07', '23.85', '23.39']"
GREENS ,"['24.34', '45.75', '3.07', '56.08']"
LAST_GREENS ,"['36.16', '18.17', '12.92']"
RESULTS:,8.95,8.30,8.67

OFFSETS ,"['46.79', '42.30', '42.09']"
GREENS ,"['60.01', '59.94', '7.05', '61.28']"
LAST_GREENS ,"['0.49', '0.01', '7.72']"
RESULTS:,3.99,70.51,49.50

OFFSETS ,"['46.80', '42.30', '42.28']"
GREENS ,"['60.06', '59.95', '7.05', '61.36']"
LAST_GREENS ,"['0.44', '0.01', '7.64']"
RESULTS:,3.99,70.51,49.50

OFFSETS ,"['46.71', '43.12', '24.02']"
GREENS ,"['60.05', '59.57', '7.04', '61.36']"
LAST_GREENS ,"['0.45', '0.38', '7.64']"
RESULTS:,4.39,70.27,50.00

OFFSETS ,"['45.92', '24.03', '42.50']"
GREENS ,"['25.59', '45.36', '7.02', '56.14']"
LAST_GREENS ,"['34.91', '14.62', '12.86']"
RESULTS:,18.17,18.94,25.50

OFFSETS ,"['46.80', '42.32', '41.80']"
GREENS ,"['60.01', '59.94', '7.05', '61.36']"
LAST_GREENS ,"['0.49', '0.01', '7.64']"
RESULTS:,3.99,70.51,49.50

OFFSETS ,"['46.07', '43.54', '24.18']"
GREENS ,"['24.34', '46.27', '3.41', '56.08']"
LAST_GREENS ,"['36.16', '17.32', '12.92']"
RESULTS:,23.47,16.18,12.00

OFFSETS ,"['46.79', '43.12', '24.89']"
GREENS ,"['60.06', '59.55', '7.04', '61.36']"
LAST_GREENS ,"['0.44', '0.40', '7.64']"
RESULTS:,4.31,69.58,50.00

OFFSETS ,"['46.71', '42.30', '42.28']"
GREENS ,"['60.06', '59.95', '7.04', '61.36']"
LAST_GREENS ,"['0.44', '0.01', '7.64']"
RESULTS:,3.99,70.51,49.50

OFFSETS ,"['45.92', '24.43', '24.16']"
GREENS ,"['23.34', '45.03', '3.32', '56.14']"
LAST_GREENS ,"['37.16', '18.64', '12.86']"
RESULTS:,9.31,8.58,11.00

OFFSETS ,"['46.79', '43.12', '41.92']"
GREENS ,"['60.06', '59.54', '7.05', '61.36']"
LAST_GREENS ,"['0.44', '0.42', '7.64']"
RESULTS:,4.26,69.27,49.50

OFFSETS ,"['46.07', '23.33', '24.15']"
GREENS ,"['24.34', '45.30', '7.03', '56.08']"
LAST_GREENS ,"['36.16', '14.66', '12.92']"
RESULTS:,13.33,12.96,13.00

OFFSETS ,"['46.06', '42.31', '42.53']"
GREENS ,"['59.94', '59.56', '7.04', '61.36']"
LAST_GREENS ,"['0.56', '0.40', '7.64']"
RESULTS:,4.03,69.92,49.50

OFFSETS ,"['46.81', '23.85', '23.21']"
GREENS ,"['24.34', '45.75', '3.07', '56.08']"
LAST_GREENS ,"['36.16', '18.17', '12.92']"
RESULTS:,9.64,8.63,10.33

OFFSETS ,"['46.79', '42.30', '42.29']"
GREENS ,"['57.09', '59.94', '7.05', '61.29']"
LAST_GREENS ,"['3.41', '0.01', '7.71']"
RESULTS:,3.99,70.51,49.50

OFFSETS ,"['46.79', '43.12', '24.18']"
GREENS ,"['59.92', '59.55', '7.04', '61.36']"
LAST_GREENS ,"['0.58', '0.40', '7.64']"
RESULTS:,3.81,70.59,50.00

OFFSETS ,"['46.70', '42.30', '42.28']"
GREENS ,"['60.06', '59.95', '7.05', '61.36']"
LAST_GREENS ,"['0.44', '0.01', '7.64']"
RESULTS:,3.99,70.51,49.50

OFFSETS ,"['46.70', '42.30', '42.28']"
GREENS ,"['60.06', '59.95', '7.05', '61.36']"
LAST_GREENS ,"['0.44', '0.01', '7.64']"
RESULTS:,3.99,70.51,49.50

OFFSETS ,"['46.07', '23.85', '23.39']"
GREENS ,"['24.34', '45.75', '3.34', '61.12']"
LAST_GREENS ,"['36.16', '17.91', '7.88']"
RESULTS:,26.48,22.55,28.67

OFFSETS ,"['46.70', '42.33', '24.03']"
GREENS ,"['60.06', '59.95', '7.05', '61.36']"
LAST_GREENS ,"['0.44', '0.01', '7.64']"
RESULTS:,3.81,70.66,50.00

OFFSETS ,"['46.81', '42.30', '42.87']"
GREENS ,"['57.09', '59.95', '3.05', '61.35']"
LAST_GREENS ,"['3.41', '4.00', '7.65']"
RESULTS:,14.15,55.45,50.00

OFFSETS ,"['45.93', '24.03', '24.16']"
GREENS ,"['24.36', '45.36', '3.42', '56.14']"
LAST_GREENS ,"['36.14', '18.22', '12.86']"
RESULTS:,9.09,8.48,8.00

OFFSETS ,"['46.80', '42.30', '44.09']"
GREENS ,"['60.06', '59.55', '7.05', '61.36']"
LAST_GREENS ,"['0.44', '0.40', '7.64']"
RESULTS:,3.94,70.46,49.50

OFFSETS ,"['46.06', '23.85', '22.80']"
GREENS ,"['24.34', '45.75', '7.06', '56.08']"
LAST_GREENS ,"['36.16', '14.18', '12.92']"
RESULTS:,14.82,15.00,20.50

OFFSETS ,"['45.92', '24.03', '24.16']"
GREENS ,"['24.36', '45.32', '3.06', '56.14']"
LAST_GREENS ,"['36.14', '18.61', '12.86']"
RESULTS:,9.09,8.48,8.00

OFFSETS ,"['46.70', '43.12', '22.34']"
GREENS ,"['59.92', '59.95', '7.04', '61.36']"
LAST_GREENS ,"['0.58', '0.00', '7.64']"
RESULTS:,4.22,70.81,50.00

OFFSETS ,"['46.79', '42.29', '23.61']"
GREENS ,"['59.40', '59.94', '7.04', '61.36']"
LAST_GREENS ,"['1.10', '0.01', '7.64']"
RESULTS:,4.15,70.11,50.00

OFFSETS ,"['45.93', '24.30', '24.16']"
GREENS ,"['23.66', '45.33', '3.42', '61.26']"
LAST_GREENS ,"['36.84', '18.26', '7.74']"
RESULTS:,26.66,24.25,39.00

OFFSETS ,"['46.06', '43.05', '23.43']"
GREENS ,"['59.40', '59.90', '7.04', '61.34']"
LAST_GREENS ,"['1.10', '0.06', '7.66']"
RESULTS:,4.58,70.04,50.00

OFFSETS ,"['46.78', '43.12', '24.17']"
GREENS ,"['60.22', '59.55', '7.46', '61.36']"
LAST_GREENS ,['-1.00']
RESULTS:,10000000.00,10000000.00,10000000.00

OFFSETS ,"['46.70', '42.03', '42.28']"
GREENS ,"['60.14', '59.95', '7.05', '56.24']"
LAST_GREENS ,"['0.36', '0.01', '12.76']"
RESULTS:,5.40,69.17,49.50

OFFSETS ,"['46.78', '43.06', '24.15']"
GREENS ,"['25.29', '44.12', '3.06', '56.14']"
LAST_GREENS ,"['35.21', '19.82', '12.86']"
RESULTS:,25.73,17.09,11.67

OFFSETS ,"['46.80', '42.31', '44.09']"
GREENS ,"['60.06', '59.95', '7.05', '62.03']"
LAST_GREENS ,"['0.44', '0.01', '6.97']"
RESULTS:,3.94,70.46,49.50

OFFSETS ,"['45.19', '43.21', '24.15']"
GREENS ,"['59.17', '45.45', '7.04', '61.47']"
LAST_GREENS ,"['1.33', '14.51', '7.53']"
RESULTS:,36.78,34.54,30.00

OFFSETS ,"['46.07', '23.86', '24.14']"
GREENS ,"['24.34', '45.30', '3.42', '56.08']"
LAST_GREENS ,"['36.16', '18.28', '12.92']"
RESULTS:,9.09,8.48,8.00

OFFSETS ,"['46.11', '24.04', '24.15']"
GREENS ,"['24.34', '45.30', '3.42', '56.08']"
LAST_GREENS ,"['36.16', '18.27', '12.92']"
RESULTS:,9.09,8.48,8.00

OFFSETS ,"['45.92', '24.03', '24.16']"
GREENS ,"['24.36', '45.74', '3.07', '56.08']"
LAST_GREENS ,"['36.14', '18.19', '12.92']"
RESULTS:,9.09,8.48,8.00

OFFSETS ,"['46.79', '43.24', '24.18']"
GREENS ,"['59.92', '59.55', '3.09', '56.03']"
LAST_GREENS ,"['0.58', '4.36', '12.97']"
RESULTS:,13.35,38.69,50.50

OFFSETS ,"['46.79', '43.12', '24.15']"
GREENS ,"['27.43', '59.78', '7.05', '61.36']"
LAST_GREENS ,"['33.07', '0.17', '7.64']"
RESULTS:,3.81,70.59,50.00

OFFSETS ,"['46.80', '42.31', '24.15']"
GREENS ,"['59.92', '59.93', '7.04', '62.03']"
LAST_GREENS ,"['0.58', '0.02', '6.97']"
RESULTS:,3.81,70.66,50.00

OFFSETS ,"['46.80', '43.12', '24.15']"
GREENS ,"['59.40', '59.95', '7.04', '61.25']"
LAST_GREENS ,"['1.10', '0.00', '7.75']"
RESULTS:,3.81,70.59,50.00

OFFSETS ,"['46.07', '24.03', '24.16']"
GREENS ,"['24.36', '45.33', '3.07', '56.14']"
LAST_GREENS ,"['36.14', '18.60', '12.86']"
RESULTS:,9.09,8.48,8.00

OFFSETS ,"['46.80', '43.12', '24.15']"
GREENS ,"['59.40', '59.98', '7.04', '61.36']"
LAST_GREENS ,['-1.00']
RESULTS:,10000000.00,10000000.00,10000000.00

OFFSETS ,"['46.79', '23.77', '23.38']"
GREENS ,"['59.92', '59.55', '3.27', '67.47']"
LAST_GREENS ,"['0.58', '4.17', '1.53']"
RESULTS:,21.30,56.44,50.00

OFFSETS ,"['46.79', '43.12', '24.18']"
GREENS ,"['27.57', '59.56', '7.04', '61.36']"
LAST_GREENS ,"['32.93', '0.40', '7.64']"
RESULTS:,3.81,70.59,50.00

OFFSETS ,"['46.81', '43.12', '24.16']"
GREENS ,"['56.09', '59.56', '7.05', '61.36']"
LAST_GREENS ,"['4.41', '0.40', '7.64']"
RESULTS:,3.81,70.59,50.00

OFFSETS ,"['46.07', '42.91', '23.40']"
GREENS ,"['57.77', '45.30', '2.98', '56.13']"
LAST_GREENS ,"['2.73', '18.71', '12.87']"
RESULTS:,24.90,16.96,18.33

OFFSETS ,"['45.93', '24.03', '24.16']"
GREENS ,"['25.13', '45.33', '3.21', '56.23']"
LAST_GREENS ,"['35.37', '18.47', '12.77']"
RESULTS:,9.56,8.87,10.00

OFFSETS ,"['46.80', '24.27', '44.09']"
GREENS ,"['60.06', '59.95', '6.95', '62.03']"
LAST_GREENS ,"['0.44', '0.10', '6.97']"
RESULTS:,7.32,72.13,49.50

OFFSETS ,"['45.93', '24.03', '24.16']"
GREENS ,"['24.36', '45.33', '3.42', '56.14']"
LAST_GREENS ,"['36.14', '18.26', '12.86']"
RESULTS:,9.09,8.48,8.00

OFFSETS ,"['46.07', '23.85', '23.41']"
GREENS ,"['24.34', '45.59', '3.07', '56.08']"
LAST_GREENS ,"['36.16', '18.33', '12.92']"
RESULTS:,8.95,8.30,8.67

OFFSETS ,"['46.07', '23.86', '24.14']"
GREENS ,"['24.34', '45.30', '3.42', '56.08']"
LAST_GREENS ,"['36.16', '18.28', '12.92']"
RESULTS:,9.09,8.48,8.00

OFFSETS ,"['46.07', '23.85', '23.39']"
GREENS ,"['24.34', '45.75', '3.07', '56.05']"
LAST_GREENS ,"['36.16', '18.17', '12.95']"
RESULTS:,8.95,8.30,8.67

OFFSETS ,"['46.07', '24.03', '24.16']"
GREENS ,"['24.36', '45.33', '3.06', '56.14']"
LAST_GREENS ,"['36.14', '18.61', '12.86']"
RESULTS:,9.09,8.48,8.00

OFFSETS ,"['46.07', '23.86', '24.12']"
GREENS ,"['24.34', '45.30', '3.42', '56.08']"
LAST_GREENS ,"['36.16', '18.28', '12.92']"
RESULTS:,9.09,8.48,8.00

OFFSETS ,"['36.64', '24.03', '24.16']"
GREENS ,"['24.34', '45.36', '3.08', '56.25']"
LAST_GREENS ,"['36.16', '18.56', '12.75']"
RESULTS:,9.81,9.36,8.33

OFFSETS ,"['45.92', '24.03', '24.16']"
GREENS ,"['24.36', '45.32', '3.07', '56.14']"
LAST_GREENS ,"['36.14', '18.60', '12.86']"
RESULTS:,9.09,8.48,8.00

OFFSETS ,"['46.08', '23.86', '24.14']"
GREENS ,"['24.34', '60.18', '3.42', '56.08']"
LAST_GREENS ,"['36.16', '3.40', '12.92']"
RESULTS:,12.07,45.87,51.00

OFFSETS ,"['45.92', '24.04', '23.40']"
GREENS ,"['24.36', '45.59', '3.06', '56.15']"
LAST_GREENS ,"['36.14', '18.35', '12.85']"
RESULTS:,8.95,8.30,8.67

OFFSETS ,"['46.07', '24.04', '24.18']"
GREENS ,"['24.34', '45.30', '3.06', '56.08']"
LAST_GREENS ,"['36.16', '18.64', '12.92']"
RESULTS:,9.09,8.48,8.00

OFFSETS ,"['45.92', '24.03', '24.18']"
GREENS ,"['24.36', '45.34', '3.06', '56.13']"
LAST_GREENS ,"['36.14', '18.60', '12.87']"
RESULTS:,9.09,8.48,8.00

OFFSETS ,"['46.07', '24.03', '23.43']"
GREENS ,"['24.37', '45.59', '3.42', '56.05']"
LAST_GREENS ,"['36.13', '17.98', '12.95']"
RESULTS:,9.45,8.84,8.67

OFFSETS ,"['46.07', '23.85', '23.38']"
GREENS ,"['24.34', '45.36', '3.06', '56.14']"
LAST_GREENS ,"['36.16', '18.58', '12.86']"
RESULTS:,8.95,8.30,8.67

OFFSETS ,"['46.07', '24.03', '23.43']"
GREENS ,"['24.37', '45.59', '3.39', '56.05']"
LAST_GREENS ,"['36.13', '18.01', '12.95']"
RESULTS:,9.45,8.84,8.67

OFFSETS ,"['46.07', '23.85', '44.42']"
GREENS ,"['24.34', '45.13', '3.06', '56.34']"
LAST_GREENS ,"['36.16', '18.81', '12.66']"
RESULTS:,10.72,9.76,9.67

OFFSETS ,"['45.93', '24.03', '23.34']"
GREENS ,"['24.36', '45.33', '3.42', '56.25']"
LAST_GREENS ,"['36.14', '18.26', '12.75']"
RESULTS:,9.45,8.84,8.67

OFFSETS ,"['46.07', '23.76', '23.39']"
GREENS ,"['60.44', '59.99', '3.07', '56.05']"
LAST_GREENS ,"['0.06', '3.94', '12.95']"
RESULTS:,15.42,41.05,50.00

OFFSETS ,"['46.07', '23.85', '24.21']"
GREENS ,"['24.34', '45.36', '3.06', '56.14']"
LAST_GREENS ,"['36.16', '18.58', '12.86']"
RESULTS:,9.09,8.48,8.00

OFFSETS ,"['43.53', '43.17', '30.45']"
GREENS ,"['59.17', '45.71', '7.04', '65.61']"
LAST_GREENS ,"['1.33', '14.24', '3.39']"
RESULTS:,32.97,46.34,54.00

OFFSETS ,"['45.94', '43.07', '23.76']"
GREENS ,"['58.99', '44.63', '3.39', '56.14']"
LAST_GREENS ,"['1.51', '18.98', '12.86']"
RESULTS:,26.43,17.82,13.00

OFFSETS ,"['46.07', '24.03', '24.12']"
GREENS ,"['24.34', '45.30', '3.42', '56.08']"
LAST_GREENS ,"['36.16', '18.28', '12.92']"
RESULTS:,9.09,8.48,8.00

OFFSETS ,"['46.07', '24.04', '24.12']"
GREENS ,"['24.34', '45.30', '3.05', '56.05']"
LAST_GREENS ,"['36.16', '18.65', '12.95']"
RESULTS:,9.09,8.48,8.00

OFFSETS ,"['46.07', '23.85', '24.21']"
GREENS ,"['24.36', '45.36', '3.06', '56.14']"
LAST_GREENS ,"['36.14', '18.58', '12.86']"
RESULTS:,9.09,8.48,8.00

OFFSETS ,"['45.94', '22.97', '23.84']"
GREENS ,"['24.34', '45.29', '3.43', '56.14']"
LAST_GREENS ,"['36.16', '18.28', '12.86']"
RESULTS:,9.48,8.86,9.00

OFFSETS ,"['45.93', '23.71', '24.10']"
GREENS ,"['24.84', '60.67', '3.43', '56.25']"
LAST_GREENS ,"['35.66', '2.91', '12.75']"
RESULTS:,12.72,46.98,50.00

OFFSETS ,"['45.92', '24.03', '24.15']"
GREENS ,"['24.36', '45.33', '3.40', '56.25']"
LAST_GREENS ,"['36.14', '18.27', '12.75']"
RESULTS:,9.09,8.48,8.00

OFFSETS ,"['45.93', '23.87', '23.41']"
GREENS ,"['24.34', '45.59', '3.06', '56.05']"
LAST_GREENS ,"['36.16', '18.35', '12.95']"
RESULTS:,8.95,8.30,8.67

OFFSETS ,"['46.07', '24.18', '23.38']"
GREENS ,"['24.37', '45.59', '3.41', '56.05']"
LAST_GREENS ,"['36.13', '18.00', '12.95']"
RESULTS:,9.45,8.84,8.67

OFFSETS ,"['46.07', '24.03', '24.21']"
GREENS ,"['24.34', '45.36', '3.06', '56.14']"
LAST_GREENS ,"['36.16', '18.58', '12.86']"
RESULTS:,9.09,8.48,8.00

OFFSETS ,"['46.78', '41.93', '44.09']"
GREENS ,"['59.15', '45.48', '7.05', '61.36']"
LAST_GREENS ,"['1.35', '14.47', '7.64']"
RESULTS:,30.68,27.82,42.00

OFFSETS ,"['45.90', '23.86', '23.40']"
GREENS ,"['24.34', '45.30', '3.42', '56.08']"
LAST_GREENS ,"['36.16', '18.27', '12.92']"
RESULTS:,9.45,8.84,8.67

OFFSETS ,"['45.93', '42.32', '44.28']"
GREENS ,"['24.34', '45.33', '3.42', '56.03']"
LAST_GREENS ,"['36.16', '18.26', '12.97']"
RESULTS:,8.75,8.20,9.33

OFFSETS ,"['45.93', '23.85', '23.41']"
GREENS ,"['24.34', '45.59', '3.06', '56.05']"
LAST_GREENS ,"['36.16', '18.35', '12.95']"
RESULTS:,8.95,8.30,8.67

OFFSETS ,"['45.94', '42.17', '44.33']"
GREENS ,"['24.36', '45.29', '3.05', '56.14']"
LAST_GREENS ,"['36.14', '18.66', '12.86']"
RESULTS:,8.89,8.45,9.67

OFFSETS ,"['45.93', '23.85', '24.16']"
GREENS ,"['24.36', '45.33', '3.42', '56.25']"
LAST_GREENS ,"['36.14', '18.25', '12.75']"
RESULTS:,9.09,8.48,8.00

OFFSETS ,"['45.93', '23.85', '24.17']"
GREENS ,"['24.34', '45.33', '3.07', '56.05']"
LAST_GREENS ,"['36.16', '18.59', '12.95']"
RESULTS:,9.09,8.48,8.00

OFFSETS ,"['46.10', '42.24', '24.15']"
GREENS ,"['24.34', '45.30', '3.07', '56.07']"
LAST_GREENS ,"['36.16', '18.62', '12.93']"
RESULTS:,22.40,16.02,11.67

OFFSETS ,"['46.07', '23.85', '23.40']"
GREENS ,"['24.36', '45.33', '3.07', '56.05']"
LAST_GREENS ,"['36.14', '18.60', '12.95']"
RESULTS:,8.95,8.30,8.67

OFFSETS ,"['46.07', '24.03', '23.39']"
GREENS ,"['23.31', '45.75', '2.68', '56.05']"
LAST_GREENS ,"['37.19', '18.57', '12.95']"
RESULTS:,9.13,8.50,8.33

OFFSETS ,"['46.80', '42.32', '44.28']"
GREENS ,"['21.76', '59.95', '7.05', '55.97']"
LAST_GREENS ,"['38.74', '0.01', '13.03']"
RESULTS:,5.35,69.61,49.50

OFFSETS ,"['46.07', '23.85', '23.41']"
GREENS ,"['24.43', '45.59', '3.06', '56.05']"
LAST_GREENS ,"['36.07', '18.35', '12.95']"
RESULTS:,8.95,8.30,8.67

OFFSETS ,"['45.94', '23.85', '23.38']"
GREENS ,"['24.34', '45.36', '3.06', '56.14']"
LAST_GREENS ,"['36.16', '18.58', '12.86']"
RESULTS:,8.95,8.30,8.67

OFFSETS ,"['46.07', '24.03', '24.94']"
GREENS ,"['24.34', '45.36', '3.06', '56.03']"
LAST_GREENS ,"['36.16', '18.59', '12.97']"
RESULTS:,9.34,8.79,9.00

OFFSETS ,"['46.08', '23.85', '24.18']"
GREENS ,"['24.34', '45.36', '3.07', '56.04']"
LAST_GREENS ,"['36.16', '18.58', '12.96']"
RESULTS:,9.09,8.48,8.00

OFFSETS ,"['45.94', '43.07', '24.15']"
GREENS ,"['56.46', '45.90', '7.04', '65.29']"
LAST_GREENS ,"['4.04', '14.05', '3.71']"
RESULTS:,43.48,63.20,58.67

OFFSETS ,"['45.93', '23.85', '24.21']"
GREENS ,"['24.34', '48.13', '3.06', '56.04']"
LAST_GREENS ,"['36.16', '15.81', '12.96']"
RESULTS:,12.35,11.84,9.00

OFFSETS ,"['46.07', '23.85', '23.39']"
GREENS ,"['24.36', '45.33', '3.07', '56.05']"
LAST_GREENS ,"['36.14', '18.60', '12.95']"
RESULTS:,8.95,8.30,8.67

OFFSETS ,"['46.07', '24.03', '24.12']"
GREENS ,"['24.34', '45.30', '3.42', '56.08']"
LAST_GREENS ,"['36.16', '18.28', '12.92']"
RESULTS:,9.09,8.48,8.00

OFFSETS ,"['45.93', '24.03', '24.18']"
GREENS ,"['24.34', '45.36', '3.41', '56.04']"
LAST_GREENS ,"['36.16', '18.23', '12.96']"
RESULTS:,9.09,8.48,8.00

OFFSETS ,"['46.07', '23.85', '24.09']"
GREENS ,"['24.34', '45.30', '3.05', '56.08']"
LAST_GREENS ,"['36.16', '18.64', '12.92']"
RESULTS:,9.09,8.48,8.00

OFFSETS ,"['45.93', '42.32', '44.28']"
GREENS ,"['24.43', '45.33', '3.43', '56.14']"
LAST_GREENS ,"['36.07', '18.25', '12.86']"
RESULTS:,8.75,8.20,9.33

OFFSETS ,"['46.80', '42.31', '43.54']"
GREENS ,"['21.75', '45.60', '7.05', '62.13']"
LAST_GREENS ,"['38.75', '14.36', '6.87']"
RESULTS:,30.27,29.24,34.33

OFFSETS ,"['46.08', '24.03', '23.41']"
GREENS ,"['24.36', '45.36', '3.06', '56.14']"
LAST_GREENS ,"['36.14', '18.58', '12.86']"
RESULTS:,8.95,8.30,8.67

OFFSETS ,"['47.80', '23.85', '23.38']"
GREENS ,"['24.34', '45.36', '3.06', '56.14']"
LAST_GREENS ,"['36.16', '18.58', '12.86']"
RESULTS:,9.30,8.49,10.33

OFFSETS ,"['46.07', '24.03', '24.13']"
GREENS ,"['24.34', '45.36', '3.42', '56.14']"
LAST_GREENS ,"['36.16', '18.23', '12.86']"
RESULTS:,9.09,8.48,8.00

OFFSETS ,"['45.93', '24.03', '24.09']"
GREENS ,"['24.34', '45.33', '3.05', '56.04']"
LAST_GREENS ,"['36.16', '18.62', '12.96']"
RESULTS:,9.09,8.48,8.00

OFFSETS ,"['46.80', '42.29', '44.09']"
GREENS ,"['58.52', '59.95', '7.05', '62.06']"
LAST_GREENS ,"['1.98', '0.00', '6.94']"
RESULTS:,3.94,70.46,49.50

OFFSETS ,"['46.08', '24.03', '23.41']"
GREENS ,"['24.36', '45.36', '3.06', '56.14']"
LAST_GREENS ,"['36.14', '18.58', '12.86']"
RESULTS:,8.95,8.30,8.67

OFFSETS ,"['45.93', '42.72', '44.47']"
GREENS ,"['24.36', '43.92', '3.43', '56.14']"
LAST_GREENS ,"['36.14', '19.65', '12.86']"
RESULTS:,9.37,8.75,10.33

OFFSETS ,"['46.07', '23.85', '24.13']"
GREENS ,"['24.34', '45.36', '3.40', '56.14']"
LAST_GREENS ,"['36.16', '18.24', '12.86']"
RESULTS:,9.09,8.48,8.00

OFFSETS ,"['43.56', '43.07', '24.15']"
GREENS ,"['59.84', '44.81', '3.42', '65.61']"
LAST_GREENS ,"['0.66', '18.77', '3.39']"
RESULTS:,52.64,56.88,60.33

OFFSETS ,"['46.07', '42.32', '44.28']"
GREENS ,"['24.43', '45.33', '3.43', '56.14']"
LAST_GREENS ,"['36.07', '18.24', '12.86']"
RESULTS:,8.75,8.20,9.33

OFFSETS ,"['46.80', '42.31', '22.07']"
GREENS ,"['21.82', '59.95', '6.88', '62.01']"
LAST_GREENS ,"['38.68', '0.17', '6.99']"
RESULTS:,4.06,70.74,50.00

OFFSETS ,"['46.81', '42.31', '44.09']"
GREENS ,"['21.76', '62.53', '3.45', '62.13']"
LAST_GREENS ,"['38.74', '1.01', '6.87']"
RESULTS:,8.84,64.53,50.50

OFFSETS ,"['46.07', '24.04', '24.09']"
GREENS ,"['24.34', '45.75', '3.05', '56.05']"
LAST_GREENS ,"['36.16', '18.20', '12.95']"
RESULTS:,9.75,8.88,10.33

OFFSETS ,"['46.08', '24.03', '45.43']"
GREENS ,"['24.30', '45.36', '3.23', '56.26']"
LAST_GREENS ,"['36.20', '18.41', '12.74']"
RESULTS:,12.28,11.25,9.67

OFFSETS ,"['46.07', '24.18', '24.13']"
GREENS ,"['22.26', '60.33', '6.89', '56.14']"
LAST_GREENS ,['-1.00']
RESULTS:,10000000.00,10000000.00,10000000.00

OFFSETS ,"['46.07', '23.86', '23.40']"
GREENS ,"['24.34', '45.30', '3.07', '56.08']"
LAST_GREENS ,"['36.16', '18.62', '12.92']"
RESULTS:,8.95,8.30,8.67

OFFSETS ,"['45.93', '42.32', '23.36']"
GREENS ,"['24.35', '45.36', '3.08', '56.14']"
LAST_GREENS ,"['36.15', '18.56', '12.86']"
RESULTS:,22.61,15.81,11.33

OFFSETS ,"['46.24', '42.90', '24.18']"
GREENS ,"['24.33', '45.36', '3.07', '65.84']"
LAST_GREENS ,"['36.17', '18.58', '3.16']"
RESULTS:,45.75,54.47,52.67

OFFSETS ,"['46.08', '24.03', '24.12']"
GREENS ,"['24.36', '44.99', '3.06', '56.04']"
LAST_GREENS ,"['36.14', '18.95', '12.96']"
RESULTS:,8.84,8.20,8.33

OFFSETS ,"['45.93', '42.32', '44.28']"
GREENS ,"['24.43', '45.36', '3.43', '56.14']"
LAST_GREENS ,"['36.07', '18.21', '12.86']"
RESULTS:,8.75,8.20,9.33

OFFSETS ,"['46.07', '23.85', '24.17']"
GREENS ,"['24.43', '45.59', '3.06', '56.04']"
LAST_GREENS ,"['36.07', '18.35', '12.96']"
RESULTS:,9.09,8.48,8.00

OFFSETS ,"['43.38', '24.05', '24.15']"
GREENS ,"['22.30', '59.95', '7.04', '55.89']"
LAST_GREENS ,"['38.20', '0.01', '13.11']"
RESULTS:,5.97,70.48,50.00

OFFSETS ,"['46.08', '24.04', '24.18']"
GREENS ,"['24.34', '45.36', '3.08', '55.94']"
LAST_GREENS ,"['36.16', '18.56', '13.06']"
RESULTS:,9.09,8.48,8.00

OFFSETS ,"['46.79', '42.32', '44.10']"
GREENS ,"['21.35', '59.84', '3.43', '56.14']"
LAST_GREENS ,"['39.15', '3.74', '12.86']"
RESULTS:,14.07,39.51,51.00

OFFSETS ,"['46.08', '23.85', '24.18']"
GREENS ,"['24.34', '45.36', '3.06', '56.13']"
LAST_GREENS ,"['36.16', '18.58', '12.87']"
RESULTS:,9.09,8.48,8.00

OFFSETS ,"['43.53', '43.51', '24.13']"
GREENS ,"['59.75', '59.95', '7.04', '65.98']"
LAST_GREENS ,"['0.75', '0.00', '3.02']"
RESULTS:,3.06,73.14,50.00

OFFSETS ,"['46.08', '24.04', '24.18']"
GREENS ,"['24.34', '45.31', '3.08', '55.94']"
LAST_GREENS ,"['36.16', '18.62', '13.06']"
RESULTS:,9.09,8.48,8.00

OFFSETS ,"['46.22', '42.77', '24.19']"
GREENS ,"['59.17', '45.25', '6.92', '65.61']"
LAST_GREENS ,"['1.33', '14.83', '3.39']"
RESULTS:,39.98,50.90,44.50

OFFSETS ,"['46.07', '26.93', '24.17']"
GREENS ,"['24.43', '45.59', '3.06', '52.42']"
LAST_GREENS ,"['36.07', '18.35', '16.58']"
RESULTS:,8.82,7.98,8.33

OFFSETS ,"['46.80', '23.42', '44.09']"
GREENS ,"['21.83', '45.37', '7.05', '61.97']"
LAST_GREENS ,"['38.67', '14.59', '7.03']"
RESULTS:,36.18,38.08,37.00

OFFSETS ,"['45.93', '24.29', '24.18']"
GREENS ,"['24.34', '45.36', '3.05', '56.04']"
LAST_GREENS ,"['36.16', '18.59', '12.96']"
RESULTS:,9.09,8.48,8.00

OFFSETS ,"['46.07', '42.50', '23.70']"
GREENS ,"['24.34', '45.36', '3.43', '56.14']"
LAST_GREENS ,"['36.16', '18.22', '12.86']"
RESULTS:,27.16,18.26,12.67

OFFSETS ,"['46.08', '24.03', '24.16']"
GREENS ,"['24.36', '45.36', '3.09', '56.25']"
LAST_GREENS ,"['36.14', '18.55', '12.75']"
RESULTS:,9.09,8.48,8.00

OFFSETS ,"['46.08', '23.85', '24.18']"
GREENS ,"['24.34', '45.36', '3.07', '56.04']"
LAST_GREENS ,"['36.16', '18.58', '12.96']"
RESULTS:,9.09,8.48,8.00

OFFSETS ,"['45.93', '24.03', '24.09']"
GREENS ,"['24.34', '45.36', '3.05', '56.04']"
LAST_GREENS ,"['36.16', '18.59', '12.96']"
RESULTS:,9.09,8.48,8.00

OFFSETS ,"['43.55', '42.32', '44.46']"
GREENS ,"['24.43', '46.21', '3.49', '56.14']"
LAST_GREENS ,"['36.07', '17.30', '12.86']"
RESULTS:,9.58,9.10,10.67

OFFSETS ,"['43.53', '42.31', '44.09']"
GREENS ,"['21.73', '59.95', '7.05', '62.15']"
LAST_GREENS ,"['38.77', '0.01', '6.85']"
RESULTS:,3.99,70.49,49.50

OFFSETS ,"['45.94', '24.29', '24.18']"
GREENS ,"['24.34', '45.36', '3.05', '56.04']"
LAST_GREENS ,"['36.16', '18.59', '12.96']"
RESULTS:,9.09,8.48,8.00

OFFSETS ,"['45.93', '24.03', '24.16']"
GREENS ,"['24.43', '45.32', '3.07', '56.04']"
LAST_GREENS ,"['36.07', '18.61', '12.96']"
RESULTS:,9.09,8.48,8.00

OFFSETS ,"['46.80', '23.85', '44.35']"
GREENS ,"['21.76', '59.95', '7.05', '55.90']"
LAST_GREENS ,"['38.74', '0.01', '13.10']"
RESULTS:,7.98,70.37,49.50

OFFSETS ,"['45.94', '24.03', '24.09']"
GREENS ,"['22.33', '58.80', '7.16', '56.04']"
LAST_GREENS ,"['38.17', '1.04', '12.96']"
RESULTS:,11.77,46.86,51.00

OFFSETS ,"['45.94', '24.29', '24.18']"
GREENS ,"['24.34', '45.36', '3.05', '56.13']"
LAST_GREENS ,"['36.16', '18.58', '12.87']"
RESULTS:,9.09,8.48,8.00

OFFSETS ,"['46.07', '42.32', '45.49']"
GREENS ,"['24.43', '45.33', '3.42', '56.15']"
LAST_GREENS ,"['36.07', '18.26', '12.85']"
RESULTS:,9.87,9.41,10.33

OFFSETS ,"['46.07', '23.85', '24.13']"
GREENS ,"['24.34', '45.59', '3.06', '56.04']"
LAST_GREENS ,"['36.16', '18.34', '12.96']"
RESULTS:,9.09,8.48,8.00

OFFSETS ,"['46.07', '24.03', '22.93']"
GREENS ,"['22.91', '45.36', '3.42', '56.14']"
LAST_GREENS ,"['37.59', '18.23', '12.86']"
RESULTS:,9.72,8.95,8.33

OFFSETS ,"['46.07', '42.32', '44.28']"
GREENS ,"['24.34', '45.32', '3.05', '56.14']"
LAST_GREENS ,"['36.16', '18.62', '12.86']"
RESULTS:,9.68,9.22,10.00

OFFSETS ,"['46.07', '23.85', '24.17']"
GREENS ,"['24.34', '45.37', '3.43', '56.31']"
LAST_GREENS ,"['36.16', '18.20', '12.69']"
RESULTS:,9.56,8.87,10.00

OFFSETS ,"['45.92', '24.04', '24.09']"
GREENS ,"['24.34', '45.34', '3.42', '56.25']"
LAST_GREENS ,"['36.16', '18.24', '12.75']"
RESULTS:,9.56,8.87,10.00

OFFSETS ,"['46.10', '23.85', '43.99']"
GREENS ,"['24.11', '45.41', '3.07', '62.09']"
LAST_GREENS ,"['36.39', '18.53', '6.91']"
RESULTS:,33.53,30.84,40.33

OFFSETS ,"['45.93', '24.29', '44.48']"
GREENS ,"['24.34', '45.36', '3.08', '56.04']"
LAST_GREENS ,"['36.16', '18.56', '12.96']"
RESULTS:,12.32,11.31,9.33

OFFSETS ,"['45.93', '33.99', '21.64']"
GREENS ,"['24.34', '45.36', '3.42', '56.03']"
LAST_GREENS ,"['36.16', '18.23', '12.97']"
RESULTS:,16.59,13.14,9.00

OFFSETS ,"['46.08', '41.72', '24.18']"
GREENS ,"['24.34', '45.36', '3.43', '56.25']"
LAST_GREENS ,"['36.16', '18.21', '12.75']"
RESULTS:,23.53,16.74,12.67

OFFSETS ,"['45.93', '24.28', '24.18']"
GREENS ,"['24.34', '45.36', '3.05', '56.05']"
LAST_GREENS ,"['36.16', '18.59', '12.95']"
RESULTS:,9.09,8.48,8.00

OFFSETS ,"['46.74', '23.64', '24.16']"
GREENS ,"['22.32', '60.15', '7.07', '65.67']"
LAST_GREENS ,['-1.00']
RESULTS:,10000000.00,10000000.00,10000000.00

OFFSETS ,"['46.08', '26.93', '24.13']"
GREENS ,"['24.44', '45.58', '3.05', '52.35']"
LAST_GREENS ,"['36.06', '18.37', '16.65']"
RESULTS:,8.82,7.98,8.33

OFFSETS ,"['45.93', '42.08', '44.01']"
GREENS ,"['24.34', '45.36', '3.43', '56.12']"
LAST_GREENS ,"['36.16', '18.21', '12.88']"
RESULTS:,9.43,8.96,10.67

OFFSETS ,"['42.08', '23.91', '24.18']"
GREENS ,"['24.44', '46.34', '3.05', '56.04']"
LAST_GREENS ,"['36.06', '17.61', '12.96']"
RESULTS:,9.22,8.58,8.67

OFFSETS ,"['46.79', '23.85', '24.18']"
GREENS ,"['24.36', '59.48', '3.53', '62.06']"
LAST_GREENS ,"['36.14', '3.98', '6.94']"
RESULTS:,26.83,51.47,51.00

OFFSETS ,"['46.08', '42.32', '44.28']"
GREENS ,"['24.34', '45.33', '3.43', '56.04']"
LAST_GREENS ,"['36.16', '18.24', '12.96']"
RESULTS:,8.75,8.20,9.33

OFFSETS ,"['46.80', '42.31', '44.30']"
GREENS ,"['22.30', '59.95', '7.05', '62.23']"
LAST_GREENS ,"['38.20', '0.01', '6.77']"
RESULTS:,3.94,70.46,49.50

OFFSETS ,"['46.07', '23.84', '24.18']"
GREENS ,"['24.44', '45.59', '3.42', '56.14']"
LAST_GREENS ,"['36.06', '17.98', '12.86']"
RESULTS:,9.09,8.48,8.00

OFFSETS ,"['46.08', '23.85', '24.18']"
GREENS ,"['24.34', '45.61', '3.41', '56.05']"
LAST_GREENS ,"['36.16', '17.97', '12.95']"
RESULTS:,9.09,8.48,8.00

OFFSETS ,"['46.08', '23.85', '24.18']"
GREENS ,"['24.44', '45.33', '3.39', '56.04']"
LAST_GREENS ,"['36.06', '18.28', '12.96']"
RESULTS:,9.09,8.48,8.00

OFFSETS ,"['46.80', '42.05', '44.04']"
GREENS ,"['21.94', '59.95', '3.05', '56.10']"
LAST_GREENS ,"['38.56', '4.00', '12.90']"
RESULTS:,14.07,39.51,51.00

OFFSETS ,"['46.07', '23.85', '24.16']"
GREENS ,"['24.43', '45.33', '3.11', '56.04']"
LAST_GREENS ,"['36.07', '18.57', '12.96']"
RESULTS:,9.09,8.48,8.00

OFFSETS ,"['46.80', '42.31', '43.82']"
GREENS ,"['24.54', '46.34', '7.12', '56.09']"
LAST_GREENS ,"['35.96', '13.54', '12.91']"
RESULTS:,19.96,22.19,33.00

OFFSETS ,"['45.93', '24.29', '24.18']"
GREENS ,"['24.34', '45.60', '3.06', '56.04']"
LAST_GREENS ,"['36.16', '18.34', '12.96']"
RESULTS:,9.09,8.48,8.00

OFFSETS ,"['46.07', '24.03', '24.16']"
GREENS ,"['24.37', '59.40', '3.07', '52.39']"
LAST_GREENS ,"['36.13', '4.53', '16.61']"
RESULTS:,16.00,40.44,50.50

OFFSETS ,"['46.09', '42.44', '24.15']"
GREENS ,"['21.78', '59.91', '3.85', '56.04']"
LAST_GREENS ,"['38.72', '3.24', '12.96']"
RESULTS:,10.69,45.26,51.50

OFFSETS ,"['46.08', '43.10', '23.94']"
GREENS ,"['24.44', '60.48', '7.11', '65.59']"
LAST_GREENS ,['-1.00']
RESULTS:,10000000.00,10000000.00,10000000.00

OFFSETS ,"['46.08', '23.85', '24.18']"
GREENS ,"['24.44', '45.33', '3.05', '56.04']"
LAST_GREENS ,"['36.06', '18.62', '12.96']"
RESULTS:,9.09,8.48,8.00

OFFSETS ,"['46.00', '42.31', '43.87']"
GREENS ,"['21.76', '59.95', '2.93', '62.11']"
LAST_GREENS ,"['38.74', '4.12', '6.89']"
RESULTS:,13.86,58.44,50.50

OFFSETS ,"['46.07', '41.90', '44.69']"
GREENS ,"['22.21', '44.94', '3.13', '56.04']"
LAST_GREENS ,"['38.29', '18.93', '12.96']"
RESULTS:,10.60,9.96,11.00

OFFSETS ,"['46.80', '25.00', '24.15']"
GREENS ,"['24.53', '59.88', '7.04', '65.67']"
LAST_GREENS ,"['35.97', '0.08', '3.33']"
RESULTS:,6.60,74.52,50.00

OFFSETS ,"['46.07', '42.90', '24.15']"
GREENS ,"['24.42', '59.95', '7.04', '65.67']"
LAST_GREENS ,"['36.08', '0.01', '3.33']"
RESULTS:,3.36,73.08,50.00

OFFSETS ,"['46.08', '24.00', '24.17']"
GREENS ,"['24.44', '44.98', '3.07', '52.35']"
LAST_GREENS ,"['36.06', '18.95', '16.65']"
RESULTS:,8.79,8.01,8.00

OFFSETS ,"['46.08', '23.85', '24.16']"
GREENS ,"['24.44', '45.36', '3.05', '56.04']"
LAST_GREENS ,"['36.06', '18.59', '12.96']"
RESULTS:,9.09,8.48,8.00

OFFSETS ,"['46.80', '43.10', '24.15']"
GREENS ,"['22.32', '59.95', '7.04', '65.67']"
LAST_GREENS ,"['38.18', '0.01', '3.33']"
RESULTS:,3.02,73.03,50.00

OFFSETS ,"['46.08', '24.03', '24.16']"
GREENS ,"['27.27', '44.06', '3.07', '52.39']"
LAST_GREENS ,"['33.23', '19.87', '16.61']"
RESULTS:,8.97,8.23,8.00

OFFSETS ,"['46.08', '23.98', '24.13']"
GREENS ,"['27.04', '45.59', '3.06', '56.04']"
LAST_GREENS ,"['33.46', '18.35', '12.96']"
RESULTS:,9.78,9.14,8.67

OFFSETS ,"['46.10', '42.31', '22.43']"
GREENS ,"['21.77', '59.95', '3.33', '55.99']"
LAST_GREENS ,"['38.73', '3.73', '13.01']"
RESULTS:,14.54,38.52,50.50

OFFSETS ,"['46.08', '23.85', '24.13']"
GREENS ,"['24.44', '44.99', '3.06', '52.52']"
LAST_GREENS ,"['36.06', '18.95', '16.48']"
RESULTS:,8.79,8.01,8.00

OFFSETS ,"['46.07', '42.90', '24.15']"
GREENS ,"['24.42', '59.95', '7.04', '65.67']"
LAST_GREENS ,"['36.08', '0.01', '3.33']"
RESULTS:,3.36,73.08,50.00

OFFSETS ,"['41.33', '43.10', '24.15']"
GREENS ,"['22.30', '59.95', '7.04', '65.67']"
LAST_GREENS ,"['38.20', '0.01', '3.33']"
RESULTS:,3.12,72.67,50.00

OFFSETS ,"['45.94', '29.43', '24.19']"
GREENS ,"['24.34', '45.33', '3.38', '56.25']"
LAST_GREENS ,"['36.16', '18.30', '12.75']"
RESULTS:,10.15,9.08,9.67

