OFFSETS ,"['48.28', '15.93', '36.02']"
GREENS ,"['53.22', '37.49', '22.62', '51.54']"
LAST_GREENS ,"['7.28', '6.89', '17.46']"
RESULTS:,51.92,43.50,48.00

OFFSETS ,"['74.02', '48.36', '16.51']"
GREENS ,"['44.57', '50.17', '3.30', '31.32']"
LAST_GREENS ,"['15.93', '13.54', '37.68']"
RESULTS:,64.27,38.15,32.33

OFFSETS ,"['34.14', '46.81', '6.31']"
GREENS ,"['44.08', '47.46', '13.48', '1.07']"
LAST_GREENS ,"['16.42', '6.06', '67.93']"
RESULTS:,176.46,87.88,53.00

OFFSETS ,"['41.28', '58.72', '52.39']"
GREENS ,"['1.87', '43.96', '65.15', '26.61']"
LAST_GREENS ,['-1.00']
RESULTS:,10000000.00,10000000.00,10000000.00

OFFSETS ,"['37.15', '16.42', '49.34']"
GREENS ,"['15.65', '51.21', '0.63', '31.69']"
LAST_GREENS ,"['44.85', '15.16', '37.31']"
RESULTS:,87.74,46.83,35.67

OFFSETS ,"['25.26', '47.36', '6.24']"
GREENS ,"['59.72', '29.88', '18.37', '39.22']"
LAST_GREENS ,"['0.78', '18.75', '29.78']"
RESULTS:,101.91,60.31,75.33

OFFSETS ,"['34.14', '46.81', '60.05']"
GREENS ,"['44.08', '48.00', '13.48', '1.07']"
LAST_GREENS ,"['16.42', '5.52', '67.93']"
RESULTS:,175.30,88.24,52.33

OFFSETS ,"['23.89', '47.19', '67.31']"
GREENS ,"['56.52', '16.67', '7.40', '31.60']"
LAST_GREENS ,"['3.98', '42.94', '37.40']"
RESULTS:,187.32,89.11,92.67

OFFSETS ,"['34.55', '47.27', '6.31']"
GREENS ,"['42.82', '27.87', '13.48', '1.07']"
LAST_GREENS ,"['17.68', '25.64', '67.93']"
RESULTS:,200.12,87.57,63.33

OFFSETS ,"['43.22', '53.38', '34.52']"
GREENS ,"['48.83', '6.98', '56.90', '29.65']"
LAST_GREENS ,"['11.67', '3.11', '39.35']"
RESULTS:,296.44,147.39,120.67

OFFSETS ,"['64.39', '10.73', '59.84']"
GREENS ,"['29.44', '27.74', '64.36', '32.10']"
LAST_GREENS ,['-1.00']
RESULTS:,10000000.00,10000000.00,10000000.00

OFFSETS ,"['41.88', '2.27', '67.56']"
GREENS ,"['56.52', '16.88', '7.73', '31.60']"
LAST_GREENS ,"['3.98', '42.39', '37.40']"
RESULTS:,226.46,94.77,93.00

OFFSETS ,"['58.88', '6.38', '30.40']"
GREENS ,"['29.13', '57.36', '45.29', '66.85']"
LAST_GREENS ,['-1.00']
RESULTS:,10000000.00,10000000.00,10000000.00

OFFSETS ,"['37.15', '16.44', '43.54']"
GREENS ,"['15.58', '51.09', '1.03', '43.33']"
LAST_GREENS ,"['44.92', '14.88', '25.67']"
RESULTS:,53.08,35.74,24.33

OFFSETS ,"['37.78', '17.44', '36.78']"
GREENS ,"['28.96', '36.74', '0.96', '51.78']"
LAST_GREENS ,"['31.54', '29.30', '17.22']"
RESULTS:,28.46,20.80,17.67

OFFSETS ,"['74.02', '13.80', '17.03']"
GREENS ,"['44.57', '50.17', '3.30', '29.28']"
LAST_GREENS ,"['15.93', '13.54', '39.72']"
RESULTS:,71.50,46.51,33.50

OFFSETS ,"['48.08', '15.78', '5.45']"
GREENS ,"['53.23', '29.88', '18.37', '39.22']"
LAST_GREENS ,"['7.27', '18.75', '29.78']"
RESULTS:,85.40,47.38,48.33

OFFSETS ,"['37.04', '14.59', '69.46']"
GREENS ,"['15.37', '34.42', '19.11', '31.31']"
LAST_GREENS ,"['45.13', '13.47', '37.69']"
RESULTS:,89.95,49.86,28.67

OFFSETS ,"['61.33', '36.22', '43.53']"
GREENS ,"['49.66', '24.14', '20.04', '43.38']"
LAST_GREENS ,"['10.84', '22.82', '25.62']"
RESULTS:,92.98,55.91,75.67

OFFSETS ,"['37.15', '51.06', '43.02']"
GREENS ,"['15.65', '51.09', '0.63', '48.07']"
LAST_GREENS ,"['44.85', '15.29', '20.93']"
RESULTS:,14.71,13.79,13.00

OFFSETS ,"['53.35', '47.24', '68.21']"
GREENS ,"['19.32', '18.21', '19.31', '56.78']"
LAST_GREENS ,"['41.18', '29.49', '12.22']"
RESULTS:,114.50,65.07,91.33

OFFSETS ,"['17.86', '48.29', '68.22']"
GREENS ,"['56.11', '50.83', '12.17', '31.72']"
LAST_GREENS ,"['4.39', '4.00', '37.28']"
RESULTS:,82.61,60.55,50.00

OFFSETS ,"['18.12', '5.98', '36.78']"
GREENS ,"['29.33', '36.61', '0.96', '51.78']"
LAST_GREENS ,"['31.17', '29.43', '17.22']"
RESULTS:,45.45,29.76,22.67

OFFSETS ,"['25.75', '47.50', '36.81']"
GREENS ,"['59.78', '37.49', '22.33', '51.54']"
LAST_GREENS ,"['0.72', '7.18', '17.46']"
RESULTS:,89.39,63.54,49.67

OFFSETS ,"['37.63', '16.49', '69.76']"
GREENS ,"['29.13', '36.59', '1.03', '51.89']"
LAST_GREENS ,"['31.37', '29.37', '17.11']"
RESULTS:,49.41,27.73,21.00

OFFSETS ,"['74.50', '6.74', '68.03']"
GREENS ,"['46.62', '52.75', '0.92', '31.34']"
LAST_GREENS ,"['13.88', '13.33', '37.66']"
RESULTS:,61.09,41.01,30.50

OFFSETS ,"['17.74', '48.36', '16.58']"
GREENS ,"['46.62', '50.83', '3.17', '31.38']"
LAST_GREENS ,"['13.88', '13.00', '37.62']"
RESULTS:,68.82,42.80,29.00

OFFSETS ,"['37.15', '51.06', '42.45']"
GREENS ,"['55.05', '35.41', '0.08', '48.07']"
LAST_GREENS ,"['5.45', '31.51', '20.93']"
RESULTS:,38.41,24.36,26.00

OFFSETS ,"['18.17', '6.38', '67.73']"
GREENS ,"['47.17', '52.76', '0.96', '58.76']"
LAST_GREENS ,"['13.33', '13.29', '10.24']"
RESULTS:,29.67,26.36,29.50

OFFSETS ,"['17.36', '6.28', '30.98']"
GREENS ,"['29.13', '52.76', '0.96', '58.74']"
LAST_GREENS ,"['31.37', '13.29', '10.26']"
RESULTS:,30.80,29.20,42.00

OFFSETS ,"['38.41', '17.53', '30.04']"
GREENS ,"['28.97', '36.20', '0.92', '50.96']"
LAST_GREENS ,"['31.53', '29.88', '18.04']"
RESULTS:,29.64,21.02,18.00

OFFSETS ,"['38.61', '47.41', '30.17']"
GREENS ,"['31.66', '50.23', '1.29', '51.95']"
LAST_GREENS ,"['28.84', '15.48', '17.05']"
RESULTS:,20.20,15.90,13.33

OFFSETS ,"['37.64', '17.83', '67.73']"
GREENS ,"['46.80', '52.88', '0.96', '58.75']"
LAST_GREENS ,"['13.70', '13.16', '10.25']"
RESULTS:,37.50,32.34,35.50

OFFSETS ,"['17.94', '11.63', '36.55']"
GREENS ,"['15.23', '51.43', '0.96', '51.75']"
LAST_GREENS ,"['45.27', '14.62', '17.25']"
RESULTS:,30.19,24.97,21.50

OFFSETS ,"['18.15', '6.38', '36.67']"
GREENS ,"['28.97', '52.46', '0.96', '59.74']"
LAST_GREENS ,"['31.53', '13.58', '9.26']"
RESULTS:,39.13,36.33,46.50

OFFSETS ,"['36.83', '47.41', '30.17']"
GREENS ,"['31.66', '50.23', '0.63', '39.35']"
LAST_GREENS ,"['28.84', '16.14', '29.65']"
RESULTS:,31.37,22.53,20.33

OFFSETS ,"['37.26', '6.28', '31.02']"
GREENS ,"['29.12', '52.76', '0.96', '58.73']"
LAST_GREENS ,"['31.38', '13.28', '10.27']"
RESULTS:,41.88,36.46,44.50

OFFSETS ,"['37.15', '51.06', '43.02']"
GREENS ,"['15.65', '51.09', '0.63', '48.07']"
LAST_GREENS ,"['44.85', '15.29', '20.93']"
RESULTS:,14.71,13.79,13.00

OFFSETS ,"['37.78', '17.44', '31.64']"
GREENS ,"['28.96', '37.05', '0.96', '51.79']"
LAST_GREENS ,"['31.54', '29.00', '17.21']"
RESULTS:,23.13,17.25,16.67

OFFSETS ,"['74.02', '17.39', '30.85']"
GREENS ,"['30.76', '37.07', '1.03', '50.95']"
LAST_GREENS ,"['29.74', '28.90', '18.05']"
RESULTS:,36.41,25.15,29.00

OFFSETS ,"['37.61', '17.44', '30.04']"
GREENS ,"['29.13', '36.43', '0.92', '50.96']"
LAST_GREENS ,"['31.37', '29.64', '18.04']"
RESULTS:,24.53,18.03,16.00

OFFSETS ,"['17.41', '17.44', '36.74']"
GREENS ,"['28.68', '36.74', '1.29', '51.82']"
LAST_GREENS ,"['31.82', '28.97', '17.18']"
RESULTS:,28.01,20.67,19.67

OFFSETS ,"['37.81', '17.44', '36.78']"
GREENS ,"['28.55', '36.74', '0.96', '51.80']"
LAST_GREENS ,"['31.95', '29.30', '17.20']"
RESULTS:,30.00,21.81,17.00

OFFSETS ,"['37.60', '17.44', '36.46']"
GREENS ,"['28.95', '36.74', '0.96', '51.81']"
LAST_GREENS ,"['31.55', '29.31', '17.19']"
RESULTS:,30.00,21.81,17.00

OFFSETS ,"['37.15', '51.29', '43.02']"
GREENS ,"['15.65', '50.85', '0.63', '51.83']"
LAST_GREENS ,"['44.85', '15.52', '17.17']"
RESULTS:,12.14,11.42,11.00

OFFSETS ,"['73.78', '51.06', '31.19']"
GREENS ,"['15.65', '51.09', '0.97', '48.07']"
LAST_GREENS ,"['44.85', '14.94', '20.93']"
RESULTS:,31.84,24.95,26.50

OFFSETS ,"['38.41', '49.90', '43.81']"
GREENS ,"['44.21', '51.27', '0.92', '48.15']"
LAST_GREENS ,"['16.29', '14.81', '20.85']"
RESULTS:,14.32,13.40,11.00

OFFSETS ,"['37.61', '17.44', '30.68']"
GREENS ,"['28.96', '51.11', '0.94', '50.80']"
LAST_GREENS ,"['31.54', '14.95', '18.20']"
RESULTS:,18.89,17.51,20.00

OFFSETS ,"['37.57', '50.75', '36.88']"
GREENS ,"['28.96', '51.41', '0.60', '50.32']"
LAST_GREENS ,"['31.54', '14.99', '18.68']"
RESULTS:,19.29,16.83,16.50

OFFSETS ,"['74.10', '18.29', '43.84']"
GREENS ,"['15.65', '51.12', '1.29', '47.69']"
LAST_GREENS ,"['44.85', '14.59', '21.31']"
RESULTS:,39.99,29.56,20.33

OFFSETS ,"['37.15', '51.36', '43.02']"
GREENS ,"['15.65', '50.86', '0.63', '51.83']"
LAST_GREENS ,"['44.85', '15.52', '17.17']"
RESULTS:,12.14,11.42,11.00

OFFSETS ,"['38.61', '47.41', '30.23']"
GREENS ,"['31.66', '50.23', '1.29', '51.91']"
LAST_GREENS ,"['28.84', '15.48', '17.09']"
RESULTS:,20.20,15.90,13.33

OFFSETS ,"['37.78', '17.87', '73.67']"
GREENS ,"['44.21', '51.27', '0.96', '58.80']"
LAST_GREENS ,"['16.29', '14.77', '10.20']"
RESULTS:,31.63,25.58,18.00

OFFSETS ,"['38.61', '51.21', '42.59']"
GREENS ,"['31.66', '50.23', '1.28', '52.04']"
LAST_GREENS ,"['28.84', '15.49', '16.96']"
RESULTS:,11.59,10.94,10.00

OFFSETS ,"['37.15', '47.33', '30.59']"
GREENS ,"['18.76', '50.17', '0.63', '48.07']"
LAST_GREENS ,"['41.74', '16.20', '20.93']"
RESULTS:,21.25,15.99,18.00

OFFSETS ,"['37.59', '47.52', '43.94']"
GREENS ,"['15.62', '50.20', '1.29', '50.74']"
LAST_GREENS ,"['44.88', '15.52', '18.26']"
RESULTS:,16.83,15.55,16.00

OFFSETS ,"['37.12', '47.30', '36.55']"
GREENS ,"['30.58', '50.91', '1.29', '51.95']"
LAST_GREENS ,"['29.92', '14.81', '17.05']"
RESULTS:,14.24,13.23,16.00

OFFSETS ,"['37.15', '51.06', '42.91']"
GREENS ,"['15.65', '50.85', '0.63', '48.30']"
LAST_GREENS ,"['44.85', '15.52', '20.70']"
RESULTS:,13.34,11.97,11.67

OFFSETS ,"['37.15', '51.36', '36.32']"
GREENS ,"['30.58', '50.86', '0.63', '51.84']"
LAST_GREENS ,"['29.92', '15.52', '17.16']"
RESULTS:,21.90,18.73,16.00

OFFSETS ,"['38.60', '51.10', '36.55']"
GREENS ,"['31.07', '51.13', '1.29', '51.96']"
LAST_GREENS ,"['29.43', '14.59', '17.04']"
RESULTS:,22.19,20.13,24.50

OFFSETS ,"['38.60', '47.42', '36.57']"
GREENS ,"['30.53', '50.85', '0.93', '51.95']"
LAST_GREENS ,"['29.97', '15.21', '17.05']"
RESULTS:,13.70,12.64,12.50

OFFSETS ,"['38.60', '47.44', '36.63']"
GREENS ,"['13.85', '51.13', '1.36', '51.95']"
LAST_GREENS ,"['46.65', '14.51', '17.05']"
RESULTS:,13.70,12.64,12.50

OFFSETS ,"['37.15', '51.06', '43.07']"
GREENS ,"['15.82', '50.85', '0.95', '51.77']"
LAST_GREENS ,"['44.68', '15.20', '17.23']"
RESULTS:,13.64,12.82,15.50

OFFSETS ,"['38.63', '47.41', '43.12']"
GREENS ,"['30.68', '50.13', '0.60', '51.83']"
LAST_GREENS ,"['29.82', '16.27', '17.17']"
RESULTS:,13.44,12.68,11.00

OFFSETS ,"['37.15', '51.11', '43.02']"
GREENS ,"['15.65', '50.85', '0.63', '51.83']"
LAST_GREENS ,"['44.85', '15.52', '17.17']"
RESULTS:,12.14,11.42,11.00

OFFSETS ,"['37.58', '51.21', '42.59']"
GREENS ,"['15.94', '50.20', '1.29', '52.04']"
LAST_GREENS ,"['44.56', '15.52', '16.96']"
RESULTS:,12.39,11.62,9.33

OFFSETS ,"['37.15', '51.29', '43.02']"
GREENS ,"['15.64', '50.93', '0.61', '48.13']"
LAST_GREENS ,"['44.86', '15.46', '20.87']"
RESULTS:,11.69,10.87,8.33

OFFSETS ,"['38.60', '51.43', '36.47']"
GREENS ,"['15.72', '50.23', '1.29', '51.95']"
LAST_GREENS ,"['44.78', '15.48', '17.05']"
RESULTS:,19.61,16.26,13.67

OFFSETS ,"['38.58', '51.42', '42.60']"
GREENS ,"['15.82', '50.13', '0.60', '51.82']"
LAST_GREENS ,"['44.68', '16.27', '17.18']"
RESULTS:,11.95,11.10,8.50

OFFSETS ,"['38.60', '47.41', '36.71']"
GREENS ,"['15.66', '50.19', '1.29', '51.95']"
LAST_GREENS ,"['44.84', '15.52', '17.05']"
RESULTS:,11.65,10.73,10.00

OFFSETS ,"['37.63', '51.21', '43.02']"
GREENS ,"['15.94', '50.20', '1.29', '52.05']"
LAST_GREENS ,"['44.56', '15.51', '16.95']"
RESULTS:,12.49,11.79,11.00

OFFSETS ,"['37.15', '51.29', '42.87']"
GREENS ,"['30.87', '50.23', '1.31', '52.03']"
LAST_GREENS ,"['29.63', '15.47', '16.97']"
RESULTS:,9.37,8.79,8.33

OFFSETS ,"['41.64', '47.41', '42.55']"
GREENS ,"['31.68', '50.87', '1.29', '51.87']"
LAST_GREENS ,"['28.82', '14.84', '17.13']"
RESULTS:,16.51,15.46,20.00

OFFSETS ,"['37.60', '47.41', '36.55']"
GREENS ,"['30.58', '50.23', '1.29', '51.92']"
LAST_GREENS ,"['29.92', '15.48', '17.08']"
RESULTS:,13.44,12.39,10.00

OFFSETS ,"['37.59', '51.21', '35.94']"
GREENS ,"['30.64', '47.88', '0.60', '50.71']"
LAST_GREENS ,"['29.86', '18.52', '18.29']"
RESULTS:,20.72,15.38,14.00

OFFSETS ,"['37.63', '47.40', '43.02']"
GREENS ,"['15.17', '50.13', '0.60', '50.73']"
LAST_GREENS ,"['45.33', '16.27', '18.27']"
RESULTS:,11.29,10.65,7.67

OFFSETS ,"['41.75', '47.31', '43.01']"
GREENS ,"['15.82', '50.13', '1.26', '56.53']"
LAST_GREENS ,"['44.68', '15.61', '12.47']"
RESULTS:,13.35,12.90,15.00

OFFSETS ,"['37.15', '51.30', '43.02']"
GREENS ,"['15.65', '50.23', '0.58', '52.03']"
LAST_GREENS ,"['44.85', '16.19', '16.97']"
RESULTS:,9.09,8.57,9.33

OFFSETS ,"['38.68', '51.27', '43.02']"
GREENS ,"['16.05', '50.95', '0.60', '51.83']"
LAST_GREENS ,"['44.45', '15.45', '17.17']"
RESULTS:,10.59,10.04,9.33

OFFSETS ,"['38.61', '51.06', '42.59']"
GREENS ,"['31.66', '50.86', '0.60', '51.84']"
LAST_GREENS ,"['28.84', '15.54', '17.16']"
RESULTS:,10.93,10.36,8.67

OFFSETS ,"['37.15', '51.15', '43.03']"
GREENS ,"['16.03', '50.13', '1.31', '52.03']"
LAST_GREENS ,"['44.47', '15.56', '16.97']"
RESULTS:,15.51,14.42,19.00

OFFSETS ,"['38.54', '51.31', '42.85']"
GREENS ,"['30.66', '47.91', '1.29', '51.83']"
LAST_GREENS ,"['29.84', '17.80', '17.17']"
RESULTS:,10.04,9.24,9.33

OFFSETS ,"['37.14', '51.29', '42.58']"
GREENS ,"['15.48', '50.16', '0.60', '48.10']"
LAST_GREENS ,"['45.02', '16.23', '20.90']"
RESULTS:,9.94,9.17,9.00

OFFSETS ,"['41.69', '51.20', '43.21']"
GREENS ,"['30.58', '48.10', '0.65', '51.88']"
LAST_GREENS ,"['29.92', '18.25', '17.12']"
RESULTS:,8.80,8.11,9.33

OFFSETS ,"['38.63', '51.15', '43.03']"
GREENS ,"['29.70', '50.12', '1.29', '50.76']"
LAST_GREENS ,"['30.80', '15.59', '18.24']"
RESULTS:,12.98,12.16,12.00

OFFSETS ,"['38.64', '54.94', '42.53']"
GREENS ,"['16.81', '47.89', '1.24', '50.71']"
LAST_GREENS ,"['43.69', '17.87', '18.29']"
RESULTS:,14.34,11.91,12.00

OFFSETS ,"['38.61', '51.21', '43.03']"
GREENS ,"['31.83', '50.85', '0.59', '51.87']"
LAST_GREENS ,"['28.67', '15.56', '17.13']"
RESULTS:,10.59,10.04,9.33

OFFSETS ,"['37.60', '47.41', '36.42']"
GREENS ,"['30.35', '50.19', '1.28', '50.74']"
LAST_GREENS ,"['30.15', '15.53', '18.26']"
RESULTS:,13.44,12.27,8.33

OFFSETS ,"['41.61', '51.21', '42.59']"
GREENS ,"['31.09', '47.90', '0.63', '50.74']"
LAST_GREENS ,"['29.41', '18.48', '18.26']"
RESULTS:,9.02,8.25,8.33

OFFSETS ,"['38.62', '51.20', '43.01']"
GREENS ,"['30.32', '50.13', '1.26', '51.83']"
LAST_GREENS ,"['30.18', '15.61', '17.17']"
RESULTS:,10.57,9.91,8.00

OFFSETS ,"['38.47', '51.42', '43.02']"
GREENS ,"['15.87', '50.20', '0.60', '51.82']"
LAST_GREENS ,"['44.63', '16.20', '17.18']"
RESULTS:,10.57,9.91,8.00

OFFSETS ,"['38.63', '51.20', '42.99']"
GREENS ,"['30.64', '50.09', '0.58', '50.71']"
LAST_GREENS ,"['29.86', '16.33', '18.29']"
RESULTS:,11.64,10.61,11.00

OFFSETS ,"['41.89', '51.20', '43.02']"
GREENS ,"['30.36', '50.10', '1.27', '51.88']"
LAST_GREENS ,"['30.14', '15.63', '17.12']"
RESULTS:,13.27,12.39,10.50

OFFSETS ,"['38.61', '51.20', '42.61']"
GREENS ,"['15.38', '50.10', '0.60', '50.71']"
LAST_GREENS ,"['45.12', '16.30', '18.29']"
RESULTS:,10.09,9.40,7.67

OFFSETS ,"['38.61', '51.29', '42.62']"
GREENS ,"['29.42', '50.20', '1.31', '51.83']"
LAST_GREENS ,"['31.08', '15.49', '17.17']"
RESULTS:,11.95,11.10,8.50

OFFSETS ,"['38.63', '51.42', '43.02']"
GREENS ,"['30.95', '50.17', '0.60', '50.70']"
LAST_GREENS ,"['29.55', '16.23', '18.30']"
RESULTS:,12.98,12.16,12.00

OFFSETS ,"['41.60', '51.21', '42.52']"
GREENS ,"['30.60', '47.88', '0.63', '51.76']"
LAST_GREENS ,"['29.90', '18.49', '17.24']"
RESULTS:,8.38,7.74,8.00

OFFSETS ,"['38.61', '51.42', '43.02']"
GREENS ,"['15.87', '50.20', '0.60', '51.82']"
LAST_GREENS ,"['44.63', '16.20', '17.18']"
RESULTS:,10.57,9.91,8.00

OFFSETS ,"['41.61', '51.21', '43.03']"
GREENS ,"['30.59', '47.88', '1.27', '51.82']"
LAST_GREENS ,"['29.91', '17.85', '17.18']"
RESULTS:,9.24,8.53,8.33

OFFSETS ,"['38.47', '51.42', '43.02']"
GREENS ,"['15.89', '50.21', '0.60', '51.82']"
LAST_GREENS ,"['44.61', '16.19', '17.18']"
RESULTS:,10.57,9.91,8.00

OFFSETS ,"['37.15', '51.20', '43.87']"
GREENS ,"['15.65', '50.84', '0.63', '51.60']"
LAST_GREENS ,"['44.85', '15.53', '17.40']"
RESULTS:,10.94,10.33,7.33

OFFSETS ,"['41.60', '51.20', '42.58']"
GREENS ,"['15.11', '47.88', '0.63', '51.76']"
LAST_GREENS ,"['45.39', '18.49', '17.24']"
RESULTS:,8.38,7.74,8.00

OFFSETS ,"['41.75', '51.21', '42.52']"
GREENS ,"['31.58', '47.88', '0.63', '51.76']"
LAST_GREENS ,"['28.92', '18.49', '17.24']"
RESULTS:,8.38,7.74,8.00

OFFSETS ,"['38.55', '51.41', '42.85']"
GREENS ,"['15.83', '47.90', '0.63', '51.83']"
LAST_GREENS ,"['44.67', '18.48', '17.17']"
RESULTS:,9.85,8.92,9.33

OFFSETS ,"['41.59', '51.21', '42.59']"
GREENS ,"['30.67', '50.10', '0.63', '50.70']"
LAST_GREENS ,"['29.83', '16.27', '18.30']"
RESULTS:,9.64,9.14,8.33

OFFSETS ,"['37.07', '51.21', '42.51']"
GREENS ,"['16.09', '47.88', '0.63', '51.76']"
LAST_GREENS ,"['44.41', '18.49', '17.24']"
RESULTS:,9.07,8.37,9.33

OFFSETS ,"['41.60', '51.20', '42.58']"
GREENS ,"['31.49', '47.88', '0.63', '51.76']"
LAST_GREENS ,"['29.01', '18.49', '17.24']"
RESULTS:,8.38,7.74,8.00

OFFSETS ,"['38.61', '51.20', '42.59']"
GREENS ,"['30.64', '47.81', '0.60', '51.82']"
LAST_GREENS ,"['29.86', '18.59', '17.18']"
RESULTS:,8.70,7.99,9.00

OFFSETS ,"['37.15', '51.29', '42.64']"
GREENS ,"['15.65', '44.97', '0.50', '51.60']"
LAST_GREENS ,"['44.85', '21.53', '17.40']"
RESULTS:,12.91,10.68,12.67

OFFSETS ,"['41.61', '51.21', '42.59']"
GREENS ,"['14.73', '47.90', '0.63', '51.83']"
LAST_GREENS ,"['45.77', '18.48', '17.17']"
RESULTS:,8.38,7.74,8.00

OFFSETS ,"['41.75', '51.21', '42.52']"
GREENS ,"['22.77', '47.88', '0.60', '44.99']"
LAST_GREENS ,"['37.73', '18.52', '24.01']"
RESULTS:,13.88,11.81,14.33

OFFSETS ,"['41.60', '51.20', '42.52']"
GREENS ,"['30.60', '48.02', '0.63', '51.77']"
LAST_GREENS ,"['29.90', '18.35', '17.23']"
RESULTS:,8.38,7.74,8.00

OFFSETS ,"['41.75', '51.21', '42.52']"
GREENS ,"['31.06', '47.88', '0.63', '51.76']"
LAST_GREENS ,"['29.44', '18.49', '17.24']"
RESULTS:,8.38,7.74,8.00

OFFSETS ,"['37.23', '51.29', '43.75']"
GREENS ,"['15.65', '47.84', '0.60', '51.57']"
LAST_GREENS ,"['44.85', '18.55', '17.43']"
RESULTS:,9.33,8.58,9.33

OFFSETS ,"['38.61', '51.21', '42.59']"
GREENS ,"['30.60', '50.04', '0.60', '51.83']"
LAST_GREENS ,"['29.90', '16.35', '17.17']"
RESULTS:,9.84,9.24,8.33

OFFSETS ,"['41.61', '51.21', '42.52']"
GREENS ,"['30.60', '48.02', '0.63', '51.75']"
LAST_GREENS ,"['29.90', '18.35', '17.25']"
RESULTS:,8.38,7.74,8.00

OFFSETS ,"['41.76', '51.20', '42.58']"
GREENS ,"['15.11', '47.88', '0.63', '51.76']"
LAST_GREENS ,"['45.39', '18.49', '17.24']"
RESULTS:,8.38,7.74,8.00

OFFSETS ,"['41.69', '51.15', '42.52']"
GREENS ,"['31.26', '47.88', '0.63', '51.76']"
LAST_GREENS ,"['29.24', '18.49', '17.24']"
RESULTS:,8.38,7.74,8.00

OFFSETS ,"['41.51', '51.29', '42.60']"
GREENS ,"['15.65', '47.88', '0.63', '51.77']"
LAST_GREENS ,"['44.85', '18.49', '17.23']"
RESULTS:,8.38,7.74,8.00

OFFSETS ,"['38.61', '51.20', '42.59']"
GREENS ,"['31.57', '50.13', '0.64', '51.76']"
LAST_GREENS ,"['28.93', '16.22', '17.24']"
RESULTS:,9.84,9.24,8.33

OFFSETS ,"['38.53', '51.21', '42.52']"
GREENS ,"['30.60', '50.18', '0.63', '51.76']"
LAST_GREENS ,"['29.90', '16.19', '17.24']"
RESULTS:,9.84,9.24,8.33

OFFSETS ,"['41.75', '51.21', '42.52']"
GREENS ,"['30.61', '47.88', '0.63', '51.76']"
LAST_GREENS ,"['29.89', '18.49', '17.24']"
RESULTS:,8.38,7.74,8.00

OFFSETS ,"['37.15', '51.21', '43.82']"
GREENS ,"['30.54', '50.94', '0.63', '51.75']"
LAST_GREENS ,"['29.96', '15.44', '17.25']"
RESULTS:,10.94,10.33,7.33

OFFSETS ,"['38.48', '51.21', '42.59']"
GREENS ,"['14.73', '48.81', '0.63', '51.83']"
LAST_GREENS ,"['45.77', '17.56', '17.17']"
RESULTS:,9.07,8.52,8.33

OFFSETS ,"['41.75', '51.21', '42.49']"
GREENS ,"['30.56', '47.88', '0.63', '51.76']"
LAST_GREENS ,"['29.94', '18.49', '17.24']"
RESULTS:,8.38,7.74,8.00

OFFSETS ,"['37.11', '51.20', '43.87']"
GREENS ,"['15.65', '50.78', '0.63', '51.60']"
LAST_GREENS ,"['44.85', '15.59', '17.40']"
RESULTS:,10.94,10.33,7.33

OFFSETS ,"['41.61', '51.21', '42.59']"
GREENS ,"['31.11', '47.90', '0.63', '51.84']"
LAST_GREENS ,"['29.39', '18.48', '17.16']"
RESULTS:,8.38,7.74,8.00

OFFSETS ,"['42.61', '51.21', '52.96']"
GREENS ,"['30.81', '47.83', '0.63', '51.83']"
LAST_GREENS ,"['29.69', '18.54', '17.17']"
RESULTS:,8.95,8.21,9.67

OFFSETS ,"['38.61', '51.20', '42.59']"
GREENS ,"['30.64', '50.09', '0.60', '50.71']"
LAST_GREENS ,"['29.86', '16.30', '18.29']"
RESULTS:,10.09,9.40,7.67

OFFSETS ,"['41.30', '51.21', '42.52']"
GREENS ,"['31.47', '47.88', '0.63', '51.76']"
LAST_GREENS ,"['29.03', '18.49', '17.24']"
RESULTS:,8.38,7.74,8.00

OFFSETS ,"['41.55', '51.21', '42.59']"
GREENS ,"['31.11', '47.84', '0.60', '51.83']"
LAST_GREENS ,"['29.39', '18.55', '17.17']"
RESULTS:,8.38,7.74,8.00

OFFSETS ,"['41.61', '51.21', '42.65']"
GREENS ,"['31.82', '47.86', '0.63', '51.83']"
LAST_GREENS ,"['28.68', '18.51', '17.17']"
RESULTS:,8.38,7.74,8.00

OFFSETS ,"['37.15', '51.20', '43.87']"
GREENS ,"['15.65', '50.94', '0.63', '51.60']"
LAST_GREENS ,"['44.85', '15.44', '17.40']"
RESULTS:,10.94,10.33,7.33

OFFSETS ,"['37.15', '51.21', '42.54']"
GREENS ,"['15.65', '47.90', '0.63', '51.60']"
LAST_GREENS ,"['44.85', '18.47', '17.40']"
RESULTS:,9.07,8.37,9.33

OFFSETS ,"['41.76', '51.21', '42.52']"
GREENS ,"['16.54', '47.88', '0.63', '51.75']"
LAST_GREENS ,"['43.96', '18.49', '17.25']"
RESULTS:,8.38,7.74,8.00

OFFSETS ,"['37.07', '51.20', '42.52']"
GREENS ,"['15.66', '50.78', '0.63', '51.76']"
LAST_GREENS ,"['44.84', '15.59', '17.24']"
RESULTS:,13.46,12.61,12.00

OFFSETS ,"['41.61', '51.21', '42.52']"
GREENS ,"['31.47', '47.92', '0.63', '51.76']"
LAST_GREENS ,"['29.03', '18.45', '17.24']"
RESULTS:,8.38,7.74,8.00

OFFSETS ,"['37.42', '51.21', '42.57']"
GREENS ,"['30.54', '47.54', '0.63', '51.75']"
LAST_GREENS ,"['29.96', '18.84', '17.25']"
RESULTS:,8.43,7.83,9.00

OFFSETS ,"['41.54', '51.21', '42.50']"
GREENS ,"['30.60', '47.88', '0.63', '51.76']"
LAST_GREENS ,"['29.90', '18.49', '17.24']"
RESULTS:,8.38,7.74,8.00

OFFSETS ,"['37.11', '51.21', '38.89']"
GREENS ,"['30.54', '50.76', '0.63', '51.74']"
LAST_GREENS ,"['29.96', '15.61', '17.26']"
RESULTS:,16.56,15.09,15.00

OFFSETS ,"['38.58', '51.20', '42.61']"
GREENS ,"['30.64', '50.09', '0.63', '51.77']"
LAST_GREENS ,"['29.86', '16.28', '17.23']"
RESULTS:,9.84,9.24,8.33

OFFSETS ,"['38.69', '51.21', '43.79']"
GREENS ,"['29.72', '50.76', '0.63', '51.75']"
LAST_GREENS ,"['30.78', '15.61', '17.25']"
RESULTS:,11.06,10.46,8.00

OFFSETS ,"['41.80', '51.21', '42.52']"
GREENS ,"['16.09', '47.90', '0.64', '51.77']"
LAST_GREENS ,"['44.41', '18.46', '17.23']"
RESULTS:,8.38,7.74,8.00

OFFSETS ,"['41.54', '51.21', '42.50']"
GREENS ,"['30.60', '47.88', '0.63', '51.76']"
LAST_GREENS ,"['29.90', '18.49', '17.24']"
RESULTS:,8.38,7.74,8.00

OFFSETS ,"['38.61', '51.21', '42.52']"
GREENS ,"['31.50', '50.09', '0.60', '51.78']"
LAST_GREENS ,"['29.00', '16.31', '17.22']"
RESULTS:,9.84,9.24,8.33

OFFSETS ,"['37.11', '51.21', '43.82']"
GREENS ,"['30.81', '50.73', '0.60', '51.75']"
LAST_GREENS ,"['29.69', '15.67', '17.25']"
RESULTS:,10.89,10.29,7.67

OFFSETS ,"['38.62', '51.21', '42.59']"
GREENS ,"['29.70', '50.13', '0.60', '50.76']"
LAST_GREENS ,"['30.80', '16.26', '18.24']"
RESULTS:,10.09,9.40,7.67

OFFSETS ,"['41.75', '51.21', '42.52']"
GREENS ,"['30.61', '47.88', '0.60', '51.76']"
LAST_GREENS ,"['29.89', '18.52', '17.24']"
RESULTS:,8.38,7.74,8.00

OFFSETS ,"['41.30', '51.21', '42.52']"
GREENS ,"['16.29', '47.83', '0.61', '51.77']"
LAST_GREENS ,"['44.21', '18.57', '17.23']"
RESULTS:,9.12,8.33,9.00

OFFSETS ,"['41.61', '51.21', '42.52']"
GREENS ,"['31.47', '47.88', '0.63', '51.76']"
LAST_GREENS ,"['29.03', '18.49', '17.24']"
RESULTS:,8.38,7.74,8.00

OFFSETS ,"['38.61', '51.20', '42.59']"
GREENS ,"['30.64', '47.87', '0.60', '51.75']"
LAST_GREENS ,"['29.86', '18.53', '17.25']"
RESULTS:,8.70,7.99,9.00

OFFSETS ,"['38.68', '51.21', '42.59']"
GREENS ,"['29.70', '50.09', '0.64', '50.74']"
LAST_GREENS ,"['30.80', '16.26', '18.26']"
RESULTS:,10.09,9.40,7.67

OFFSETS ,"['41.62', '51.21', '42.51']"
GREENS ,"['30.60', '47.88', '0.63', '50.61']"
LAST_GREENS ,"['29.90', '18.49', '18.39']"
RESULTS:,9.02,8.25,8.33

OFFSETS ,"['37.11', '51.21', '43.82']"
GREENS ,"['30.61', '50.76', '0.63', '51.75']"
LAST_GREENS ,"['29.89', '15.61', '17.25']"
RESULTS:,10.94,10.33,7.33

OFFSETS ,"['41.76', '51.21', '42.50']"
GREENS ,"['30.59', '47.88', '0.60', '51.76']"
LAST_GREENS ,"['29.91', '18.52', '17.24']"
RESULTS:,8.38,7.74,8.00

OFFSETS ,"['38.61', '51.20', '42.59']"
GREENS ,"['30.64', '50.09', '0.63', '51.75']"
LAST_GREENS ,"['29.86', '16.28', '17.25']"
RESULTS:,9.84,9.24,8.33

OFFSETS ,"['41.79', '51.21', '42.59']"
GREENS ,"['31.11', '47.90', '0.65', '51.83']"
LAST_GREENS ,"['29.39', '18.45', '17.17']"
RESULTS:,8.38,7.74,8.00

OFFSETS ,"['41.80', '51.20', '42.58']"
GREENS ,"['14.84', '47.82', '0.63', '51.79']"
LAST_GREENS ,"['45.66', '18.55', '17.21']"
RESULTS:,8.38,7.74,8.00

OFFSETS ,"['41.74', '51.21', '42.52']"
GREENS ,"['31.57', '47.88', '0.63', '50.68']"
LAST_GREENS ,"['28.93', '18.49', '18.32']"
RESULTS:,9.02,8.25,8.33

OFFSETS ,"['41.80', '51.20', '42.52']"
GREENS ,"['16.09', '47.90', '0.64', '51.77']"
LAST_GREENS ,"['44.41', '18.46', '17.23']"
RESULTS:,8.38,7.74,8.00

OFFSETS ,"['41.54', '51.21', '42.52']"
GREENS ,"['16.09', '47.88', '0.63', '51.76']"
LAST_GREENS ,"['44.41', '18.49', '17.24']"
RESULTS:,8.38,7.74,8.00

OFFSETS ,"['41.80', '51.20', '42.58']"
GREENS ,"['14.84', '47.82', '0.60', '50.72']"
LAST_GREENS ,"['45.66', '18.58', '18.28']"
RESULTS:,9.02,8.25,8.33

OFFSETS ,"['38.61', '51.21', '42.59']"
GREENS ,"['30.60', '47.88', '0.63', '50.69']"
LAST_GREENS ,"['29.90', '18.49', '18.31']"
RESULTS:,9.33,8.45,8.67

OFFSETS ,"['41.60', '51.20', '43.87']"
GREENS ,"['15.64', '47.84', '0.63', '51.79']"
LAST_GREENS ,"['44.86', '18.54', '17.21']"
RESULTS:,9.09,8.40,8.33

OFFSETS ,"['38.52', '47.35', '42.58']"
GREENS ,"['30.64', '50.09', '0.60', '51.86']"
LAST_GREENS ,"['29.86', '16.30', '17.14']"
RESULTS:,9.69,9.25,7.33

OFFSETS ,"['41.60', '51.21', '42.52']"
GREENS ,"['16.04', '47.88', '0.63', '51.76']"
LAST_GREENS ,"['44.46', '18.49', '17.24']"
RESULTS:,8.38,7.74,8.00

OFFSETS ,"['41.76', '51.21', '42.58']"
GREENS ,"['15.11', '47.88', '0.63', '51.76']"
LAST_GREENS ,"['45.39', '18.49', '17.24']"
RESULTS:,8.38,7.74,8.00

OFFSETS ,"['41.59', '47.20', '42.58']"
GREENS ,"['30.64', '50.09', '0.60', '51.86']"
LAST_GREENS ,"['29.86', '16.30', '17.14']"
RESULTS:,9.93,9.48,7.67

OFFSETS ,"['38.54', '51.34', '42.52']"
GREENS ,"['31.47', '47.88', '0.60', '51.76']"
LAST_GREENS ,"['29.03', '18.52', '17.24']"
RESULTS:,8.70,7.99,9.00

OFFSETS ,"['41.75', '51.21', '42.52']"
GREENS ,"['30.61', '47.88', '0.60', '51.76']"
LAST_GREENS ,"['29.89', '18.52', '17.24']"
RESULTS:,8.38,7.74,8.00

OFFSETS ,"['41.54', '51.21', '42.50']"
GREENS ,"['30.54', '47.88', '0.63', '51.76']"
LAST_GREENS ,"['29.96', '18.49', '17.24']"
RESULTS:,8.38,7.74,8.00

OFFSETS ,"['41.56', '51.21', '42.52']"
GREENS ,"['15.45', '54.77', '0.63', '51.83']"
LAST_GREENS ,"['45.05', '11.61', '17.17']"
RESULTS:,22.72,21.28,33.50

OFFSETS ,"['38.56', '47.33', '42.58']"
GREENS ,"['30.90', '47.91', '0.63', '51.76']"
LAST_GREENS ,"['29.60', '18.46', '17.24']"
RESULTS:,8.34,7.86,9.00

OFFSETS ,"['41.80', '51.20', '42.58']"
GREENS ,"['14.90', '47.78', '0.60', '51.76']"
LAST_GREENS ,"['45.60', '18.61', '17.24']"
RESULTS:,8.38,7.74,8.00

OFFSETS ,"['41.75', '51.21', '42.52']"
GREENS ,"['30.64', '47.96', '0.60', '51.76']"
LAST_GREENS ,"['29.86', '18.43', '17.24']"
RESULTS:,8.38,7.74,8.00

OFFSETS ,"['41.57', '51.21', '42.52']"
GREENS ,"['30.54', '50.06', '0.63', '51.76']"
LAST_GREENS ,"['29.96', '16.32', '17.24']"
RESULTS:,9.88,9.26,9.33

OFFSETS ,"['41.55', '51.21', '42.59']"
GREENS ,"['16.15', '47.88', '0.60', '51.76']"
LAST_GREENS ,"['44.35', '18.52', '17.24']"
RESULTS:,8.38,7.74,8.00

OFFSETS ,"['41.74', '51.20', '42.52']"
GREENS ,"['29.81', '47.90', '0.63', '51.76']"
LAST_GREENS ,"['30.69', '18.48', '17.24']"
RESULTS:,8.38,7.74,8.00

OFFSETS ,"['41.80', '51.21', '42.58']"
GREENS ,"['14.91', '47.90', '0.63', '51.79']"
LAST_GREENS ,"['45.59', '18.48', '17.21']"
RESULTS:,8.38,7.74,8.00

OFFSETS ,"['38.52', '47.33', '42.58']"
GREENS ,"['30.90', '50.09', '0.60', '51.83']"
LAST_GREENS ,"['29.60', '16.31', '17.17']"
RESULTS:,9.69,9.25,7.33

OFFSETS ,"['41.80', '51.20', '42.52']"
GREENS ,"['31.66', '47.78', '0.60', '51.85']"
LAST_GREENS ,"['28.84', '18.61', '17.15']"
RESULTS:,8.38,7.74,8.00

OFFSETS ,"['41.74', '51.20', '42.52']"
GREENS ,"['14.94', '47.88', '0.64', '51.76']"
LAST_GREENS ,"['45.56', '18.48', '17.24']"
RESULTS:,8.38,7.74,8.00

OFFSETS ,"['41.81', '51.20', '42.58']"
GREENS ,"['31.00', '47.78', '0.63', '51.77']"
LAST_GREENS ,"['29.50', '18.59', '17.23']"
RESULTS:,8.38,7.74,8.00

OFFSETS ,"['41.80', '51.20', '42.51']"
GREENS ,"['29.81', '47.88', '0.64', '51.76']"
LAST_GREENS ,"['30.69', '18.48', '17.24']"
RESULTS:,8.38,7.74,8.00

OFFSETS ,"['41.74', '51.20', '42.52']"
GREENS ,"['15.62', '47.88', '0.64', '51.76']"
LAST_GREENS ,"['44.88', '18.48', '17.24']"
RESULTS:,8.38,7.74,8.00

OFFSETS ,"['38.52', '47.35', '42.58']"
GREENS ,"['30.61', '50.01', '0.60', '51.86']"
LAST_GREENS ,"['29.89', '16.39', '17.14']"
RESULTS:,9.69,9.25,7.33

OFFSETS ,"['38.73', '51.21', '42.58']"
GREENS ,"['31.12', '47.91', '0.63', '51.77']"
LAST_GREENS ,"['29.38', '18.46', '17.23']"
RESULTS:,8.70,7.99,9.00

OFFSETS ,"['41.55', '51.20', '42.58']"
GREENS ,"['14.51', '47.84', '0.11', '51.85']"
LAST_GREENS ,"['45.99', '19.05', '17.15']"
RESULTS:,8.38,7.74,8.00

OFFSETS ,"['41.74', '51.20', '42.52']"
GREENS ,"['14.99', '47.88', '0.61', '51.76']"
LAST_GREENS ,"['45.51', '18.51', '17.24']"
RESULTS:,8.38,7.74,8.00

OFFSETS ,"['41.61', '51.21', '42.59']"
GREENS ,"['32.07', '47.84', '0.63', '51.83']"
LAST_GREENS ,"['28.43', '18.53', '17.17']"
RESULTS:,8.38,7.74,8.00

OFFSETS ,"['41.80', '51.21', '42.52']"
GREENS ,"['18.31', '47.78', '0.60', '51.76']"
LAST_GREENS ,"['42.19', '18.61', '17.24']"
RESULTS:,8.38,7.74,8.00

OFFSETS ,"['38.32', '51.41', '42.58']"
GREENS ,"['30.54', '50.01', '0.60', '51.85']"
LAST_GREENS ,"['29.96', '16.39', '17.15']"
RESULTS:,11.69,10.95,8.00

OFFSETS ,"['38.56', '47.28', '42.58']"
GREENS ,"['30.90', '47.78', '0.60', '51.76']"
LAST_GREENS ,"['29.60', '18.62', '17.24']"
RESULTS:,8.34,7.86,9.00

OFFSETS ,"['38.52', '47.35', '42.58']"
GREENS ,"['30.64', '50.09', '0.60', '51.86']"
LAST_GREENS ,"['29.86', '16.30', '17.14']"
RESULTS:,9.69,9.25,7.33

OFFSETS ,"['41.80', '51.25', '42.58']"
GREENS ,"['14.90', '47.92', '0.63', '51.85']"
LAST_GREENS ,"['45.60', '18.46', '17.15']"
RESULTS:,8.38,7.74,8.00

OFFSETS ,"['38.52', '47.33', '42.58']"
GREENS ,"['30.89', '50.09', '0.60', '51.83']"
LAST_GREENS ,"['29.61', '16.31', '17.17']"
RESULTS:,9.69,9.25,7.33

OFFSETS ,"['38.56', '47.35', '42.58']"
GREENS ,"['30.64', '50.01', '0.60', '51.76']"
LAST_GREENS ,"['29.86', '16.39', '17.24']"
RESULTS:,9.69,9.25,7.33

OFFSETS ,"['38.56', '51.29', '42.59']"
GREENS ,"['14.28', '47.91', '0.63', '51.76']"
LAST_GREENS ,"['46.22', '18.46', '17.24']"
RESULTS:,8.70,7.99,9.00

OFFSETS ,"['41.74', '51.20', '42.52']"
GREENS ,"['14.94', '47.88', '0.64', '51.76']"
LAST_GREENS ,"['45.56', '18.48', '17.24']"
RESULTS:,8.38,7.74,8.00

OFFSETS ,"['38.56', '47.29', '42.58']"
GREENS ,"['30.90', '47.78', '0.60', '51.86']"
LAST_GREENS ,"['29.60', '18.62', '17.14']"
RESULTS:,8.34,7.86,9.00

OFFSETS ,"['38.52', '47.33', '42.53']"
GREENS ,"['30.89', '50.09', '0.60', '51.83']"
LAST_GREENS ,"['29.61', '16.31', '17.17']"
RESULTS:,9.69,9.25,7.33

OFFSETS ,"['41.80', '47.66', '42.59']"
GREENS ,"['15.02', '47.78', '0.60', '51.76']"
LAST_GREENS ,"['45.48', '18.61', '17.24']"
RESULTS:,9.35,8.72,9.33

OFFSETS ,"['41.55', '51.21', '42.52']"
GREENS ,"['31.40', '49.83', '0.60', '51.76']"
LAST_GREENS ,"['29.10', '16.57', '17.24']"
RESULTS:,9.88,9.26,9.33

OFFSETS ,"['41.56', '51.20', '42.52']"
GREENS ,"['4.22', '47.78', '0.11', '51.76']"
LAST_GREENS ,"['56.28', '19.11', '17.24']"
RESULTS:,8.38,7.74,8.00

OFFSETS ,"['38.52', '47.35', '42.58']"
GREENS ,"['30.90', '50.04', '0.63', '51.86']"
LAST_GREENS ,"['29.60', '16.34', '17.14']"
RESULTS:,9.69,9.25,7.33

OFFSETS ,"['38.52', '51.08', '42.58']"
GREENS ,"['30.40', '48.06', '0.60', '51.85']"
LAST_GREENS ,"['30.10', '18.34', '17.15']"
RESULTS:,8.70,7.99,9.00

OFFSETS ,"['38.64', '47.33', '46.64']"
GREENS ,"['30.61', '47.88', '0.60', '51.83']"
LAST_GREENS ,"['29.89', '18.51', '17.17']"
RESULTS:,9.37,8.73,8.67

OFFSETS ,"['38.48', '47.51', '42.58']"
GREENS ,"['30.47', '49.99', '0.60', '51.76']"
LAST_GREENS ,"['30.03', '16.41', '17.24']"
RESULTS:,9.69,9.25,7.33

OFFSETS ,"['41.59', '51.21', '42.58']"
GREENS ,"['12.54', '47.88', '0.64', '51.85']"
LAST_GREENS ,"['47.96', '18.48', '17.15']"
RESULTS:,8.38,7.74,8.00

OFFSETS ,"['38.56', '47.28', '42.58']"
GREENS ,"['30.90', '47.78', '0.60', '51.76']"
LAST_GREENS ,"['29.60', '18.62', '17.24']"
RESULTS:,8.34,7.86,9.00

OFFSETS ,"['38.56', '51.20', '42.58']"
GREENS ,"['30.90', '47.78', '0.60', '51.76']"
LAST_GREENS ,"['29.60', '18.62', '17.24']"
RESULTS:,8.70,7.99,9.00

OFFSETS ,"['41.80', '51.25', '42.58']"
GREENS ,"['14.94', '47.90', '0.61', '51.85']"
LAST_GREENS ,"['45.56', '18.50', '17.15']"
RESULTS:,8.38,7.74,8.00

OFFSETS ,"['41.62', '47.26', '42.58']"
GREENS ,"['31.54', '47.90', '0.36', '54.94']"
LAST_GREENS ,"['28.96', '18.74', '14.06']"
RESULTS:,8.32,7.94,9.00

OFFSETS ,"['38.45', '51.25', '32.55']"
GREENS ,"['31.07', '47.87', '0.63', '52.98']"
LAST_GREENS ,"['29.43', '18.51', '16.02']"
RESULTS:,20.62,15.27,11.67

OFFSETS ,"['41.62', '51.19', '42.58']"
GREENS ,"['14.64', '47.90', '0.36', '54.92']"
LAST_GREENS ,"['45.86', '18.74', '14.08']"
RESULTS:,9.74,8.81,10.00

OFFSETS ,"['38.52', '46.38', '39.36']"
GREENS ,"['14.84', '50.04', '0.60', '51.86']"
LAST_GREENS ,"['45.66', '16.36', '17.14']"
RESULTS:,8.58,8.16,8.67

OFFSETS ,"['38.52', '47.35', '42.58']"
GREENS ,"['30.64', '50.08', '0.60', '51.86']"
LAST_GREENS ,"['29.86', '16.31', '17.14']"
RESULTS:,9.69,9.25,7.33

OFFSETS ,"['41.55', '51.20', '42.58']"
GREENS ,"['14.51', '47.84', '0.11', '51.86']"
LAST_GREENS ,"['45.99', '19.05', '17.14']"
RESULTS:,8.38,7.74,8.00

OFFSETS ,"['41.80', '47.28', '42.58']"
GREENS ,"['31.41', '47.84', '0.60', '51.87']"
LAST_GREENS ,"['29.09', '18.56', '17.13']"
RESULTS:,8.77,8.24,8.33

OFFSETS ,"['41.59', '51.05', '42.58']"
GREENS ,"['31.12', '47.86', '0.63', '51.86']"
LAST_GREENS ,"['29.38', '18.51', '17.14']"
RESULTS:,8.38,7.74,8.00

OFFSETS ,"['41.56', '47.56', '42.58']"
GREENS ,"['30.81', '50.01', '0.60', '51.76']"
LAST_GREENS ,"['29.69', '16.39', '17.24']"
RESULTS:,9.93,9.48,7.67

OFFSETS ,"['41.55', '51.25', '42.58']"
GREENS ,"['33.90', '47.90', '0.63', '51.76']"
LAST_GREENS ,"['26.60', '18.47', '17.24']"
RESULTS:,8.38,7.74,8.00

OFFSETS ,"['41.75', '47.20', '42.52']"
GREENS ,"['30.10', '47.91', '0.63', '51.83']"
LAST_GREENS ,"['30.40', '18.46', '17.17']"
RESULTS:,8.77,8.24,8.33

OFFSETS ,"['41.55', '47.37', '42.58']"
GREENS ,"['33.97', '47.90', '0.64', '51.76']"
LAST_GREENS ,"['26.53', '18.46', '17.24']"
RESULTS:,9.35,8.72,9.33

OFFSETS ,"['41.79', '51.15', '42.59']"
GREENS ,"['31.06', '47.92', '0.63', '51.77']"
LAST_GREENS ,"['29.44', '18.46', '17.23']"
RESULTS:,8.38,7.74,8.00

OFFSETS ,"['41.44', '51.20', '42.58']"
GREENS ,"['12.37', '47.92', '0.63', '51.71']"
LAST_GREENS ,"['48.13', '18.46', '17.29']"
RESULTS:,8.38,7.74,8.00

OFFSETS ,"['56.76', '51.16', '42.59']"
GREENS ,"['31.03', '47.88', '0.63', '51.76']"
LAST_GREENS ,"['29.47', '18.50', '17.24']"
RESULTS:,8.92,8.26,8.67

OFFSETS ,"['38.52', '51.23', '42.58']"
GREENS ,"['30.54', '50.01', '0.60', '51.76']"
LAST_GREENS ,"['29.96', '16.39', '17.24']"
RESULTS:,9.84,9.24,8.33

OFFSETS ,"['56.76', '47.13', '42.52']"
GREENS ,"['31.06', '47.91', '0.63', '51.76']"
LAST_GREENS ,"['29.44', '18.46', '17.24']"
RESULTS:,8.30,7.94,8.67

OFFSETS ,"['41.80', '51.25', '42.58']"
GREENS ,"['35.47', '47.92', '0.63', '51.85']"
LAST_GREENS ,"['25.03', '18.46', '17.15']"
RESULTS:,8.38,7.74,8.00

OFFSETS ,"['41.55', '51.21', '42.58']"
GREENS ,"['14.94', '47.92', '0.64', '51.76']"
LAST_GREENS ,"['45.56', '18.44', '17.24']"
RESULTS:,8.38,7.74,8.00

OFFSETS ,"['56.76', '47.16', '42.59']"
GREENS ,"['31.06', '47.91', '0.63', '51.76']"
LAST_GREENS ,"['29.44', '18.46', '17.24']"
RESULTS:,8.30,7.94,8.67

OFFSETS ,"['41.55', '51.25', '42.58']"
GREENS ,"['13.34', '47.90', '0.63', '51.76']"
LAST_GREENS ,"['47.16', '18.47', '17.24']"
RESULTS:,8.38,7.74,8.00

OFFSETS ,"['38.52', '47.28', '42.58']"
GREENS ,"['30.74', '49.92', '0.64', '51.85']"
LAST_GREENS ,"['29.76', '16.44', '17.15']"
RESULTS:,9.69,9.25,7.33

OFFSETS ,"['41.56', '47.18', '42.58']"
GREENS ,"['30.64', '47.89', '0.60', '51.86']"
LAST_GREENS ,"['29.86', '18.51', '17.14']"
RESULTS:,8.77,8.24,8.33

OFFSETS ,"['57.00', '47.22', '42.58']"
GREENS ,"['13.34', '47.90', '0.63', '51.76']"
LAST_GREENS ,"['47.16', '18.47', '17.24']"
RESULTS:,8.30,7.94,8.67

OFFSETS ,"['38.58', '51.24', '42.58']"
GREENS ,"['31.09', '50.09', '0.60', '51.86']"
LAST_GREENS ,"['29.41', '16.30', '17.14']"
RESULTS:,9.84,9.24,8.33

OFFSETS ,"['56.76', '47.13', '42.59']"
GREENS ,"['31.06', '47.91', '0.63', '51.76']"
LAST_GREENS ,"['29.44', '18.46', '17.24']"
RESULTS:,8.30,7.94,8.67

OFFSETS ,"['41.55', '51.20', '42.58']"
GREENS ,"['12.28', '47.88', '0.63', '51.71']"
LAST_GREENS ,"['48.22', '18.49', '17.29']"
RESULTS:,8.38,7.74,8.00

OFFSETS ,"['41.49', '47.36', '42.58']"
GREENS ,"['11.62', '47.90', '0.63', '51.85']"
LAST_GREENS ,"['48.88', '18.48', '17.15']"
RESULTS:,8.77,8.21,8.33

OFFSETS ,"['41.70', '47.33', '42.58']"
GREENS ,"['16.16', '47.82', '0.60', '51.76']"
LAST_GREENS ,"['44.34', '18.58', '17.24']"
RESULTS:,8.74,8.20,8.33

OFFSETS ,"['41.80', '51.20', '42.58']"
GREENS ,"['14.93', '47.90', '0.10', '51.85']"
LAST_GREENS ,"['45.57', '19.00', '17.15']"
RESULTS:,8.38,7.74,8.00

OFFSETS ,"['38.45', '45.63', '42.58']"
GREENS ,"['14.46', '50.10', '0.61', '51.83']"
LAST_GREENS ,"['46.04', '16.29', '17.17']"
RESULTS:,12.36,11.71,11.00

OFFSETS ,"['41.77', '51.25', '42.58']"
GREENS ,"['14.64', '47.88', '0.63', '51.71']"
LAST_GREENS ,"['45.86', '18.50', '17.29']"
RESULTS:,8.38,7.74,8.00

OFFSETS ,"['38.59', '47.33', '42.58']"
GREENS ,"['12.48', '50.10', '0.63', '51.83']"
LAST_GREENS ,"['48.02', '16.28', '17.17']"
RESULTS:,9.69,9.25,7.33

OFFSETS ,"['38.52', '47.35', '42.58']"
GREENS ,"['30.89', '50.08', '0.60', '51.86']"
LAST_GREENS ,"['29.61', '16.31', '17.14']"
RESULTS:,9.69,9.25,7.33

OFFSETS ,"['38.49', '47.35', '42.58']"
GREENS ,"['30.39', '50.08', '0.60', '51.86']"
LAST_GREENS ,"['30.11', '16.31', '17.14']"
RESULTS:,9.69,9.25,7.33

OFFSETS ,"['38.52', '47.33', '42.58']"
GREENS ,"['30.64', '50.10', '0.60', '51.83']"
LAST_GREENS ,"['29.86', '16.30', '17.17']"
RESULTS:,9.69,9.25,7.33

OFFSETS ,"['56.79', '47.19', '42.58']"
GREENS ,"['31.36', '47.91', '0.63', '51.76']"
LAST_GREENS ,"['29.14', '18.46', '17.24']"
RESULTS:,8.30,7.94,8.67

OFFSETS ,"['41.74', '47.35', '42.58']"
GREENS ,"['30.52', '49.97', '0.60', '51.76']"
LAST_GREENS ,"['29.98', '16.43', '17.24']"
RESULTS:,9.93,9.48,7.67

OFFSETS ,"['41.55', '51.20', '42.52']"
GREENS ,"['31.40', '47.88', '0.63', '51.71']"
LAST_GREENS ,"['29.10', '18.49', '17.29']"
RESULTS:,8.38,7.74,8.00

OFFSETS ,"['41.75', '51.25', '42.52']"
GREENS ,"['30.43', '47.84', '0.63', '51.86']"
LAST_GREENS ,"['30.07', '18.54', '17.14']"
RESULTS:,8.38,7.74,8.00

OFFSETS ,"['56.94', '50.75', '42.58']"
GREENS ,"['14.92', '47.92', '0.63', '51.76']"
LAST_GREENS ,"['45.58', '18.46', '17.24']"
RESULTS:,8.72,8.28,9.33

OFFSETS ,"['38.66', '47.32', '42.58']"
GREENS ,"['12.23', '50.10', '0.63', '51.83']"
LAST_GREENS ,"['48.27', '16.28', '17.17']"
RESULTS:,9.69,9.25,7.33

OFFSETS ,"['38.49', '47.35', '42.52']"
GREENS ,"['30.32', '47.92', '0.60', '51.86']"
LAST_GREENS ,"['30.18', '18.48', '17.14']"
RESULTS:,8.34,7.86,9.00

OFFSETS ,"['38.52', '47.35', '42.58']"
GREENS ,"['30.64', '50.08', '0.60', '51.86']"
LAST_GREENS ,"['29.86', '16.31', '17.14']"
RESULTS:,9.69,9.25,7.33

OFFSETS ,"['38.66', '47.33', '42.58']"
GREENS ,"['12.23', '50.10', '0.63', '51.83']"
LAST_GREENS ,"['48.27', '16.28', '17.17']"
RESULTS:,9.69,9.25,7.33

OFFSETS ,"['56.10', '47.18', '42.58']"
GREENS ,"['30.89', '50.10', '0.60', '51.83']"
LAST_GREENS ,"['29.61', '16.30', '17.17']"
RESULTS:,9.44,9.13,8.33

OFFSETS ,"['56.79', '51.17', '42.58']"
GREENS ,"['31.30', '47.91', '0.63', '51.76']"
LAST_GREENS ,"['29.20', '18.46', '17.24']"
RESULTS:,8.92,8.26,8.67

OFFSETS ,"['38.63', '47.16', '42.52']"
GREENS ,"['31.06', '48.01', '0.63', '51.76']"
LAST_GREENS ,"['29.44', '18.36', '17.24']"
RESULTS:,8.34,7.86,9.00

OFFSETS ,"['38.41', '47.32', '42.58']"
GREENS ,"['30.42', '50.10', '0.63', '51.83']"
LAST_GREENS ,"['30.08', '16.28', '17.17']"
RESULTS:,9.69,9.25,7.33

OFFSETS ,"['38.64', '47.34', '42.58']"
GREENS ,"['30.64', '47.86', '0.62', '51.76']"
LAST_GREENS ,"['29.86', '18.52', '17.24']"
RESULTS:,8.34,7.86,9.00

OFFSETS ,"['38.60', '47.35', '42.58']"
GREENS ,"['12.41', '47.94', '0.60', '51.72']"
LAST_GREENS ,"['48.09', '18.46', '17.28']"
RESULTS:,8.34,7.86,9.00

OFFSETS ,"['39.21', '47.35', '42.58']"
GREENS ,"['31.36', '50.03', '0.61', '51.76']"
LAST_GREENS ,"['29.14', '16.37', '17.24']"
RESULTS:,9.69,9.23,7.00

OFFSETS ,"['38.51', '53.49', '42.58']"
GREENS ,"['31.37', '47.91', '0.60', '51.86']"
LAST_GREENS ,"['29.13', '18.48', '17.14']"
RESULTS:,11.51,10.15,9.00

OFFSETS ,"['38.52', '47.35', '43.60']"
GREENS ,"['12.41', '47.97', '0.60', '51.86']"
LAST_GREENS ,"['48.09', '18.43', '17.14']"
RESULTS:,8.49,7.93,9.67

OFFSETS ,"['39.21', '47.34', '42.58']"
GREENS ,"['30.64', '50.08', '0.60', '51.77']"
LAST_GREENS ,"['29.86', '16.31', '17.23']"
RESULTS:,9.69,9.23,7.00

OFFSETS ,"['38.59', '47.35', '42.58']"
GREENS ,"['31.42', '47.93', '0.60', '51.77']"
LAST_GREENS ,"['29.08', '18.46', '17.23']"
RESULTS:,8.34,7.86,9.00

OFFSETS ,"['38.42', '47.35', '42.58']"
GREENS ,"['30.61', '47.93', '0.60', '51.72']"
LAST_GREENS ,"['29.89', '18.46', '17.28']"
RESULTS:,8.34,7.80,8.00

OFFSETS ,"['38.52', '47.34', '42.58']"
GREENS ,"['30.64', '47.88', '0.60', '51.86']"
LAST_GREENS ,"['29.86', '18.51', '17.14']"
RESULTS:,8.34,7.86,9.00

OFFSETS ,"['38.50', '47.34', '42.58']"
GREENS ,"['30.55', '47.91', '0.60', '51.76']"
LAST_GREENS ,"['29.95', '18.48', '17.24']"
RESULTS:,8.34,7.86,9.00

OFFSETS ,"['39.25', '47.34', '42.58']"
GREENS ,"['31.36', '47.91', '0.63', '51.76']"
LAST_GREENS ,"['29.14', '18.46', '17.24']"
RESULTS:,8.26,7.73,8.33

OFFSETS ,"['38.42', '47.35', '42.58']"
GREENS ,"['30.61', '47.96', '0.60', '51.86']"
LAST_GREENS ,"['29.89', '18.44', '17.14']"
RESULTS:,8.34,7.86,9.00

OFFSETS ,"['38.42', '47.35', '42.58']"
GREENS ,"['30.61', '47.94', '0.60', '51.72']"
LAST_GREENS ,"['29.89', '18.46', '17.28']"
RESULTS:,8.34,7.80,8.00

OFFSETS ,"['38.53', '47.34', '42.58']"
GREENS ,"['31.01', '49.95', '0.60', '51.72']"
LAST_GREENS ,"['29.49', '16.45', '17.28']"
RESULTS:,9.69,9.25,7.33

OFFSETS ,"['38.40', '47.33', '42.58']"
GREENS ,"['30.44', '50.04', '0.60', '51.83']"
LAST_GREENS ,"['30.06', '16.35', '17.17']"
RESULTS:,9.69,9.25,7.33

OFFSETS ,"['39.24', '47.34', '42.58']"
GREENS ,"['30.41', '47.93', '0.60', '51.72']"
LAST_GREENS ,"['30.09', '18.46', '17.28']"
RESULTS:,8.26,7.73,8.33

OFFSETS ,"['39.23', '47.35', '42.58']"
GREENS ,"['30.58', '47.83', '0.63', '51.76']"
LAST_GREENS ,"['29.92', '18.54', '17.24']"
RESULTS:,8.26,7.73,8.33

OFFSETS ,"['39.21', '47.35', '42.58']"
GREENS ,"['30.55', '50.11', '0.60', '51.76']"
LAST_GREENS ,"['29.95', '16.29', '17.24']"
RESULTS:,9.69,9.23,7.00

OFFSETS ,"['39.24', '47.34', '42.58']"
GREENS ,"['30.41', '47.91', '0.60', '51.72']"
LAST_GREENS ,"['30.09', '18.48', '17.28']"
RESULTS:,8.26,7.73,8.33

OFFSETS ,"['38.42', '47.35', '42.58']"
GREENS ,"['30.61', '47.91', '0.60', '51.72']"
LAST_GREENS ,"['29.89', '18.48', '17.28']"
RESULTS:,8.34,7.80,8.00

OFFSETS ,"['39.21', '47.34', '42.58']"
GREENS ,"['31.33', '50.19', '0.61', '51.77']"
LAST_GREENS ,"['29.17', '16.20', '17.23']"
RESULTS:,9.69,9.23,7.00

OFFSETS ,"['38.46', '47.35', '42.58']"
GREENS ,"['31.34', '47.94', '0.60', '51.83']"
LAST_GREENS ,"['29.16', '18.46', '17.17']"
RESULTS:,8.34,7.86,9.00

OFFSETS ,"['39.24', '47.34', '42.58']"
GREENS ,"['12.55', '47.91', '0.63', '51.76']"
LAST_GREENS ,"['47.95', '18.46', '17.24']"
RESULTS:,8.34,7.86,9.00

OFFSETS ,"['38.42', '47.35', '42.58']"
GREENS ,"['30.61', '47.94', '0.63', '51.73']"
LAST_GREENS ,"['29.89', '18.44', '17.27']"
RESULTS:,8.34,7.80,8.00

OFFSETS ,"['39.24', '47.34', '42.58']"
GREENS ,"['12.41', '47.91', '0.60', '51.72']"
LAST_GREENS ,"['48.09', '18.48', '17.28']"
RESULTS:,8.26,7.73,8.33

OFFSETS ,"['39.25', '47.34', '42.58']"
GREENS ,"['31.36', '47.91', '0.63', '51.76']"
LAST_GREENS ,"['29.14', '18.46', '17.24']"
RESULTS:,8.26,7.73,8.33

OFFSETS ,"['39.21', '47.34', '42.58']"
GREENS ,"['30.55', '47.91', '0.63', '51.76']"
LAST_GREENS ,"['29.95', '18.46', '17.24']"
RESULTS:,8.26,7.73,8.33

OFFSETS ,"['39.24', '47.34', '42.58']"
GREENS ,"['30.41', '47.93', '0.60', '51.72']"
LAST_GREENS ,"['30.09', '18.46', '17.28']"
RESULTS:,8.26,7.73,8.33

OFFSETS ,"['39.21', '47.35', '42.58']"
GREENS ,"['31.36', '50.10', '0.63', '51.76']"
LAST_GREENS ,"['29.14', '16.28', '17.24']"
RESULTS:,9.69,9.23,7.00

OFFSETS ,"['39.22', '47.34', '42.58']"
GREENS ,"['31.36', '47.91', '0.63', '51.76']"
LAST_GREENS ,"['29.14', '18.46', '17.24']"
RESULTS:,8.26,7.73,8.33

OFFSETS ,"['39.25', '47.34', '42.58']"
GREENS ,"['30.63', '50.08', '0.60', '51.77']"
LAST_GREENS ,"['29.87', '16.31', '17.23']"
RESULTS:,9.69,9.23,7.00

OFFSETS ,"['39.24', '47.35', '42.58']"
GREENS ,"['30.52', '49.97', '0.63', '51.76']"
LAST_GREENS ,"['29.98', '16.40', '17.24']"
RESULTS:,9.69,9.23,7.00

OFFSETS ,"['38.42', '47.35', '42.58']"
GREENS ,"['30.61', '47.94', '0.60', '51.73']"
LAST_GREENS ,"['29.89', '18.46', '17.27']"
RESULTS:,8.34,7.80,8.00

OFFSETS ,"['39.21', '47.34', '42.58']"
GREENS ,"['31.36', '47.84', '0.17', '51.76']"
LAST_GREENS ,"['29.14', '18.98', '17.24']"
RESULTS:,8.26,7.73,8.33

OFFSETS ,"['38.42', '47.35', '42.58']"
GREENS ,"['30.61', '47.93', '0.60', '51.77']"
LAST_GREENS ,"['29.89', '18.47', '17.23']"
RESULTS:,8.34,7.86,9.00

OFFSETS ,"['39.21', '47.34', '42.58']"
GREENS ,"['31.36', '48.00', '0.63', '51.76']"
LAST_GREENS ,"['29.14', '18.38', '17.24']"
RESULTS:,8.26,7.73,8.33

OFFSETS ,"['39.23', '47.34', '42.58']"
GREENS ,"['31.36', '49.99', '0.60', '51.77']"
LAST_GREENS ,"['29.14', '16.40', '17.23']"
RESULTS:,9.69,9.23,7.00

OFFSETS ,"['39.19', '47.35', '42.58']"
GREENS ,"['11.98', '47.94', '0.63', '51.73']"
LAST_GREENS ,"['48.52', '18.44', '17.27']"
RESULTS:,8.26,7.73,8.33

OFFSETS ,"['39.21', '47.35', '42.58']"
GREENS ,"['31.36', '50.03', '0.63', '51.76']"
LAST_GREENS ,"['29.14', '16.35', '17.24']"
RESULTS:,9.69,9.23,7.00

OFFSETS ,"['39.21', '47.35', '42.58']"
GREENS ,"['31.36', '50.16', '0.61', '51.76']"
LAST_GREENS ,"['29.14', '16.23', '17.24']"
RESULTS:,9.69,9.23,7.00

OFFSETS ,"['39.21', '47.35', '42.58']"
GREENS ,"['30.64', '50.03', '0.61', '51.77']"
LAST_GREENS ,"['29.86', '16.37', '17.23']"
RESULTS:,9.69,9.23,7.00

OFFSETS ,"['39.25', '47.34', '42.58']"
GREENS ,"['30.56', '47.91', '0.60', '51.76']"
LAST_GREENS ,"['29.94', '18.48', '17.24']"
RESULTS:,8.26,7.73,8.33

OFFSETS ,"['39.22', '47.35', '42.58']"
GREENS ,"['30.67', '50.03', '0.60', '51.77']"
LAST_GREENS ,"['29.83', '16.37', '17.23']"
RESULTS:,9.69,9.23,7.00

OFFSETS ,"['39.24', '47.35', '42.58']"
GREENS ,"['30.61', '47.93', '0.60', '51.76']"
LAST_GREENS ,"['29.89', '18.46', '17.24']"
RESULTS:,8.26,7.73,8.33

OFFSETS ,"['39.21', '47.33', '42.58']"
GREENS ,"['31.36', '47.95', '0.60', '51.83']"
LAST_GREENS ,"['29.14', '18.45', '17.17']"
RESULTS:,8.26,7.73,8.33

OFFSETS ,"['39.24', '47.34', '42.58']"
GREENS ,"['31.35', '47.93', '0.60', '51.72']"
LAST_GREENS ,"['29.15', '18.46', '17.28']"
RESULTS:,8.26,7.73,8.33

OFFSETS ,"['39.24', '47.34', '42.58']"
GREENS ,"['31.36', '50.03', '0.60', '51.76']"
LAST_GREENS ,"['29.14', '16.37', '17.24']"
RESULTS:,9.69,9.23,7.00

OFFSETS ,"['39.21', '47.34', '42.58']"
GREENS ,"['30.55', '47.96', '0.63', '51.76']"
LAST_GREENS ,"['29.95', '18.42', '17.24']"
RESULTS:,8.26,7.73,8.33

OFFSETS ,"['39.21', '47.35', '42.58']"
GREENS ,"['30.65', '50.03', '0.60', '51.77']"
LAST_GREENS ,"['29.85', '16.37', '17.23']"
RESULTS:,9.69,9.23,7.00

OFFSETS ,"['39.21', '47.34', '42.91']"
GREENS ,"['31.36', '47.98', '0.63', '51.77']"
LAST_GREENS ,"['29.14', '18.39', '17.23']"
RESULTS:,8.43,7.83,8.00

OFFSETS ,"['39.21', '47.34', '42.58']"
GREENS ,"['31.40', '47.91', '0.60', '51.76']"
LAST_GREENS ,"['29.10', '18.48', '17.24']"
RESULTS:,8.26,7.73,8.33

OFFSETS ,"['39.26', '47.34', '42.58']"
GREENS ,"['30.58', '47.84', '0.61', '51.72']"
LAST_GREENS ,"['29.92', '18.55', '17.28']"
RESULTS:,8.26,7.73,8.33

OFFSETS ,"['39.22', '47.34', '42.58']"
GREENS ,"['31.36', '48.00', '0.60', '51.77']"
LAST_GREENS ,"['29.14', '18.40', '17.23']"
RESULTS:,8.26,7.73,8.33

OFFSETS ,"['39.21', '47.34', '42.58']"
GREENS ,"['30.41', '47.95', '0.60', '51.73']"
LAST_GREENS ,"['30.09', '18.45', '17.27']"
RESULTS:,8.26,7.73,8.33

OFFSETS ,"['39.25', '47.35', '42.58']"
GREENS ,"['30.57', '50.07', '0.60', '51.68']"
LAST_GREENS ,"['29.93', '16.32', '17.32']"
RESULTS:,9.69,9.23,7.00

OFFSETS ,"['39.19', '47.06', '42.58']"
GREENS ,"['30.62', '48.00', '0.60', '51.77']"
LAST_GREENS ,"['29.88', '18.39', '17.23']"
RESULTS:,8.26,7.73,8.33

OFFSETS ,"['39.21', '47.33', '42.58']"
GREENS ,"['31.36', '50.07', '0.60', '51.83']"
LAST_GREENS ,"['29.14', '16.32', '17.17']"
RESULTS:,9.69,9.23,7.00

OFFSETS ,"['39.21', '47.35', '42.58']"
GREENS ,"['31.36', '47.90', '0.63', '51.76']"
LAST_GREENS ,"['29.14', '18.47', '17.24']"
RESULTS:,8.26,7.73,8.33

OFFSETS ,"['39.22', '47.35', '42.58']"
GREENS ,"['30.52', '50.03', '0.60', '51.76']"
LAST_GREENS ,"['29.98', '16.37', '17.24']"
RESULTS:,9.69,9.23,7.00

OFFSETS ,"['39.21', '47.34', '42.58']"
GREENS ,"['30.63', '50.03', '0.60', '51.76']"
LAST_GREENS ,"['29.87', '16.37', '17.24']"
RESULTS:,9.69,9.23,7.00

OFFSETS ,"['39.21', '47.35', '42.58']"
GREENS ,"['31.36', '50.03', '0.61', '51.76']"
LAST_GREENS ,"['29.14', '16.37', '17.24']"
RESULTS:,9.69,9.23,7.00

OFFSETS ,"['39.24', '47.35', '38.20']"
GREENS ,"['30.52', '49.97', '0.63', '56.11']"
LAST_GREENS ,"['29.98', '16.40', '12.89']"
RESULTS:,8.44,8.05,8.67

OFFSETS ,"['39.21', '47.34', '42.58']"
GREENS ,"['30.55', '47.91', '0.63', '51.76']"
LAST_GREENS ,"['29.95', '18.46', '17.24']"
RESULTS:,8.26,7.73,8.33

OFFSETS ,"['39.25', '47.34', '42.58']"
GREENS ,"['31.36', '47.91', '0.60', '51.77']"
LAST_GREENS ,"['29.14', '18.48', '17.23']"
RESULTS:,8.26,7.73,8.33

OFFSETS ,"['39.25', '47.34', '42.58']"
GREENS ,"['31.38', '47.91', '0.60', '51.83']"
LAST_GREENS ,"['29.12', '18.48', '17.17']"
RESULTS:,8.26,7.73,8.33

OFFSETS ,"['39.21', '47.35', '42.58']"
GREENS ,"['30.38', '47.93', '0.60', '51.76']"
LAST_GREENS ,"['30.12', '18.46', '17.24']"
RESULTS:,8.26,7.73,8.33

OFFSETS ,"['39.22', '47.35', '42.58']"
GREENS ,"['31.36', '49.92', '0.60', '51.76']"
LAST_GREENS ,"['29.14', '16.48', '17.24']"
RESULTS:,9.69,9.23,7.00

OFFSETS ,"['39.25', '47.34', '42.58']"
GREENS ,"['30.58', '49.95', '0.63', '53.32']"
LAST_GREENS ,"['29.92', '16.42', '15.68']"
RESULTS:,9.55,9.17,8.67

OFFSETS ,"['39.21', '47.34', '42.58']"
GREENS ,"['31.38', '48.00', '0.60', '51.83']"
LAST_GREENS ,"['29.12', '18.39', '17.17']"
RESULTS:,8.26,7.73,8.33

OFFSETS ,"['39.21', '47.35', '42.58']"
GREENS ,"['30.38', '47.86', '0.60', '51.76']"
LAST_GREENS ,"['30.12', '18.53', '17.24']"
RESULTS:,8.26,7.73,8.33

OFFSETS ,"['39.21', '47.35', '42.58']"
GREENS ,"['32.44', '49.96', '0.63', '51.76']"
LAST_GREENS ,"['28.06', '16.41', '17.24']"
RESULTS:,9.69,9.23,7.00

OFFSETS ,"['39.21', '47.34', '42.58']"
GREENS ,"['30.55', '47.91', '0.63', '51.76']"
LAST_GREENS ,"['29.95', '18.46', '17.24']"
RESULTS:,8.26,7.73,8.33

OFFSETS ,"['39.25', '47.34', '42.58']"
GREENS ,"['30.59', '47.91', '0.63', '53.32']"
LAST_GREENS ,"['29.91', '18.46', '15.68']"
RESULTS:,8.33,7.85,7.67

OFFSETS ,"['39.21', '47.35', '42.58']"
GREENS ,"['30.52', '50.03', '0.63', '51.76']"
LAST_GREENS ,"['29.98', '16.35', '17.24']"
RESULTS:,9.69,9.23,7.00

OFFSETS ,"['39.21', '47.35', '42.58']"
GREENS ,"['31.35', '50.03', '0.60', '51.76']"
LAST_GREENS ,"['29.15', '16.37', '17.24']"
RESULTS:,9.69,9.23,7.00

OFFSETS ,"['39.21', '47.35', '42.58']"
GREENS ,"['31.36', '50.03', '0.78', '51.76']"
LAST_GREENS ,"['29.14', '16.19', '17.24']"
RESULTS:,12.45,11.80,12.00

OFFSETS ,"['39.21', '46.01', '42.58']"
GREENS ,"['30.49', '47.92', '0.61', '51.76']"
LAST_GREENS ,"['30.01', '18.47', '17.24']"
RESULTS:,8.63,7.99,9.33

OFFSETS ,"['39.22', '47.34', '42.58']"
GREENS ,"['31.36', '50.01', '0.60', '51.76']"
LAST_GREENS ,"['29.14', '16.39', '17.24']"
RESULTS:,9.69,9.23,7.00

OFFSETS ,"['39.25', '47.34', '42.58']"
GREENS ,"['30.38', '47.91', '0.63', '53.23']"
LAST_GREENS ,"['30.12', '18.46', '15.77']"
RESULTS:,8.33,7.85,7.67

OFFSETS ,"['39.21', '47.34', '42.58']"
GREENS ,"['31.37', '49.99', '0.60', '51.76']"
LAST_GREENS ,"['29.13', '16.40', '17.24']"
RESULTS:,9.69,9.23,7.00

OFFSETS ,"['39.19', '47.07', '42.58']"
GREENS ,"['31.37', '49.91', '0.60', '51.76']"
LAST_GREENS ,"['29.13', '16.48', '17.24']"
RESULTS:,9.69,9.23,7.00

OFFSETS ,"['39.21', '47.35', '42.58']"
GREENS ,"['30.38', '47.93', '0.60', '51.76']"
LAST_GREENS ,"['30.12', '18.46', '17.24']"
RESULTS:,8.26,7.73,8.33

OFFSETS ,"['39.21', '47.34', '42.58']"
GREENS ,"['31.36', '47.91', '0.63', '53.28']"
LAST_GREENS ,"['29.14', '18.46', '15.72']"
RESULTS:,8.33,7.85,7.67

OFFSETS ,"['39.22', '47.35', '42.58']"
GREENS ,"['30.55', '47.90', '0.60', '51.75']"
LAST_GREENS ,"['29.95', '18.49', '17.25']"
RESULTS:,8.26,7.73,8.33

OFFSETS ,"['39.22', '42.03', '42.58']"
GREENS ,"['30.51', '48.01', '0.60', '51.76']"
LAST_GREENS ,"['29.99', '18.39', '17.24']"
RESULTS:,8.22,7.75,8.67

OFFSETS ,"['39.19', '47.07', '42.58']"
GREENS ,"['30.59', '47.91', '0.61', '51.76']"
LAST_GREENS ,"['29.91', '18.48', '17.24']"
RESULTS:,8.26,7.73,8.33

OFFSETS ,"['39.24', '47.36', '42.72']"
GREENS ,"['30.25', '47.91', '0.41', '51.73']"
LAST_GREENS ,"['30.25', '18.68', '17.27']"
RESULTS:,8.26,7.73,8.33

OFFSETS ,"['39.22', '47.34', '42.58']"
GREENS ,"['31.35', '50.06', '0.60', '51.75']"
LAST_GREENS ,"['29.15', '16.33', '17.25']"
RESULTS:,9.69,9.23,7.00

OFFSETS ,"['39.25', '47.35', '42.58']"
GREENS ,"['30.59', '47.91', '0.63', '53.32']"
LAST_GREENS ,"['29.91', '18.46', '15.68']"
RESULTS:,8.33,7.85,7.67

OFFSETS ,"['39.22', '47.34', '42.58']"
GREENS ,"['31.35', '50.03', '0.60', '51.76']"
LAST_GREENS ,"['29.15', '16.37', '17.24']"
RESULTS:,9.69,9.23,7.00

OFFSETS ,"['39.22', '47.34', '42.58']"
GREENS ,"['30.59', '47.91', '0.63', '51.76']"
LAST_GREENS ,"['29.91', '18.46', '17.24']"
RESULTS:,8.26,7.73,8.33

OFFSETS ,"['39.21', '47.34', '42.58']"
GREENS ,"['31.37', '50.03', '0.60', '51.76']"
LAST_GREENS ,"['29.13', '16.37', '17.24']"
RESULTS:,9.69,9.23,7.00

OFFSETS ,"['39.21', '47.35', '42.58']"
GREENS ,"['30.48', '47.92', '0.61', '51.77']"
LAST_GREENS ,"['30.02', '18.47', '17.23']"
RESULTS:,8.26,7.73,8.33

OFFSETS ,"['39.21', '47.35', '42.58']"
GREENS ,"['30.46', '49.97', '0.60', '51.76']"
LAST_GREENS ,"['30.04', '16.43', '17.24']"
RESULTS:,9.69,9.23,7.00

OFFSETS ,"['39.21', '47.35', '42.58']"
GREENS ,"['30.38', '47.93', '0.63', '51.87']"
LAST_GREENS ,"['30.12', '18.44', '17.13']"
RESULTS:,8.26,7.73,8.33

