OFFSETS ,"['12.74', '65.86', '7.38']"
GREENS ,"['25.48', '64.18', '35.72', '47.74']"
LAST_GREENS ,['-1.00']
RESULTS:,10000000.00,10000000.00,10000000.00

OFFSETS ,"['23.66', '51.49', '62.60']"
GREENS ,"['1.11', '50.26', '66.25', '51.62']"
LAST_GREENS ,['-1.00']
RESULTS:,10000000.00,10000000.00,10000000.00

OFFSETS ,"['43.06', '11.00', '44.20']"
GREENS ,"['42.34', '6.86', '27.74', '47.91']"
LAST_GREENS ,"['18.16', '32.40', '21.09']"
RESULTS:,175.04,95.65,120.00

OFFSETS ,"['31.06', '3.75', '40.19']"
GREENS ,"['40.16', '34.50', '63.29', '40.47']"
LAST_GREENS ,['-1.00']
RESULTS:,10000000.00,10000000.00,10000000.00

OFFSETS ,"['67.76', '10.31', '10.45']"
GREENS ,"['48.85', '26.64', '11.08', '64.00']"
LAST_GREENS ,"['11.65', '29.28', '5.00']"
RESULTS:,121.10,69.11,87.33

OFFSETS ,"['26.08', '56.31', '54.45']"
GREENS ,"['53.44', '41.79', '50.31', '24.07']"
LAST_GREENS ,['-1.00']
RESULTS:,10000000.00,10000000.00,10000000.00

OFFSETS ,"['56.46', '4.99', '19.52']"
GREENS ,"['48.69', '12.96', '42.84', '36.20']"
LAST_GREENS ,"['11.81', '11.20', '32.80']"
RESULTS:,202.30,105.66,107.33

OFFSETS ,"['69.36', '19.75', '4.95']"
GREENS ,"['44.47', '51.74', '60.82', '64.31']"
LAST_GREENS ,['-1.00']
RESULTS:,10000000.00,10000000.00,10000000.00

OFFSETS ,"['72.62', '4.93', '20.52']"
GREENS ,"['48.72', '56.53', '5.69', '2.34']"
LAST_GREENS ,"['11.78', '4.78', '66.66']"
RESULTS:,175.59,88.46,51.67

OFFSETS ,"['71.21', '33.74', '43.42']"
GREENS ,"['9.60', '15.88', '3.44', '39.58']"
LAST_GREENS ,"['50.90', '47.68', '29.42']"
RESULTS:,193.53,84.83,95.00

OFFSETS ,"['21.03', '58.16', '7.65']"
GREENS ,"['27.10', '60.88', '11.09', '64.62']"
LAST_GREENS ,['-1.00']
RESULTS:,10000000.00,10000000.00,10000000.00

OFFSETS ,"['46.51', '29.74', '69.09']"
GREENS ,"['26.01', '66.82', '11.55', '9.46']"
LAST_GREENS ,['-1.00']
RESULTS:,10000000.00,10000000.00,10000000.00

OFFSETS ,"['31.28', '52.68', '50.92']"
GREENS ,"['18.41', '9.83', '34.03', '12.85']"
LAST_GREENS ,"['42.09', '23.14', '56.15']"
RESULTS:,353.44,119.29,110.33

OFFSETS ,"['44.64', '42.66', '23.80']"
GREENS ,"['59.97', '38.84', '25.47', '38.28']"
LAST_GREENS ,"['0.53', '2.69', '30.72']"
RESULTS:,84.22,65.17,51.00

OFFSETS ,"['56.05', '10.29', '19.52']"
GREENS ,"['48.84', '12.56', '11.59', '36.20']"
LAST_GREENS ,"['11.66', '42.85', '32.80']"
RESULTS:,206.67,92.18,101.67

OFFSETS ,"['26.16', '1.27', '42.03']"
GREENS ,"['41.18', '45.91', '13.70', '60.59']"
LAST_GREENS ,"['19.32', '7.39', '8.41']"
RESULTS:,51.64,45.02,48.00

OFFSETS ,"['26.54', '55.96', '0.01']"
GREENS ,"['18.50', '15.92', '6.19', '15.56']"
LAST_GREENS ,"['42.00', '44.89', '53.44']"
RESULTS:,283.80,106.95,98.33

OFFSETS ,"['31.28', '53.80', '50.96']"
GREENS ,"['48.12', '14.77', '5.97', '12.85']"
LAST_GREENS ,"['12.38', '46.27', '56.15']"
RESULTS:,313.27,109.09,99.33

OFFSETS ,"['9.75', '30.10', '51.20']"
GREENS ,"['12.80', '17.79', '13.67', '3.68']"
LAST_GREENS ,"['47.70', '35.54', '65.32']"
RESULTS:,311.49,108.26,91.33

OFFSETS ,"['23.17', '23.51', '51.92']"
GREENS ,"['53.40', '45.51', '13.71', '58.16']"
LAST_GREENS ,"['7.10', '7.78', '10.84']"
RESULTS:,37.81,35.58,48.50

OFFSETS ,"['45.47', '10.05', '10.87']"
GREENS ,"['59.81', '38.84', '25.76', '38.29']"
LAST_GREENS ,"['0.69', '2.39', '30.71']"
RESULTS:,86.07,69.55,50.00

OFFSETS ,"['31.28', '42.81', '50.92']"
GREENS ,"['18.41', '10.58', '34.03', '11.89']"
LAST_GREENS ,"['42.09', '22.40', '57.11']"
RESULTS:,366.32,120.66,110.67

OFFSETS ,"['25.92', '29.76', '40.41']"
GREENS ,"['59.40', '45.83', '13.70', '60.59']"
LAST_GREENS ,"['1.10', '7.47', '8.41']"
RESULTS:,50.20,43.82,50.00

OFFSETS ,"['67.76', '42.91', '44.89']"
GREENS ,"['48.85', '26.64', '10.78', '63.73']"
LAST_GREENS ,"['11.65', '29.57', '5.27']"
RESULTS:,100.95,59.46,82.33

OFFSETS ,"['23.31', '23.51', '51.43']"
GREENS ,"['53.40', '45.51', '25.40', '58.16']"
LAST_GREENS ,['-1.00']
RESULTS:,10000000.00,10000000.00,10000000.00

OFFSETS ,"['74.92', '29.81', '41.08']"
GREENS ,"['53.41', '60.18', '5.69', '5.23']"
LAST_GREENS ,"['7.09', '1.13', '63.77']"
RESULTS:,179.58,88.12,50.50

OFFSETS ,"['72.62', '1.66', '52.25']"
GREENS ,"['53.02', '45.13', '5.70', '2.69']"
LAST_GREENS ,"['7.48', '16.18', '66.31']"
RESULTS:,119.52,60.35,55.00

OFFSETS ,"['25.88', '42.66', '41.92']"
GREENS ,"['59.97', '38.84', '25.27', '38.28']"
LAST_GREENS ,"['0.53', '2.90', '30.72']"
RESULTS:,76.24,63.86,50.50

OFFSETS ,"['44.51', '52.53', '24.30']"
GREENS ,"['59.97', '38.10', '13.78', '39.24']"
LAST_GREENS ,"['0.53', '15.13', '29.76']"
RESULTS:,70.13,38.02,32.33

OFFSETS ,"['22.40', '29.81', '41.08']"
GREENS ,"['53.03', '45.75', '13.70', '60.59']"
LAST_GREENS ,"['7.47', '7.55', '8.41']"
RESULTS:,51.55,43.71,47.50

OFFSETS ,"['45.47', '10.33', '10.87']"
GREENS ,"['59.40', '38.84', '13.26', '38.29']"
LAST_GREENS ,"['1.10', '14.90', '30.71']"
RESULTS:,58.41,39.28,31.33

OFFSETS ,"['22.39', '29.81', '41.08']"
GREENS ,"['53.41', '45.75', '13.70', '60.59']"
LAST_GREENS ,"['7.09', '7.55', '8.41']"
RESULTS:,51.55,43.71,47.50

OFFSETS ,"['44.52', '53.02', '23.80']"
GREENS ,"['59.97', '38.10', '25.47', '59.73']"
LAST_GREENS ,"['0.53', '3.43', '9.27']"
RESULTS:,47.64,50.42,51.50

OFFSETS ,"['26.25', '24.29', '51.95']"
GREENS ,"['54.21', '45.51', '13.70', '57.94']"
LAST_GREENS ,"['6.29', '7.78', '11.06']"
RESULTS:,37.43,34.73,48.00

OFFSETS ,"['25.92', '29.48', '40.41']"
GREENS ,"['59.81', '45.83', '26.20', '60.59']"
LAST_GREENS ,['-1.00']
RESULTS:,10000000.00,10000000.00,10000000.00

OFFSETS ,"['25.93', '29.81', '41.08']"
GREENS ,"['53.03', '45.75', '13.70', '60.59']"
LAST_GREENS ,"['7.47', '7.55', '8.41']"
RESULTS:,52.54,44.64,48.50

OFFSETS ,"['25.86', '43.24', '42.06']"
GREENS ,"['53.36', '45.51', '13.71', '58.16']"
LAST_GREENS ,"['7.14', '7.78', '10.84']"
RESULTS:,43.92,38.62,47.50

OFFSETS ,"['44.68', '29.81', '24.29']"
GREENS ,"['59.63', '37.97', '13.78', '60.48']"
LAST_GREENS ,"['0.87', '15.25', '8.52']"
RESULTS:,49.98,36.17,45.00

OFFSETS ,"['44.58', '29.99', '41.19']"
GREENS ,"['53.41', '45.75', '13.73', '59.72']"
LAST_GREENS ,"['7.09', '7.52', '9.28']"
RESULTS:,47.20,40.86,48.00

OFFSETS ,"['21.44', '33.74', '43.42']"
GREENS ,"['26.07', '45.90', '3.85', '57.73']"
LAST_GREENS ,"['34.43', '17.25', '11.27']"
RESULTS:,14.51,13.82,14.00

OFFSETS ,"['25.91', '29.76', '40.38']"
GREENS ,"['25.36', '45.91', '13.70', '60.59']"
LAST_GREENS ,"['35.14', '7.39', '8.41']"
RESULTS:,50.20,43.82,50.00

OFFSETS ,"['44.32', '29.81', '51.59']"
GREENS ,"['59.73', '37.97', '13.78', '60.60']"
LAST_GREENS ,"['0.77', '15.25', '8.40']"
RESULTS:,41.26,31.67,37.33

OFFSETS ,"['25.81', '43.24', '42.08']"
GREENS ,"['53.41', '45.51', '13.71', '60.56']"
LAST_GREENS ,"['7.09', '7.78', '8.44']"
RESULTS:,52.74,43.92,48.50

OFFSETS ,"['71.36', '33.74', '43.51']"
GREENS ,"['12.04', '38.46', '3.43', '38.76']"
LAST_GREENS ,"['48.46', '25.11', '30.24']"
RESULTS:,55.01,35.49,41.00

OFFSETS ,"['25.92', '29.76', '40.70']"
GREENS ,"['9.25', '45.91', '3.30', '59.31']"
LAST_GREENS ,"['51.25', '17.79', '9.69']"
RESULTS:,25.13,21.16,24.00

OFFSETS ,"['44.52', '53.02', '23.56']"
GREENS ,"['59.97', '38.34', '25.47', '59.73']"
LAST_GREENS ,"['0.53', '3.19', '9.27']"
RESULTS:,52.55,53.63,51.00

OFFSETS ,"['23.09', '9.94', '10.59']"
GREENS ,"['59.40', '38.89', '13.71', '59.84']"
LAST_GREENS ,"['1.10', '14.40', '9.16']"
RESULTS:,42.28,31.74,39.33

OFFSETS ,"['72.03', '29.76', '41.07']"
GREENS ,"['53.41', '38.52', '13.70', '60.14']"
LAST_GREENS ,"['7.09', '14.79', '8.86']"
RESULTS:,52.61,36.27,57.67

OFFSETS ,"['26.22', '24.29', '52.23']"
GREENS ,"['54.21', '45.51', '13.71', '58.16']"
LAST_GREENS ,"['6.29', '7.78', '10.84']"
RESULTS:,37.49,35.01,48.50

OFFSETS ,"['25.52', '29.45', '24.30']"
GREENS ,"['9.93', '38.18', '13.50', '40.03']"
LAST_GREENS ,"['50.57', '15.33', '28.97']"
RESULTS:,37.75,27.23,21.33

OFFSETS ,"['23.17', '34.59', '51.83']"
GREENS ,"['11.67', '45.39', '11.11', '58.64']"
LAST_GREENS ,"['48.83', '10.51', '10.36']"
RESULTS:,28.86,27.09,42.50

OFFSETS ,"['26.25', '29.59', '51.92']"
GREENS ,"['54.21', '45.51', '13.70', '57.94']"
LAST_GREENS ,"['6.29', '7.79', '11.06']"
RESULTS:,36.54,33.89,47.00

OFFSETS ,"['44.61', '23.54', '24.30']"
GREENS ,"['59.97', '38.18', '11.23', '38.93']"
LAST_GREENS ,"['0.53', '17.60', '30.07']"
RESULTS:,37.37,25.66,21.67

OFFSETS ,"['25.92', '29.76', '43.90']"
GREENS ,"['54.19', '45.49', '3.09', '60.60']"
LAST_GREENS ,"['6.31', '18.42', '8.40']"
RESULTS:,29.23,23.33,27.00

OFFSETS ,"['26.42', '29.71', '24.30']"
GREENS ,"['9.47', '38.10', '13.78', '42.87']"
LAST_GREENS ,"['51.03', '15.13', '26.13']"
RESULTS:,35.79,27.25,18.67

OFFSETS ,"['68.16', '33.74', '40.72']"
GREENS ,"['9.60', '38.76', '3.85', '57.79']"
LAST_GREENS ,"['50.90', '24.39', '11.21']"
RESULTS:,27.47,19.71,30.00

OFFSETS ,"['21.42', '29.30', '24.30']"
GREENS ,"['26.20', '38.18', '13.50', '40.03']"
LAST_GREENS ,"['34.30', '15.33', '28.97']"
RESULTS:,39.94,27.36,22.00

OFFSETS ,"['25.92', '29.76', '40.70']"
GREENS ,"['52.71', '45.91', '3.13', '57.79']"
LAST_GREENS ,"['7.79', '17.96', '11.21']"
RESULTS:,13.87,13.26,9.67

OFFSETS ,"['23.07', '33.80', '51.58']"
GREENS ,"['12.04', '45.69', '3.43', '39.20']"
LAST_GREENS ,"['48.46', '17.88', '29.80']"
RESULTS:,37.16,25.53,22.00

OFFSETS ,"['21.58', '29.76', '43.39']"
GREENS ,"['9.25', '39.25', '3.30', '57.74']"
LAST_GREENS ,"['51.25', '24.45', '11.26']"
RESULTS:,17.37,14.23,20.67

OFFSETS ,"['21.44', '33.74', '43.42']"
GREENS ,"['10.16', '45.90', '3.85', '57.79']"
LAST_GREENS ,"['50.34', '17.25', '11.21']"
RESULTS:,14.51,13.82,14.00

OFFSETS ,"['21.45', '29.71', '24.93']"
GREENS ,"['9.47', '38.10', '3.74', '42.87']"
LAST_GREENS ,"['51.03', '25.16', '26.13']"
RESULTS:,27.10,19.52,21.67

OFFSETS ,"['21.44', '33.83', '43.49']"
GREENS ,"['9.18', '45.45', '3.84', '57.79']"
LAST_GREENS ,"['51.32', '17.71', '11.21']"
RESULTS:,12.74,12.02,9.00

OFFSETS ,"['21.62', '33.80', '43.52']"
GREENS ,"['12.04', '45.70', '3.43', '39.20']"
LAST_GREENS ,"['48.46', '17.88', '29.80']"
RESULTS:,33.90,23.83,20.67

OFFSETS ,"['26.41', '34.58', '51.85']"
GREENS ,"['10.22', '45.50', '13.48', '57.73']"
LAST_GREENS ,"['50.28', '8.02', '11.27']"
RESULTS:,37.25,34.49,48.50

OFFSETS ,"['21.37', '29.76', '40.83']"
GREENS ,"['52.66', '45.91', '3.13', '57.79']"
LAST_GREENS ,"['7.84', '17.96', '11.21']"
RESULTS:,9.89,9.45,7.67

OFFSETS ,"['25.51', '29.76', '40.70']"
GREENS ,"['51.79', '45.78', '3.13', '58.18']"
LAST_GREENS ,"['8.71', '18.09', '10.82']"
RESULTS:,13.87,13.26,9.67

OFFSETS ,"['25.92', '29.66', '40.37']"
GREENS ,"['9.20', '45.54', '3.81', '59.26']"
LAST_GREENS ,"['51.30', '17.65', '9.74']"
RESULTS:,18.95,15.99,24.00

OFFSETS ,"['21.44', '33.74', '43.42']"
GREENS ,"['25.66', '45.90', '3.85', '57.73']"
LAST_GREENS ,"['34.84', '17.24', '11.27']"
RESULTS:,14.51,13.82,14.00

OFFSETS ,"['21.26', '29.76', '40.70']"
GREENS ,"['51.79', '45.78', '3.13', '58.18']"
LAST_GREENS ,"['8.71', '18.09', '10.82']"
RESULTS:,12.92,12.24,9.33

OFFSETS ,"['25.98', '33.74', '40.69']"
GREENS ,"['25.71', '45.90', '3.85', '57.73']"
LAST_GREENS ,"['34.79', '17.24', '11.27']"
RESULTS:,14.77,13.57,11.67

OFFSETS ,"['21.37', '34.15', '40.83']"
GREENS ,"['9.84', '45.91', '3.13', '57.79']"
LAST_GREENS ,"['50.66', '17.96', '11.21']"
RESULTS:,9.56,9.10,9.00

OFFSETS ,"['23.05', '33.83', '43.58']"
GREENS ,"['11.54', '45.53', '3.85', '57.01']"
LAST_GREENS ,"['48.96', '17.62', '11.99']"
RESULTS:,11.23,10.47,8.67

OFFSETS ,"['21.44', '29.83', '43.42']"
GREENS ,"['25.66', '45.90', '3.85', '57.73']"
LAST_GREENS ,"['34.84', '17.24', '11.27']"
RESULTS:,15.00,14.20,12.50

OFFSETS ,"['21.37', '33.74', '40.75']"
GREENS ,"['53.58', '45.90', '3.85', '57.79']"
LAST_GREENS ,"['6.92', '17.25', '11.21']"
RESULTS:,14.18,13.51,9.50

OFFSETS ,"['21.43', '29.76', '43.50']"
GREENS ,"['9.24', '45.91', '3.13', '57.79']"
LAST_GREENS ,"['51.26', '17.96', '11.21']"
RESULTS:,13.01,12.28,9.00

OFFSETS ,"['25.69', '34.34', '43.44']"
GREENS ,"['25.69', '45.54', '3.84', '57.66']"
LAST_GREENS ,"['34.81', '17.63', '11.34']"
RESULTS:,14.78,14.07,9.50

OFFSETS ,"['21.37', '33.98', '40.99']"
GREENS ,"['9.84', '45.56', '3.87', '57.66']"
LAST_GREENS ,"['50.66', '17.57', '11.34']"
RESULTS:,11.13,10.46,9.00

OFFSETS ,"['21.44', '34.14', '43.51']"
GREENS ,"['9.84', '45.91', '3.85', '57.79']"
LAST_GREENS ,"['50.66', '17.24', '11.21']"
RESULTS:,13.65,12.81,9.67

OFFSETS ,"['26.53', '29.39', '43.44']"
GREENS ,"['9.94', '45.34', '3.82', '57.74']"
LAST_GREENS ,"['50.56', '17.84', '11.26']"
RESULTS:,12.60,11.90,8.67

OFFSETS ,"['25.47', '37.79', '40.81']"
GREENS ,"['9.17', '45.45', '3.13', '57.19']"
LAST_GREENS ,"['51.33', '18.42', '11.81']"
RESULTS:,9.42,8.73,10.33

OFFSETS ,"['25.48', '34.15', '40.84']"
GREENS ,"['9.85', '45.45', '3.87', '57.72']"
LAST_GREENS ,"['50.65', '17.68', '11.28']"
RESULTS:,10.99,10.43,9.67

OFFSETS ,"['25.54', '29.66', '43.41']"
GREENS ,"['9.21', '45.53', '3.85', '57.73']"
LAST_GREENS ,"['51.29', '17.62', '11.27']"
RESULTS:,13.45,12.69,8.33

OFFSETS ,"['21.43', '33.98', '43.39']"
GREENS ,"['5.47', '45.54', '3.87', '57.66']"
LAST_GREENS ,"['55.03', '17.60', '11.34']"
RESULTS:,12.74,12.02,9.00

OFFSETS ,"['23.03', '33.82', '43.42']"
GREENS ,"['11.66', '45.53', '3.12', '57.01']"
LAST_GREENS ,"['48.84', '18.35', '11.99']"
RESULTS:,12.05,11.02,9.33

OFFSETS ,"['26.52', '33.98', '43.31']"
GREENS ,"['26.42', '45.53', '3.82', '57.73']"
LAST_GREENS ,"['34.08', '17.64', '11.27']"
RESULTS:,12.21,11.32,11.00

OFFSETS ,"['25.47', '33.84', '43.44']"
GREENS ,"['9.17', '45.45', '3.13', '57.19']"
LAST_GREENS ,"['51.33', '18.42', '11.81']"
RESULTS:,10.83,10.13,9.00

OFFSETS ,"['21.37', '29.75', '40.83']"
GREENS ,"['52.87', '45.91', '3.13', '57.79']"
LAST_GREENS ,"['7.63', '17.96', '11.21']"
RESULTS:,9.89,9.45,7.67

OFFSETS ,"['21.37', '29.61', '40.83']"
GREENS ,"['52.87', '45.91', '3.13', '57.79']"
LAST_GREENS ,"['7.63', '17.96', '11.21']"
RESULTS:,9.89,9.45,7.67

OFFSETS ,"['21.37', '34.17', '40.83']"
GREENS ,"['9.84', '45.74', '3.16', '57.80']"
LAST_GREENS ,"['50.66', '18.11', '11.20']"
RESULTS:,9.56,9.10,9.00

OFFSETS ,"['25.48', '34.15', '40.84']"
GREENS ,"['9.85', '45.45', '3.89', '57.72']"
LAST_GREENS ,"['50.65', '17.66', '11.28']"
RESULTS:,10.99,10.43,9.67

OFFSETS ,"['21.37', '29.76', '40.71']"
GREENS ,"['24.92', '45.91', '3.13', '57.72']"
LAST_GREENS ,"['35.58', '17.96', '11.28']"
RESULTS:,12.92,12.24,9.33

OFFSETS ,"['25.81', '29.78', '43.42']"
GREENS ,"['11.66', '45.52', '3.85', '57.08']"
LAST_GREENS ,"['48.84', '17.63', '11.92']"
RESULTS:,11.21,10.39,9.00

OFFSETS ,"['21.37', '29.76', '40.83']"
GREENS ,"['52.66', '45.91', '3.13', '57.79']"
LAST_GREENS ,"['7.84', '17.96', '11.21']"
RESULTS:,9.89,9.45,7.67

OFFSETS ,"['21.37', '29.76', '40.83']"
GREENS ,"['52.66', '45.91', '3.13', '57.79']"
LAST_GREENS ,"['7.84', '17.96', '11.21']"
RESULTS:,9.89,9.45,7.67

OFFSETS ,"['21.37', '37.78', '40.82']"
GREENS ,"['9.84', '45.51', '3.14', '57.74']"
LAST_GREENS ,"['50.66', '18.35', '11.26']"
RESULTS:,10.96,10.10,10.00

OFFSETS ,"['21.37', '34.17', '40.83']"
GREENS ,"['53.16', '45.73', '3.13', '57.80']"
LAST_GREENS ,"['7.34', '18.14', '11.20']"
RESULTS:,9.56,9.10,9.00

OFFSETS ,"['21.37', '29.76', '40.81']"
GREENS ,"['8.86', '45.91', '3.13', '57.79']"
LAST_GREENS ,"['51.64', '17.96', '11.21']"
RESULTS:,9.89,9.45,7.67

OFFSETS ,"['21.37', '34.17', '40.83']"
GREENS ,"['9.84', '45.92', '3.13', '57.79']"
LAST_GREENS ,"['50.66', '17.95', '11.21']"
RESULTS:,9.56,9.10,9.00

OFFSETS ,"['21.37', '29.76', '40.83']"
GREENS ,"['9.33', '45.91', '3.13', '57.79']"
LAST_GREENS ,"['51.17', '17.96', '11.21']"
RESULTS:,9.89,9.45,7.67

OFFSETS ,"['21.37', '29.61', '40.83']"
GREENS ,"['52.66', '45.91', '3.13', '57.79']"
LAST_GREENS ,"['7.84', '17.96', '11.21']"
RESULTS:,9.89,9.45,7.67

OFFSETS ,"['21.37', '29.61', '40.83']"
GREENS ,"['52.87', '45.91', '3.13', '57.79']"
LAST_GREENS ,"['7.63', '17.96', '11.21']"
RESULTS:,9.89,9.45,7.67

OFFSETS ,"['21.37', '34.15', '40.83']"
GREENS ,"['9.84', '45.91', '3.13', '57.79']"
LAST_GREENS ,"['50.66', '17.96', '11.21']"
RESULTS:,9.56,9.10,9.00

OFFSETS ,"['18.12', '30.37', '40.83']"
GREENS ,"['52.87', '45.91', '3.13', '57.79']"
LAST_GREENS ,"['7.63', '17.96', '11.21']"
RESULTS:,11.62,10.95,8.33

OFFSETS ,"['21.37', '29.76', '40.83']"
GREENS ,"['52.66', '45.91', '3.13', '57.79']"
LAST_GREENS ,"['7.84', '17.96', '11.21']"
RESULTS:,9.89,9.45,7.67

OFFSETS ,"['21.37', '37.77', '40.83']"
GREENS ,"['52.88', '45.91', '3.13', '57.79']"
LAST_GREENS ,"['7.62', '17.96', '11.21']"
RESULTS:,10.54,9.94,9.33

OFFSETS ,"['21.37', '29.60', '30.70']"
GREENS ,"['52.66', '45.48', '3.13', '57.79']"
LAST_GREENS ,"['7.84', '18.40', '11.21']"
RESULTS:,11.98,10.69,17.00

OFFSETS ,"['21.37', '29.61', '40.83']"
GREENS ,"['52.66', '45.91', '3.13', '57.79']"
LAST_GREENS ,"['7.84', '17.96', '11.21']"
RESULTS:,9.89,9.45,7.67

OFFSETS ,"['21.37', '38.52', '40.83']"
GREENS ,"['52.86', '45.89', '3.13', '57.79']"
LAST_GREENS ,"['7.64', '17.98', '11.21']"
RESULTS:,9.47,8.97,9.33

OFFSETS ,"['21.37', '29.76', '40.83']"
GREENS ,"['52.66', '45.91', '3.13', '57.79']"
LAST_GREENS ,"['7.84', '17.96', '11.21']"
RESULTS:,9.89,9.45,7.67

OFFSETS ,"['21.37', '29.61', '40.83']"
GREENS ,"['52.68', '45.91', '3.13', '57.79']"
LAST_GREENS ,"['7.82', '17.96', '11.21']"
RESULTS:,9.89,9.45,7.67

OFFSETS ,"['21.37', '29.76', '40.83']"
GREENS ,"['8.93', '45.91', '3.13', '57.79']"
LAST_GREENS ,"['51.57', '17.96', '11.21']"
RESULTS:,9.89,9.45,7.67

OFFSETS ,"['26.00', '33.85', '40.83']"
GREENS ,"['52.66', '45.89', '3.13', '57.79']"
LAST_GREENS ,"['7.84', '17.98', '11.21']"
RESULTS:,10.49,9.87,9.00

OFFSETS ,"['21.37', '29.53', '40.83']"
GREENS ,"['52.87', '45.90', '3.13', '57.79']"
LAST_GREENS ,"['7.63', '17.97', '11.21']"
RESULTS:,9.89,9.45,7.67

OFFSETS ,"['21.37', '29.76', '40.83']"
GREENS ,"['52.66', '45.91', '3.13', '57.79']"
LAST_GREENS ,"['7.84', '17.96', '11.21']"
RESULTS:,9.89,9.45,7.67

OFFSETS ,"['21.37', '34.17', '40.83']"
GREENS ,"['9.84', '45.92', '3.13', '57.79']"
LAST_GREENS ,"['50.66', '17.95', '11.21']"
RESULTS:,9.56,9.10,9.00

OFFSETS ,"['21.37', '34.69', '40.83']"
GREENS ,"['52.87', '45.45', '3.13', '57.79']"
LAST_GREENS ,"['7.63', '18.42', '11.21']"
RESULTS:,11.18,10.34,10.67

OFFSETS ,"['21.37', '29.71', '40.83']"
GREENS ,"['9.19', '45.91', '3.13', '57.79']"
LAST_GREENS ,"['51.31', '17.96', '11.21']"
RESULTS:,9.89,9.45,7.67

OFFSETS ,"['21.37', '38.59', '40.83']"
GREENS ,"['52.87', '45.89', '3.13', '57.79']"
LAST_GREENS ,"['7.63', '17.98', '11.21']"
RESULTS:,9.47,8.97,9.33

OFFSETS ,"['21.37', '34.17', '40.83']"
GREENS ,"['8.46', '45.92', '3.13', '57.79']"
LAST_GREENS ,"['52.04', '17.95', '11.21']"
RESULTS:,9.56,9.10,9.00

OFFSETS ,"['21.37', '38.71', '40.83']"
GREENS ,"['52.87', '45.45', '3.13', '57.79']"
LAST_GREENS ,"['7.63', '18.42', '11.21']"
RESULTS:,9.36,8.59,10.33

OFFSETS ,"['21.37', '29.71', '40.81']"
GREENS ,"['9.19', '45.91', '3.13', '57.79']"
LAST_GREENS ,"['51.31', '17.96', '11.21']"
RESULTS:,9.89,9.45,7.67

OFFSETS ,"['21.37', '38.52', '40.83']"
GREENS ,"['52.86', '45.89', '3.13', '57.79']"
LAST_GREENS ,"['7.64', '17.98', '11.21']"
RESULTS:,9.47,8.97,9.33

OFFSETS ,"['21.37', '38.71', '40.83']"
GREENS ,"['52.66', '45.92', '3.13', '57.79']"
LAST_GREENS ,"['7.84', '17.95', '11.21']"
RESULTS:,9.47,8.97,9.33

OFFSETS ,"['21.37', '31.40', '40.83']"
GREENS ,"['8.69', '45.91', '3.13', '56.95']"
LAST_GREENS ,"['51.81', '17.96', '12.05']"
RESULTS:,10.02,9.38,7.33

OFFSETS ,"['21.37', '34.21', '40.81']"
GREENS ,"['9.81', '45.91', '3.13', '57.79']"
LAST_GREENS ,"['50.69', '17.96', '11.21']"
RESULTS:,9.56,9.10,9.00

OFFSETS ,"['21.37', '38.71', '40.83']"
GREENS ,"['52.87', '45.45', '3.13', '57.79']"
LAST_GREENS ,"['7.63', '18.43', '11.21']"
RESULTS:,9.36,8.59,10.33

OFFSETS ,"['21.37', '29.80', '40.83']"
GREENS ,"['4.48', '45.91', '3.13', '57.79']"
LAST_GREENS ,"['56.02', '17.96', '11.21']"
RESULTS:,9.89,9.45,7.67

OFFSETS ,"['21.37', '38.62', '40.83']"
GREENS ,"['9.84', '45.92', '3.13', '57.79']"
LAST_GREENS ,"['50.66', '17.95', '11.21']"
RESULTS:,9.47,8.97,9.33

OFFSETS ,"['21.37', '34.17', '40.83']"
GREENS ,"['10.17', '45.91', '3.16', '57.79']"
LAST_GREENS ,"['50.33', '17.93', '11.21']"
RESULTS:,9.56,9.10,9.00

OFFSETS ,"['21.37', '29.76', '40.83']"
GREENS ,"['52.87', '45.91', '3.13', '57.79']"
LAST_GREENS ,"['7.63', '17.96', '11.21']"
RESULTS:,9.89,9.45,7.67

OFFSETS ,"['21.37', '38.59', '40.83']"
GREENS ,"['54.59', '45.45', '3.13', '56.94']"
LAST_GREENS ,"['5.91', '18.42', '12.06']"
RESULTS:,9.36,8.59,10.33

OFFSETS ,"['21.37', '38.71', '40.83']"
GREENS ,"['52.87', '45.90', '3.13', '57.79']"
LAST_GREENS ,"['7.63', '17.97', '11.21']"
RESULTS:,9.47,8.97,9.33

OFFSETS ,"['21.37', '29.76', '40.83']"
GREENS ,"['52.66', '45.91', '3.13', '57.79']"
LAST_GREENS ,"['7.84', '17.96', '11.21']"
RESULTS:,9.89,9.45,7.67

OFFSETS ,"['21.37', '31.40', '40.83']"
GREENS ,"['6.97', '45.91', '3.13', '57.79']"
LAST_GREENS ,"['53.53', '17.96', '11.21']"
RESULTS:,10.03,9.54,8.33

OFFSETS ,"['21.37', '29.76', '40.83']"
GREENS ,"['53.42', '45.91', '3.13', '57.79']"
LAST_GREENS ,"['7.08', '17.96', '11.21']"
RESULTS:,9.89,9.45,7.67

OFFSETS ,"['19.06', '29.68', '40.81']"
GREENS ,"['54.10', '47.31', '3.13', '57.79']"
LAST_GREENS ,"['6.40', '16.56', '11.21']"
RESULTS:,13.45,12.83,13.50

OFFSETS ,"['21.37', '31.39', '40.83']"
GREENS ,"['51.84', '45.90', '3.13', '56.95']"
LAST_GREENS ,"['8.66', '17.97', '12.05']"
RESULTS:,10.13,9.54,8.67

OFFSETS ,"['21.37', '30.21', '40.81']"
GREENS ,"['54.64', '45.92', '3.13', '57.80']"
LAST_GREENS ,"['5.86', '17.96', '11.20']"
RESULTS:,9.22,8.80,7.67

OFFSETS ,"['21.37', '29.60', '40.83']"
GREENS ,"['52.87', '45.91', '3.13', '57.79']"
LAST_GREENS ,"['7.63', '17.96', '11.21']"
RESULTS:,9.89,9.45,7.67

OFFSETS ,"['21.37', '38.60', '40.83']"
GREENS ,"['9.72', '45.46', '3.13', '57.79']"
LAST_GREENS ,"['50.78', '18.41', '11.21']"
RESULTS:,9.36,8.59,10.33

OFFSETS ,"['21.37', '38.61', '40.83']"
GREENS ,"['10.17', '45.89', '3.13', '57.79']"
LAST_GREENS ,"['50.33', '17.98', '11.21']"
RESULTS:,9.47,8.97,9.33

OFFSETS ,"['21.37', '31.43', '40.83']"
GREENS ,"['8.69', '45.91', '3.13', '56.95']"
LAST_GREENS ,"['51.81', '17.96', '12.05']"
RESULTS:,10.02,9.38,7.33

OFFSETS ,"['21.37', '38.59', '40.83']"
GREENS ,"['52.66', '45.92', '3.13', '57.79']"
LAST_GREENS ,"['7.84', '17.95', '11.21']"
RESULTS:,9.47,8.97,9.33

OFFSETS ,"['21.37', '29.73', '40.83']"
GREENS ,"['53.29', '45.91', '3.13', '67.07']"
LAST_GREENS ,"['7.21', '17.96', '1.93']"
RESULTS:,51.92,40.22,51.33

OFFSETS ,"['21.37', '38.70', '40.83']"
GREENS ,"['4.34', '45.91', '3.13', '57.79']"
LAST_GREENS ,"['56.16', '17.96', '11.21']"
RESULTS:,9.47,8.97,9.33

OFFSETS ,"['21.37', '38.22', '40.83']"
GREENS ,"['52.66', '45.91', '3.13', '57.79']"
LAST_GREENS ,"['7.84', '17.96', '11.21']"
RESULTS:,10.03,9.42,9.33

OFFSETS ,"['21.37', '29.73', '40.83']"
GREENS ,"['52.87', '45.91', '3.13', '57.79']"
LAST_GREENS ,"['7.63', '17.96', '11.21']"
RESULTS:,9.89,9.45,7.67

OFFSETS ,"['21.37', '29.76', '40.83']"
GREENS ,"['52.87', '45.91', '3.13', '57.79']"
LAST_GREENS ,"['7.63', '17.96', '11.21']"
RESULTS:,9.89,9.45,7.67

OFFSETS ,"['21.37', '29.76', '40.83']"
GREENS ,"['52.87', '45.91', '3.13', '57.77']"
LAST_GREENS ,"['7.63', '17.96', '11.23']"
RESULTS:,9.89,9.45,7.67

OFFSETS ,"['21.37', '38.71', '40.83']"
GREENS ,"['50.05', '45.91', '3.13', '57.79']"
LAST_GREENS ,"['10.45', '17.97', '11.21']"
RESULTS:,9.47,8.97,9.33

OFFSETS ,"['21.37', '31.40', '40.83']"
GREENS ,"['8.86', '45.92', '3.13', '57.76']"
LAST_GREENS ,"['51.64', '17.95', '11.24']"
RESULTS:,10.03,9.54,8.33

OFFSETS ,"['21.37', '34.17', '40.83']"
GREENS ,"['9.62', '45.93', '3.13', '57.76']"
LAST_GREENS ,"['50.88', '17.95', '11.24']"
RESULTS:,9.56,9.10,9.00

OFFSETS ,"['21.37', '38.44', '40.83']"
GREENS ,"['52.87', '45.91', '3.13', '57.79']"
LAST_GREENS ,"['7.63', '17.96', '11.21']"
RESULTS:,9.47,8.97,9.33

OFFSETS ,"['21.37', '31.47', '40.83']"
GREENS ,"['9.69', '45.91', '3.13', '57.00']"
LAST_GREENS ,"['50.81', '17.96', '12.00']"
RESULTS:,10.02,9.38,7.33

OFFSETS ,"['21.37', '30.21', '40.81']"
GREENS ,"['54.64', '45.92', '3.13', '57.79']"
LAST_GREENS ,"['5.86', '17.95', '11.21']"
RESULTS:,9.22,8.80,7.67

OFFSETS ,"['21.37', '30.13', '40.81']"
GREENS ,"['52.65', '45.92', '3.13', '57.79']"
LAST_GREENS ,"['7.85', '17.95', '11.21']"
RESULTS:,9.89,9.45,7.67

OFFSETS ,"['21.37', '34.22', '40.83']"
GREENS ,"['8.69', '45.91', '3.13', '56.95']"
LAST_GREENS ,"['51.81', '17.96', '12.05']"
RESULTS:,11.17,10.52,10.33

OFFSETS ,"['21.37', '30.25', '40.81']"
GREENS ,"['53.96', '45.91', '3.13', '57.79']"
LAST_GREENS ,"['6.54', '17.96', '11.21']"
RESULTS:,9.22,8.80,7.67

OFFSETS ,"['21.37', '30.38', '40.81']"
GREENS ,"['8.90', '45.48', '3.13', '57.79']"
LAST_GREENS ,"['51.60', '18.39', '11.21']"
RESULTS:,10.53,9.93,8.33

OFFSETS ,"['21.37', '30.25', '40.83']"
GREENS ,"['52.18', '45.91', '3.13', '57.79']"
LAST_GREENS ,"['8.32', '17.96', '11.21']"
RESULTS:,9.22,8.80,7.67

OFFSETS ,"['21.37', '38.58', '40.83']"
GREENS ,"['52.87', '45.45', '3.13', '57.77']"
LAST_GREENS ,"['7.63', '18.43', '11.23']"
RESULTS:,9.36,8.59,10.33

OFFSETS ,"['21.37', '31.43', '40.83']"
GREENS ,"['8.63', '45.91', '3.13', '57.79']"
LAST_GREENS ,"['51.87', '17.96', '11.21']"
RESULTS:,10.03,9.54,8.33

OFFSETS ,"['21.37', '30.25', '40.83']"
GREENS ,"['54.02', '45.91', '3.13', '56.95']"
LAST_GREENS ,"['6.48', '17.96', '12.05']"
RESULTS:,11.22,10.51,8.00

OFFSETS ,"['21.37', '38.59', '40.83']"
GREENS ,"['52.19', '45.88', '3.13', '57.79']"
LAST_GREENS ,"['8.31', '17.99', '11.21']"
RESULTS:,9.47,8.97,9.33

OFFSETS ,"['20.15', '29.72', '40.83']"
GREENS ,"['52.87', '45.91', '3.13', '57.79']"
LAST_GREENS ,"['7.63', '17.96', '11.21']"
RESULTS:,10.84,10.30,8.00

OFFSETS ,"['21.37', '30.21', '39.05']"
GREENS ,"['54.64', '45.92', '3.13', '57.79']"
LAST_GREENS ,"['5.86', '17.96', '11.21']"
RESULTS:,13.29,12.30,10.00

OFFSETS ,"['21.37', '30.21', '40.83']"
GREENS ,"['54.65', '45.92', '3.13', '57.80']"
LAST_GREENS ,"['5.85', '17.96', '11.20']"
RESULTS:,9.22,8.80,7.67

OFFSETS ,"['21.37', '38.40', '40.83']"
GREENS ,"['52.87', '45.45', '3.13', '57.79']"
LAST_GREENS ,"['7.63', '18.43', '11.21']"
RESULTS:,9.36,8.59,10.33

OFFSETS ,"['21.37', '30.43', '40.81']"
GREENS ,"['53.96', '45.91', '3.13', '57.79']"
LAST_GREENS ,"['6.54', '17.96', '11.21']"
RESULTS:,10.53,9.93,8.33

OFFSETS ,"['21.37', '30.25', '40.83']"
GREENS ,"['53.96', '45.91', '3.13', '57.79']"
LAST_GREENS ,"['6.54', '17.96', '11.21']"
RESULTS:,9.22,8.80,7.67

OFFSETS ,"['21.37', '30.20', '40.83']"
GREENS ,"['10.58', '45.92', '3.13', '57.80']"
LAST_GREENS ,"['49.92', '17.96', '11.20']"
RESULTS:,11.91,11.15,9.00

OFFSETS ,"['21.37', '31.43', '40.83']"
GREENS ,"['54.68', '45.91', '3.13', '56.95']"
LAST_GREENS ,"['5.82', '17.96', '12.05']"
RESULTS:,10.24,9.68,8.67

OFFSETS ,"['21.37', '30.21', '40.83']"
GREENS ,"['54.65', '45.92', '3.13', '57.76']"
LAST_GREENS ,"['5.85', '17.96', '11.24']"
RESULTS:,9.22,8.80,7.67

OFFSETS ,"['21.37', '30.25', '40.83']"
GREENS ,"['52.18', '45.91', '3.13', '57.79']"
LAST_GREENS ,"['8.32', '17.96', '11.21']"
RESULTS:,9.22,8.80,7.67

OFFSETS ,"['21.37', '30.24', '40.81']"
GREENS ,"['54.61', '45.91', '3.13', '57.79']"
LAST_GREENS ,"['5.89', '17.96', '11.21']"
RESULTS:,9.22,8.80,7.67

OFFSETS ,"['16.95', '30.25', '40.81']"
GREENS ,"['53.96', '45.92', '1.51', '57.79']"
LAST_GREENS ,"['6.54', '19.58', '11.21']"
RESULTS:,10.36,9.69,8.33

OFFSETS ,"['21.37', '30.25', '40.83']"
GREENS ,"['53.96', '45.91', '3.13', '57.79']"
LAST_GREENS ,"['6.54', '17.96', '11.21']"
RESULTS:,9.22,8.80,7.67

OFFSETS ,"['21.37', '31.40', '40.83']"
GREENS ,"['6.65', '45.91', '3.13', '56.95']"
LAST_GREENS ,"['53.85', '17.96', '12.05']"
RESULTS:,10.02,9.38,7.33

OFFSETS ,"['21.37', '30.21', '40.81']"
GREENS ,"['54.64', '45.92', '3.13', '57.80']"
LAST_GREENS ,"['5.86', '17.96', '11.20']"
RESULTS:,9.22,8.80,7.67

OFFSETS ,"['21.37', '30.25', '40.83']"
GREENS ,"['52.18', '45.91', '3.13', '57.80']"
LAST_GREENS ,"['8.32', '17.96', '11.20']"
RESULTS:,9.22,8.80,7.67

OFFSETS ,"['21.37', '30.25', '40.81']"
GREENS ,"['13.80', '45.91', '3.13', '57.80']"
LAST_GREENS ,"['46.70', '17.96', '11.20']"
RESULTS:,9.22,8.80,7.67

OFFSETS ,"['21.37', '30.25', '40.81']"
GREENS ,"['53.09', '45.92', '3.13', '57.79']"
LAST_GREENS ,"['7.41', '17.96', '11.21']"
RESULTS:,9.89,9.45,7.67

OFFSETS ,"['21.37', '31.47', '40.83']"
GREENS ,"['9.69', '45.91', '3.13', '57.00']"
LAST_GREENS ,"['50.81', '17.96', '12.00']"
RESULTS:,10.02,9.38,7.33

OFFSETS ,"['21.37', '31.40', '40.83']"
GREENS ,"['10.15', '45.91', '3.13', '57.78']"
LAST_GREENS ,"['50.35', '17.96', '11.22']"
RESULTS:,10.03,9.54,8.33

OFFSETS ,"['21.37', '30.21', '41.73']"
GREENS ,"['54.64', '45.92', '3.13', '57.76']"
LAST_GREENS ,"['5.86', '17.96', '11.24']"
RESULTS:,11.98,11.28,9.67

OFFSETS ,"['21.37', '31.43', '40.83']"
GREENS ,"['10.49', '45.91', '3.13', '56.98']"
LAST_GREENS ,"['50.01', '17.96', '12.02']"
RESULTS:,10.24,9.68,8.67

OFFSETS ,"['21.37', '31.40', '40.83']"
GREENS ,"['11.05', '45.91', '3.13', '56.95']"
LAST_GREENS ,"['49.45', '17.96', '12.05']"
RESULTS:,10.02,9.38,7.33

OFFSETS ,"['21.37', '31.40', '40.83']"
GREENS ,"['5.15', '45.91', '3.13', '56.95']"
LAST_GREENS ,"['55.35', '17.96', '12.05']"
RESULTS:,10.02,9.38,7.33

OFFSETS ,"['21.37', '31.40', '40.83']"
GREENS ,"['8.80', '45.91', '3.13', '56.95']"
LAST_GREENS ,"['51.70', '17.96', '12.05']"
RESULTS:,10.02,9.38,7.33

OFFSETS ,"['21.37', '30.25', '40.81']"
GREENS ,"['52.27', '45.92', '3.13', '57.79']"
LAST_GREENS ,"['8.23', '17.96', '11.21']"
RESULTS:,9.89,9.45,7.67

OFFSETS ,"['21.37', '31.44', '40.83']"
GREENS ,"['54.57', '45.91', '3.13', '57.83']"
LAST_GREENS ,"['5.93', '17.96', '11.17']"
RESULTS:,10.03,9.54,8.33

OFFSETS ,"['21.37', '31.34', '40.83']"
GREENS ,"['51.34', '45.91', '3.13', '56.95']"
LAST_GREENS ,"['9.16', '17.96', '12.05']"
RESULTS:,10.02,9.38,7.33

OFFSETS ,"['21.37', '30.24', '40.81']"
GREENS ,"['54.01', '45.91', '3.13', '57.79']"
LAST_GREENS ,"['6.49', '17.96', '11.21']"
RESULTS:,9.22,8.80,7.67

OFFSETS ,"['21.37', '31.40', '40.83']"
GREENS ,"['11.41', '45.91', '3.13', '56.95']"
LAST_GREENS ,"['49.09', '17.96', '12.05']"
RESULTS:,10.02,9.38,7.33

OFFSETS ,"['21.37', '30.21', '40.81']"
GREENS ,"['54.64', '45.92', '3.13', '57.80']"
LAST_GREENS ,"['5.86', '17.96', '11.20']"
RESULTS:,9.22,8.80,7.67

OFFSETS ,"['21.37', '31.40', '40.83']"
GREENS ,"['8.69', '45.91', '3.13', '56.95']"
LAST_GREENS ,"['51.81', '17.96', '12.05']"
RESULTS:,10.02,9.38,7.33

OFFSETS ,"['21.37', '30.21', '40.83']"
GREENS ,"['54.57', '45.91', '3.13', '57.79']"
LAST_GREENS ,"['5.93', '17.96', '11.21']"
RESULTS:,9.22,8.80,7.67

OFFSETS ,"['21.37', '31.43', '40.83']"
GREENS ,"['54.46', '45.91', '3.13', '56.98']"
LAST_GREENS ,"['6.04', '17.96', '12.02']"
RESULTS:,10.24,9.68,8.67

OFFSETS ,"['21.37', '30.25', '40.83']"
GREENS ,"['10.07', '45.91', '3.13', '57.79']"
LAST_GREENS ,"['50.43', '17.96', '11.21']"
RESULTS:,9.22,8.80,7.67

OFFSETS ,"['21.37', '31.40', '40.83']"
GREENS ,"['8.80', '45.88', '3.13', '56.97']"
LAST_GREENS ,"['51.70', '17.99', '12.03']"
RESULTS:,10.02,9.38,7.33

OFFSETS ,"['21.37', '31.40', '40.83']"
GREENS ,"['9.64', '45.91', '3.13', '56.99']"
LAST_GREENS ,"['50.86', '17.96', '12.01']"
RESULTS:,10.02,9.38,7.33

OFFSETS ,"['21.37', '30.26', '40.81']"
GREENS ,"['54.11', '45.91', '3.13', '56.95']"
LAST_GREENS ,"['6.39', '17.96', '12.05']"
RESULTS:,11.22,10.51,8.00

OFFSETS ,"['21.37', '31.43', '40.83']"
GREENS ,"['8.80', '45.91', '3.13', '56.95']"
LAST_GREENS ,"['51.70', '17.96', '12.05']"
RESULTS:,10.02,9.38,7.33

OFFSETS ,"['21.37', '31.40', '40.83']"
GREENS ,"['8.71', '45.91', '3.13', '56.95']"
LAST_GREENS ,"['51.79', '17.96', '12.05']"
RESULTS:,10.02,9.38,7.33

OFFSETS ,"['21.37', '30.25', '40.83']"
GREENS ,"['54.58', '45.91', '3.13', '57.79']"
LAST_GREENS ,"['5.92', '17.96', '11.21']"
RESULTS:,9.22,8.80,7.67

OFFSETS ,"['21.37', '31.43', '40.83']"
GREENS ,"['55.25', '45.91', '3.13', '57.81']"
LAST_GREENS ,"['5.25', '17.96', '11.19']"
RESULTS:,11.29,10.61,8.33

OFFSETS ,"['21.37', '31.46', '40.83']"
GREENS ,"['9.69', '45.91', '3.13', '57.83']"
LAST_GREENS ,"['50.81', '17.96', '11.17']"
RESULTS:,10.03,9.54,8.33

OFFSETS ,"['21.37', '30.25', '40.81']"
GREENS ,"['55.06', '45.92', '3.13', '57.79']"
LAST_GREENS ,"['5.44', '17.96', '11.21']"
RESULTS:,9.22,8.80,7.67

OFFSETS ,"['21.37', '30.22', '40.83']"
GREENS ,"['53.96', '45.92', '3.13', '57.80']"
LAST_GREENS ,"['6.54', '17.96', '11.20']"
RESULTS:,9.22,8.80,7.67

OFFSETS ,"['21.37', '30.21', '40.83']"
GREENS ,"['52.17', '45.91', '3.13', '57.77']"
LAST_GREENS ,"['8.33', '17.96', '11.23']"
RESULTS:,9.22,8.80,7.67

OFFSETS ,"['21.37', '31.40', '40.83']"
GREENS ,"['9.87', '45.91', '3.13', '57.00']"
LAST_GREENS ,"['50.63', '17.96', '12.00']"
RESULTS:,10.02,9.38,7.33

OFFSETS ,"['21.37', '31.41', '40.83']"
GREENS ,"['54.77', '45.91', '3.13', '57.82']"
LAST_GREENS ,"['5.73', '17.96', '11.18']"
RESULTS:,10.03,9.54,8.33

OFFSETS ,"['21.37', '30.21', '40.81']"
GREENS ,"['7.10', '45.92', '3.13', '56.94']"
LAST_GREENS ,"['53.40', '17.96', '12.06']"
RESULTS:,11.22,10.51,8.00

OFFSETS ,"['21.37', '30.25', '40.81']"
GREENS ,"['54.58', '45.91', '3.13', '57.79']"
LAST_GREENS ,"['5.92', '17.96', '11.21']"
RESULTS:,9.22,8.80,7.67

OFFSETS ,"['21.37', '30.25', '40.83']"
GREENS ,"['54.64', '45.88', '3.13', '57.79']"
LAST_GREENS ,"['5.86', '17.99', '11.21']"
RESULTS:,9.22,8.80,7.67

OFFSETS ,"['21.37', '30.25', '40.83']"
GREENS ,"['54.58', '45.91', '3.13', '57.79']"
LAST_GREENS ,"['5.92', '17.96', '11.21']"
RESULTS:,9.22,8.80,7.67

OFFSETS ,"['21.37', '30.25', '40.83']"
GREENS ,"['10.23', '45.91', '3.13', '57.79']"
LAST_GREENS ,"['50.27', '17.96', '11.21']"
RESULTS:,9.22,8.80,7.67

OFFSETS ,"['21.37', '30.25', '40.81']"
GREENS ,"['55.05', '45.92', '3.13', '57.79']"
LAST_GREENS ,"['5.45', '17.96', '11.21']"
RESULTS:,9.22,8.80,7.67

OFFSETS ,"['21.37', '30.22', '40.83']"
GREENS ,"['8.69', '45.91', '3.13', '56.95']"
LAST_GREENS ,"['51.81', '17.96', '12.05']"
RESULTS:,11.22,10.51,8.00

OFFSETS ,"['21.37', '31.35', '40.83']"
GREENS ,"['8.94', '45.91', '3.13', '56.95']"
LAST_GREENS ,"['51.56', '17.96', '12.05']"
RESULTS:,10.02,9.38,7.33

OFFSETS ,"['21.37', '31.47', '40.81']"
GREENS ,"['55.18', '45.91', '3.13', '56.98']"
LAST_GREENS ,"['5.32', '17.96', '12.02']"
RESULTS:,10.24,9.68,8.67

OFFSETS ,"['21.37', '30.25', '40.81']"
GREENS ,"['54.64', '45.92', '3.13', '57.79']"
LAST_GREENS ,"['5.86', '17.96', '11.21']"
RESULTS:,9.22,8.80,7.67

OFFSETS ,"['21.37', '30.25', '40.81']"
GREENS ,"['55.79', '45.92', '3.13', '57.79']"
LAST_GREENS ,"['4.71', '17.96', '11.21']"
RESULTS:,9.22,8.80,7.67

OFFSETS ,"['21.37', '30.21', '40.81']"
GREENS ,"['54.64', '45.92', '3.13', '57.80']"
LAST_GREENS ,"['5.86', '17.96', '11.20']"
RESULTS:,9.22,8.80,7.67

OFFSETS ,"['21.37', '31.36', '40.83']"
GREENS ,"['54.16', '45.91', '3.13', '57.79']"
LAST_GREENS ,"['6.34', '17.96', '11.21']"
RESULTS:,10.03,9.54,8.33

OFFSETS ,"['21.37', '31.39', '40.81']"
GREENS ,"['53.96', '45.92', '3.13', '56.97']"
LAST_GREENS ,"['6.54', '17.96', '12.03']"
RESULTS:,10.02,9.38,7.33

OFFSETS ,"['21.37', '30.24', '40.81']"
GREENS ,"['8.26', '45.91', '3.13', '56.92']"
LAST_GREENS ,"['52.24', '17.96', '12.08']"
RESULTS:,11.22,10.51,8.00

OFFSETS ,"['21.37', '30.25', '40.83']"
GREENS ,"['54.15', '45.91', '3.13', '57.77']"
LAST_GREENS ,"['6.35', '17.96', '11.23']"
RESULTS:,10.53,9.93,8.33

OFFSETS ,"['21.37', '31.40', '40.83']"
GREENS ,"['11.40', '45.91', '3.13', '57.82']"
LAST_GREENS ,"['49.10', '17.96', '11.18']"
RESULTS:,10.03,9.54,8.33

OFFSETS ,"['21.37', '31.47', '40.83']"
GREENS ,"['9.68', '45.91', '3.13', '57.00']"
LAST_GREENS ,"['50.82', '17.96', '12.00']"
RESULTS:,10.02,9.38,7.33

OFFSETS ,"['21.37', '30.25', '40.81']"
GREENS ,"['52.02', '45.91', '3.13', '57.77']"
LAST_GREENS ,"['8.48', '17.96', '11.23']"
RESULTS:,9.22,8.80,7.67

OFFSETS ,"['21.37', '30.25', '40.83']"
GREENS ,"['9.71', '45.91', '3.13', '57.78']"
LAST_GREENS ,"['50.79', '17.96', '11.22']"
RESULTS:,9.89,9.45,7.67

OFFSETS ,"['21.37', '30.25', '40.83']"
GREENS ,"['52.14', '45.91', '3.13', '57.79']"
LAST_GREENS ,"['8.36', '17.96', '11.21']"
RESULTS:,9.22,8.80,7.67

OFFSETS ,"['21.37', '31.29', '40.83']"
GREENS ,"['53.87', '45.92', '3.13', '56.95']"
LAST_GREENS ,"['6.63', '17.96', '12.05']"
RESULTS:,10.02,9.38,7.33

OFFSETS ,"['21.37', '30.24', '40.81']"
GREENS ,"['54.08', '45.91', '3.13', '57.79']"
LAST_GREENS ,"['6.42', '17.96', '11.21']"
RESULTS:,9.22,8.80,7.67

OFFSETS ,"['21.37', '31.42', '40.83']"
GREENS ,"['54.57', '45.92', '3.13', '57.76']"
LAST_GREENS ,"['5.93', '17.96', '11.24']"
RESULTS:,10.03,9.54,8.33

OFFSETS ,"['21.37', '31.43', '40.81']"
GREENS ,"['55.54', '45.91', '3.13', '56.95']"
LAST_GREENS ,"['4.96', '17.96', '12.05']"
RESULTS:,10.24,9.68,8.67

OFFSETS ,"['21.37', '31.47', '40.83']"
GREENS ,"['55.88', '45.91', '3.13', '57.79']"
LAST_GREENS ,"['4.62', '17.96', '11.21']"
RESULTS:,11.29,10.61,8.33

OFFSETS ,"['21.37', '31.48', '40.83']"
GREENS ,"['8.24', '45.91', '3.13', '57.00']"
LAST_GREENS ,"['52.26', '17.96', '12.00']"
RESULTS:,10.02,9.38,7.33

OFFSETS ,"['21.37', '30.31', '40.81']"
GREENS ,"['54.63', '45.92', '3.13', '57.85']"
LAST_GREENS ,"['5.87', '17.96', '11.15']"
RESULTS:,9.22,8.80,7.67

OFFSETS ,"['21.37', '30.21', '40.81']"
GREENS ,"['10.10', '45.92', '3.13', '57.80']"
LAST_GREENS ,"['50.40', '17.96', '11.20']"
RESULTS:,9.22,8.80,7.67

OFFSETS ,"['21.37', '31.35', '40.83']"
GREENS ,"['9.68', '45.91', '3.13', '56.96']"
LAST_GREENS ,"['50.82', '17.96', '12.04']"
RESULTS:,10.02,9.38,7.33

OFFSETS ,"['21.37', '30.21', '40.81']"
GREENS ,"['9.75', '45.92', '3.13', '57.80']"
LAST_GREENS ,"['50.75', '17.96', '11.20']"
RESULTS:,9.89,9.45,7.67

OFFSETS ,"['21.37', '30.21', '40.81']"
GREENS ,"['10.16', '45.92', '3.13', '57.79']"
LAST_GREENS ,"['50.34', '17.96', '11.21']"
RESULTS:,9.22,8.80,7.67

OFFSETS ,"['21.37', '31.42', '40.83']"
GREENS ,"['6.82', '45.91', '3.13', '57.78']"
LAST_GREENS ,"['53.68', '17.96', '11.22']"
RESULTS:,10.03,9.54,8.33

OFFSETS ,"['21.37', '31.47', '40.81']"
GREENS ,"['56.69', '45.92', '3.13', '57.02']"
LAST_GREENS ,"['3.81', '17.96', '11.98']"
RESULTS:,10.02,9.38,7.33

OFFSETS ,"['21.37', '30.21', '40.81']"
GREENS ,"['11.85', '45.92', '3.13', '57.80']"
LAST_GREENS ,"['48.65', '17.96', '11.20']"
RESULTS:,9.22,8.80,7.67

OFFSETS ,"['21.37', '31.43', '40.83']"
GREENS ,"['56.18', '45.88', '3.13', '56.96']"
LAST_GREENS ,"['4.32', '17.99', '12.04']"
RESULTS:,10.02,9.38,7.33

OFFSETS ,"['21.37', '31.44', '40.83']"
GREENS ,"['54.08', '45.91', '3.13', '56.93']"
LAST_GREENS ,"['6.42', '17.96', '12.07']"
RESULTS:,10.02,9.38,7.33

OFFSETS ,"['21.37', '30.18', '44.51']"
GREENS ,"['56.25', '45.91', '2.22', '57.79']"
LAST_GREENS ,"['4.25', '18.86', '11.21']"
RESULTS:,12.92,12.16,9.33

OFFSETS ,"['21.37', '31.42', '40.81']"
GREENS ,"['54.07', '45.92', '3.13', '56.97']"
LAST_GREENS ,"['6.43', '17.96', '12.03']"
RESULTS:,10.02,9.38,7.33

OFFSETS ,"['21.37', '30.24', '40.81']"
GREENS ,"['54.08', '45.91', '3.13', '57.80']"
LAST_GREENS ,"['6.42', '17.96', '11.20']"
RESULTS:,9.22,8.80,7.67

OFFSETS ,"['21.37', '30.24', '40.81']"
GREENS ,"['8.24', '45.91', '3.13', '57.77']"
LAST_GREENS ,"['52.26', '17.96', '11.23']"
RESULTS:,9.22,8.80,7.67

OFFSETS ,"['21.37', '31.47', '40.83']"
GREENS ,"['11.85', '45.91', '3.13', '57.00']"
LAST_GREENS ,"['48.65', '17.96', '12.00']"
RESULTS:,10.24,9.68,8.67

OFFSETS ,"['21.37', '31.40', '40.83']"
GREENS ,"['56.17', '45.91', '3.13', '56.97']"
LAST_GREENS ,"['4.33', '17.96', '12.03']"
RESULTS:,10.02,9.38,7.33

OFFSETS ,"['21.37', '31.42', '40.81']"
GREENS ,"['54.16', '45.92', '3.13', '56.95']"
LAST_GREENS ,"['6.34', '17.96', '12.05']"
RESULTS:,10.02,9.38,7.33

OFFSETS ,"['21.37', '30.20', '40.81']"
GREENS ,"['55.72', '45.91', '3.13', '57.04']"
LAST_GREENS ,"['4.78', '17.96', '11.96']"
RESULTS:,11.22,10.51,8.00

OFFSETS ,"['21.37', '31.44', '40.83']"
GREENS ,"['8.50', '45.91', '3.13', '56.93']"
LAST_GREENS ,"['52.00', '17.96', '12.07']"
RESULTS:,10.02,9.38,7.33

OFFSETS ,"['21.37', '30.21', '40.81']"
GREENS ,"['10.10', '45.92', '3.13', '57.80']"
LAST_GREENS ,"['50.40', '17.96', '11.20']"
RESULTS:,9.22,8.80,7.67

OFFSETS ,"['21.37', '30.32', '40.81']"
GREENS ,"['54.08', '45.91', '3.13', '56.97']"
LAST_GREENS ,"['6.42', '17.96', '12.03']"
RESULTS:,11.22,10.51,8.00

OFFSETS ,"['21.37', '30.20', '40.83']"
GREENS ,"['6.92', '45.91', '3.13', '57.77']"
LAST_GREENS ,"['53.58', '17.96', '11.23']"
RESULTS:,9.22,8.80,7.67

OFFSETS ,"['21.37', '30.21', '40.81']"
GREENS ,"['10.39', '45.92', '3.13', '57.80']"
LAST_GREENS ,"['50.11', '17.96', '11.20']"
RESULTS:,11.91,11.15,9.00

OFFSETS ,"['21.37', '30.24', '40.81']"
GREENS ,"['53.79', '45.91', '3.13', '57.80']"
LAST_GREENS ,"['6.71', '17.96', '11.20']"
RESULTS:,9.22,8.80,7.67

OFFSETS ,"['21.37', '30.24', '40.81']"
GREENS ,"['54.08', '45.92', '3.13', '57.01']"
LAST_GREENS ,"['6.42', '17.96', '11.99']"
RESULTS:,11.22,10.51,8.00

OFFSETS ,"['21.37', '30.24', '40.81']"
GREENS ,"['53.94', '45.91', '3.13', '56.99']"
LAST_GREENS ,"['6.56', '17.96', '12.01']"
RESULTS:,11.22,10.51,8.00

OFFSETS ,"['21.37', '30.24', '40.81']"
GREENS ,"['54.05', '45.92', '3.13', '57.77']"
LAST_GREENS ,"['6.45', '17.96', '11.23']"
RESULTS:,9.22,8.80,7.67

OFFSETS ,"['21.37', '30.24', '40.81']"
GREENS ,"['11.21', '45.91', '3.13', '56.96']"
LAST_GREENS ,"['49.29', '17.96', '12.04']"
RESULTS:,11.22,10.51,8.00

OFFSETS ,"['21.37', '31.43', '40.83']"
GREENS ,"['8.50', '45.91', '3.13', '56.98']"
LAST_GREENS ,"['52.00', '17.96', '12.02']"
RESULTS:,10.02,9.38,7.33

OFFSETS ,"['21.37', '30.24', '40.83']"
GREENS ,"['8.17', '45.91', '3.13', '57.80']"
LAST_GREENS ,"['52.33', '17.96', '11.20']"
RESULTS:,9.22,8.80,7.67

OFFSETS ,"['21.37', '30.21', '40.81']"
GREENS ,"['53.79', '41.70', '3.13', '57.80']"
LAST_GREENS ,"['6.71', '22.17', '11.20']"
RESULTS:,11.70,10.25,11.67

OFFSETS ,"['21.37', '31.34', '40.81']"
GREENS ,"['53.97', '45.92', '3.13', '54.25']"
LAST_GREENS ,"['6.53', '17.96', '14.75']"
RESULTS:,9.49,8.78,7.67

OFFSETS ,"['21.37', '30.21', '40.81']"
GREENS ,"['54.89', '45.92', '3.13', '57.80']"
LAST_GREENS ,"['5.61', '17.96', '11.20']"
RESULTS:,9.22,8.80,7.67

OFFSETS ,"['21.37', '30.26', '40.83']"
GREENS ,"['8.89', '45.91', '3.13', '56.99']"
LAST_GREENS ,"['51.61', '17.96', '12.01']"
RESULTS:,11.22,10.51,8.00

OFFSETS ,"['21.37', '31.41', '40.83']"
GREENS ,"['10.10', '45.91', '3.13', '57.80']"
LAST_GREENS ,"['50.40', '17.96', '11.20']"
RESULTS:,10.03,9.54,8.33

OFFSETS ,"['21.37', '30.25', '40.81']"
GREENS ,"['55.96', '45.91', '3.13', '57.80']"
LAST_GREENS ,"['4.54', '17.96', '11.20']"
RESULTS:,9.22,8.80,7.67

OFFSETS ,"['21.37', '30.21', '40.81']"
GREENS ,"['54.83', '45.92', '3.13', '57.79']"
LAST_GREENS ,"['5.67', '17.96', '11.21']"
RESULTS:,9.22,8.80,7.67

OFFSETS ,"['21.37', '30.24', '40.81']"
GREENS ,"['10.06', '45.91', '3.13', '57.80']"
LAST_GREENS ,"['50.44', '17.96', '11.20']"
RESULTS:,9.22,8.80,7.67

OFFSETS ,"['21.37', '31.43', '40.83']"
GREENS ,"['8.50', '45.91', '3.13', '56.98']"
LAST_GREENS ,"['52.00', '17.96', '12.02']"
RESULTS:,10.02,9.38,7.33

OFFSETS ,"['21.37', '30.15', '40.81']"
GREENS ,"['54.23', '45.92', '3.13', '57.80']"
LAST_GREENS ,"['6.27', '17.96', '11.20']"
RESULTS:,9.22,8.80,7.67

OFFSETS ,"['21.37', '30.24', '40.81']"
GREENS ,"['8.93', '45.91', '3.13', '56.98']"
LAST_GREENS ,"['51.57', '17.96', '12.02']"
RESULTS:,11.22,10.51,8.00

OFFSETS ,"['21.37', '30.21', '40.81']"
GREENS ,"['53.78', '45.92', '3.13', '57.80']"
LAST_GREENS ,"['6.72', '17.96', '11.20']"
RESULTS:,9.22,8.80,7.67

OFFSETS ,"['21.37', '31.43', '40.83']"
GREENS ,"['8.50', '45.91', '3.13', '56.99']"
LAST_GREENS ,"['52.00', '17.96', '12.01']"
RESULTS:,10.02,9.38,7.33

OFFSETS ,"['21.37', '30.24', '40.81']"
GREENS ,"['10.10', '45.91', '3.13', '57.80']"
LAST_GREENS ,"['50.40', '17.96', '11.20']"
RESULTS:,9.22,8.80,7.67

OFFSETS ,"['21.37', '31.39', '40.83']"
GREENS ,"['5.02', '45.92', '3.13', '56.98']"
LAST_GREENS ,"['55.48', '17.96', '12.02']"
RESULTS:,10.02,9.38,7.33

OFFSETS ,"['21.37', '31.34', '40.81']"
GREENS ,"['6.70', '45.92', '3.13', '56.98']"
LAST_GREENS ,"['53.80', '17.96', '12.02']"
RESULTS:,10.02,9.38,7.33

OFFSETS ,"['21.37', '31.42', '40.81']"
GREENS ,"['6.22', '45.92', '3.13', '57.81']"
LAST_GREENS ,"['54.28', '17.96', '11.19']"
RESULTS:,11.29,10.61,8.33

OFFSETS ,"['21.37', '30.24', '40.81']"
GREENS ,"['8.00', '45.91', '3.13', '57.80']"
LAST_GREENS ,"['52.50', '17.96', '11.20']"
RESULTS:,9.22,8.80,7.67

OFFSETS ,"['21.37', '30.21', '40.81']"
GREENS ,"['8.44', '45.92', '3.13', '56.96']"
LAST_GREENS ,"['52.06', '17.96', '12.04']"
RESULTS:,11.22,10.51,8.00

OFFSETS ,"['21.37', '31.43', '40.83']"
GREENS ,"['8.50', '45.91', '3.13', '56.99']"
LAST_GREENS ,"['52.00', '17.96', '12.01']"
RESULTS:,10.02,9.38,7.33

OFFSETS ,"['21.37', '31.51', '40.81']"
GREENS ,"['8.24', '45.92', '3.13', '56.98']"
LAST_GREENS ,"['52.26', '17.96', '12.02']"
RESULTS:,10.02,9.38,7.33

OFFSETS ,"['21.37', '31.41', '40.83']"
GREENS ,"['8.93', '45.91', '3.13', '56.99']"
LAST_GREENS ,"['51.57', '17.96', '12.01']"
RESULTS:,10.02,9.38,7.33

OFFSETS ,"['21.37', '30.24', '40.81']"
GREENS ,"['53.79', '45.91', '3.13', '57.80']"
LAST_GREENS ,"['6.71', '17.96', '11.20']"
RESULTS:,9.22,8.80,7.67

OFFSETS ,"['21.37', '31.41', '40.83']"
GREENS ,"['8.94', '45.91', '3.13', '57.00']"
LAST_GREENS ,"['51.56', '17.96', '12.00']"
RESULTS:,10.02,9.38,7.33

OFFSETS ,"['21.37', '30.21', '40.81']"
GREENS ,"['55.51', '45.92', '3.13', '57.80']"
LAST_GREENS ,"['4.99', '17.96', '11.20']"
RESULTS:,9.22,8.80,7.67

OFFSETS ,"['21.37', '31.35', '40.81']"
GREENS ,"['8.94', '45.91', '3.13', '56.98']"
LAST_GREENS ,"['51.56', '17.96', '12.02']"
RESULTS:,10.02,9.38,7.33

OFFSETS ,"['21.37', '30.24', '40.81']"
GREENS ,"['9.30', '45.91', '3.13', '57.80']"
LAST_GREENS ,"['51.20', '17.96', '11.20']"
RESULTS:,9.89,9.45,7.67

OFFSETS ,"['21.37', '30.17', '40.81']"
GREENS ,"['52.34', '45.92', '3.13', '56.92']"
LAST_GREENS ,"['8.16', '17.96', '12.08']"
RESULTS:,11.22,10.51,8.00

OFFSETS ,"['21.37', '31.43', '40.83']"
GREENS ,"['56.50', '45.91', '3.13', '56.95']"
LAST_GREENS ,"['4.00', '17.96', '12.05']"
RESULTS:,10.02,9.38,7.33

OFFSETS ,"['21.37', '30.24', '40.81']"
GREENS ,"['10.10', '45.91', '3.13', '57.80']"
LAST_GREENS ,"['50.40', '17.96', '11.20']"
RESULTS:,9.22,8.80,7.67

OFFSETS ,"['21.37', '30.24', '40.81']"
GREENS ,"['54.58', '45.91', '3.13', '57.80']"
LAST_GREENS ,"['5.92', '17.96', '11.20']"
RESULTS:,9.22,8.80,7.67

OFFSETS ,"['21.37', '31.37', '40.81']"
GREENS ,"['54.83', '45.91', '3.13', '57.78']"
LAST_GREENS ,"['5.67', '17.96', '11.22']"
RESULTS:,10.03,9.54,8.33

OFFSETS ,"['21.37', '31.43', '40.83']"
GREENS ,"['8.50', '45.91', '3.13', '56.99']"
LAST_GREENS ,"['52.00', '17.96', '12.01']"
RESULTS:,10.02,9.38,7.33

OFFSETS ,"['20.87', '30.24', '40.81']"
GREENS ,"['8.00', '45.91', '3.13', '57.80']"
LAST_GREENS ,"['52.50', '17.96', '11.20']"
RESULTS:,11.56,10.89,8.00

OFFSETS ,"['21.37', '22.68', '40.83']"
GREENS ,"['8.93', '45.91', '3.13', '57.81']"
LAST_GREENS ,"['51.57', '17.96', '11.19']"
RESULTS:,12.41,11.67,8.67

OFFSETS ,"['21.37', '30.21', '40.83']"
GREENS ,"['54.82', '45.92', '3.13', '56.96']"
LAST_GREENS ,"['5.68', '17.96', '12.04']"
RESULTS:,11.22,10.51,8.00

OFFSETS ,"['21.37', '31.43', '40.83']"
GREENS ,"['8.50', '45.92', '3.13', '57.81']"
LAST_GREENS ,"['52.00', '17.96', '11.19']"
RESULTS:,10.03,9.54,8.33

OFFSETS ,"['21.37', '30.28', '40.83']"
GREENS ,"['55.51', '45.92', '3.13', '57.77']"
LAST_GREENS ,"['4.99', '17.96', '11.23']"
RESULTS:,9.22,8.80,7.67

OFFSETS ,"['21.37', '31.41', '40.83']"
GREENS ,"['8.93', '45.91', '3.13', '56.99']"
LAST_GREENS ,"['51.57', '17.96', '12.01']"
RESULTS:,10.02,9.38,7.33

OFFSETS ,"['21.37', '30.15', '40.81']"
GREENS ,"['55.51', '45.92', '3.13', '57.80']"
LAST_GREENS ,"['4.99', '17.96', '11.20']"
RESULTS:,9.22,8.80,7.67

OFFSETS ,"['21.37', '30.24', '40.81']"
GREENS ,"['54.58', '45.91', '3.13', '57.80']"
LAST_GREENS ,"['5.92', '17.96', '11.20']"
RESULTS:,9.22,8.80,7.67

OFFSETS ,"['21.37', '31.43', '40.83']"
GREENS ,"['8.50', '45.91', '3.13', '56.98']"
LAST_GREENS ,"['52.00', '17.96', '12.02']"
RESULTS:,10.02,9.38,7.33

OFFSETS ,"['21.37', '31.43', '40.83']"
GREENS ,"['54.71', '45.91', '3.13', '56.98']"
LAST_GREENS ,"['5.79', '17.96', '12.02']"
RESULTS:,10.24,9.68,8.67

OFFSETS ,"['21.37', '30.24', '40.81']"
GREENS ,"['53.79', '45.92', '3.13', '57.80']"
LAST_GREENS ,"['6.71', '17.96', '11.20']"
RESULTS:,9.22,8.80,7.67

OFFSETS ,"['17.85', '31.46', '40.83']"
GREENS ,"['9.96', '45.91', '3.13', '56.98']"
LAST_GREENS ,"['50.54', '17.96', '12.02']"
RESULTS:,12.33,11.58,10.00

OFFSETS ,"['21.37', '30.24', '40.81']"
GREENS ,"['6.27', '45.91', '3.13', '57.44']"
LAST_GREENS ,"['54.23', '17.96', '11.56']"
RESULTS:,9.22,8.80,7.67

OFFSETS ,"['21.37', '31.40', '40.83']"
GREENS ,"['15.08', '45.91', '3.13', '56.98']"
LAST_GREENS ,"['45.42', '17.96', '12.02']"
RESULTS:,10.02,9.38,7.33

OFFSETS ,"['21.37', '30.15', '40.83']"
GREENS ,"['55.51', '45.92', '3.13', '57.80']"
LAST_GREENS ,"['4.99', '17.96', '11.20']"
RESULTS:,9.22,8.80,7.67

OFFSETS ,"['21.37', '30.17', '40.83']"
GREENS ,"['55.90', '45.91', '3.13', '57.89']"
LAST_GREENS ,"['4.60', '17.96', '11.11']"
RESULTS:,9.22,8.80,7.67

OFFSETS ,"['21.37', '30.27', '40.83']"
GREENS ,"['8.50', '45.91', '3.13', '56.98']"
LAST_GREENS ,"['52.00', '17.96', '12.02']"
RESULTS:,11.22,10.51,8.00

OFFSETS ,"['21.37', '31.45', '40.83']"
GREENS ,"['8.50', '45.91', '3.13', '56.98']"
LAST_GREENS ,"['52.00', '17.96', '12.02']"
RESULTS:,10.02,9.38,7.33

OFFSETS ,"['21.37', '30.21', '40.81']"
GREENS ,"['7.09', '45.92', '3.13', '57.76']"
LAST_GREENS ,"['53.41', '17.96', '11.24']"
RESULTS:,9.22,8.80,7.67

OFFSETS ,"['21.37', '31.39', '40.83']"
GREENS ,"['8.93', '45.91', '3.13', '56.97']"
LAST_GREENS ,"['51.57', '17.96', '12.03']"
RESULTS:,10.02,9.38,7.33

OFFSETS ,"['21.37', '31.41', '40.81']"
GREENS ,"['57.51', '45.91', '3.13', '57.79']"
LAST_GREENS ,"['2.99', '17.96', '11.21']"
RESULTS:,11.29,10.61,8.33

OFFSETS ,"['21.37', '31.43', '40.83']"
GREENS ,"['8.93', '45.91', '3.13', '56.98']"
LAST_GREENS ,"['51.57', '17.96', '12.02']"
RESULTS:,10.02,9.38,7.33

OFFSETS ,"['21.37', '30.19', '40.81']"
GREENS ,"['8.93', '45.92', '3.13', '56.98']"
LAST_GREENS ,"['51.57', '17.96', '12.02']"
RESULTS:,11.22,10.51,8.00

OFFSETS ,"['21.37', '30.24', '40.83']"
GREENS ,"['57.71', '45.92', '3.13', '57.79']"
LAST_GREENS ,"['2.79', '17.96', '11.21']"
RESULTS:,9.22,8.80,7.67

OFFSETS ,"['21.37', '30.21', '40.83']"
GREENS ,"['54.18', '45.91', '3.13', '57.80']"
LAST_GREENS ,"['6.32', '17.96', '11.20']"
RESULTS:,9.22,8.80,7.67

OFFSETS ,"['21.37', '31.52', '40.83']"
GREENS ,"['6.30', '45.91', '3.13', '57.44']"
LAST_GREENS ,"['54.20', '17.96', '11.56']"
RESULTS:,11.29,10.61,8.33

OFFSETS ,"['21.37', '31.38', '40.83']"
GREENS ,"['8.22', '45.92', '3.13', '56.98']"
LAST_GREENS ,"['52.28', '17.96', '12.02']"
RESULTS:,10.02,9.38,7.33

OFFSETS ,"['21.37', '31.45', '40.83']"
GREENS ,"['8.28', '45.91', '3.13', '56.98']"
LAST_GREENS ,"['52.22', '17.96', '12.02']"
RESULTS:,10.02,9.38,7.33

OFFSETS ,"['21.37', '30.25', '40.83']"
GREENS ,"['5.73', '45.92', '3.13', '56.98']"
LAST_GREENS ,"['54.77', '17.96', '12.02']"
RESULTS:,11.22,10.51,8.00

OFFSETS ,"['21.37', '31.45', '40.83']"
GREENS ,"['8.28', '45.63', '3.13', '56.96']"
LAST_GREENS ,"['52.22', '18.24', '12.04']"
RESULTS:,10.24,9.68,8.67

OFFSETS ,"['21.37', '30.24', '40.83']"
GREENS ,"['54.58', '45.91', '3.13', '57.80']"
LAST_GREENS ,"['5.92', '17.96', '11.20']"
RESULTS:,9.22,8.80,7.67

OFFSETS ,"['21.37', '31.33', '40.81']"
GREENS ,"['8.50', '52.34', '3.13', '56.98']"
LAST_GREENS ,"['52.00', '11.54', '12.02']"
RESULTS:,27.12,25.70,44.00

OFFSETS ,"['18.26', '31.40', '40.83']"
GREENS ,"['8.93', '45.92', '3.13', '56.98']"
LAST_GREENS ,"['51.57', '17.96', '12.02']"
RESULTS:,11.46,10.68,9.00

OFFSETS ,"['21.37', '30.24', '40.83']"
GREENS ,"['54.18', '45.91', '3.13', '57.80']"
LAST_GREENS ,"['6.32', '17.96', '11.20']"
RESULTS:,9.22,8.80,7.67

OFFSETS ,"['21.37', '30.26', '40.83']"
GREENS ,"['54.58', '45.91', '3.13', '57.80']"
LAST_GREENS ,"['5.92', '17.96', '11.20']"
RESULTS:,9.22,8.80,7.67

OFFSETS ,"['21.37', '31.43', '40.83']"
GREENS ,"['8.50', '45.91', '7.13', '58.18']"
LAST_GREENS ,"['52.00', '13.96', '10.82']"
RESULTS:,19.27,18.11,23.00

OFFSETS ,"['21.37', '30.24', '40.83']"
GREENS ,"['54.18', '45.91', '3.13', '57.80']"
LAST_GREENS ,"['6.32', '17.96', '11.20']"
RESULTS:,9.22,8.80,7.67

OFFSETS ,"['21.37', '30.24', '40.83']"
GREENS ,"['6.36', '45.92', '3.13', '57.82']"
LAST_GREENS ,"['54.14', '17.96', '11.18']"
RESULTS:,9.22,8.80,7.67

OFFSETS ,"['21.37', '30.29', '40.83']"
GREENS ,"['54.58', '45.91', '3.13', '52.57']"
LAST_GREENS ,"['5.92', '17.96', '16.43']"
RESULTS:,10.47,9.61,8.33

OFFSETS ,"['21.37', '30.24', '40.83']"
GREENS ,"['53.79', '45.92', '3.13', '57.81']"
LAST_GREENS ,"['6.71', '17.96', '11.19']"
RESULTS:,9.22,8.80,7.67

OFFSETS ,"['21.37', '30.24', '40.83']"
GREENS ,"['54.18', '45.91', '3.13', '57.80']"
LAST_GREENS ,"['6.32', '17.96', '11.20']"
RESULTS:,9.22,8.80,7.67

OFFSETS ,"['21.37', '30.24', '40.81']"
GREENS ,"['57.43', '45.91', '3.13', '56.88']"
LAST_GREENS ,"['3.07', '17.96', '12.12']"
RESULTS:,11.22,10.51,8.00

OFFSETS ,"['21.37', '30.24', '40.83']"
GREENS ,"['50.99', '45.92', '3.13', '57.81']"
LAST_GREENS ,"['9.51', '17.96', '11.19']"
RESULTS:,9.22,8.80,7.67

OFFSETS ,"['21.37', '30.24', '40.83']"
GREENS ,"['54.18', '45.91', '3.13', '57.80']"
LAST_GREENS ,"['6.32', '17.96', '11.20']"
RESULTS:,9.22,8.80,7.67

OFFSETS ,"['21.37', '30.24', '40.83']"
GREENS ,"['52.89', '45.92', '3.13', '57.81']"
LAST_GREENS ,"['7.61', '17.96', '11.19']"
RESULTS:,9.89,9.45,7.67

OFFSETS ,"['21.37', '30.24', '40.83']"
GREENS ,"['57.71', '45.92', '3.13', '57.87']"
LAST_GREENS ,"['2.79', '17.96', '11.13']"
RESULTS:,9.22,8.80,7.67

OFFSETS ,"['21.37', '30.24', '40.83']"
GREENS ,"['53.79', '45.92', '3.13', '57.96']"
LAST_GREENS ,"['6.71', '17.96', '11.04']"
RESULTS:,9.22,8.80,7.67

OFFSETS ,"['21.61', '30.21', '40.83']"
GREENS ,"['10.33', '45.92', '3.13', '57.81']"
LAST_GREENS ,"['50.17', '17.96', '11.19']"
RESULTS:,11.91,11.15,9.00

OFFSETS ,"['21.37', '30.24', '40.83']"
GREENS ,"['57.38', '45.91', '3.13', '57.79']"
LAST_GREENS ,"['3.12', '17.96', '11.21']"
RESULTS:,9.22,8.80,7.67

OFFSETS ,"['21.37', '30.24', '40.83']"
GREENS ,"['53.79', '45.92', '3.13', '57.82']"
LAST_GREENS ,"['6.71', '17.96', '11.18']"
RESULTS:,9.22,8.80,7.67

OFFSETS ,"['21.37', '31.45', '40.83']"
GREENS ,"['7.36', '45.91', '3.13', '52.57']"
LAST_GREENS ,"['53.14', '17.96', '16.43']"
RESULTS:,9.67,8.82,7.33

OFFSETS ,"['21.37', '30.24', '40.83']"
GREENS ,"['57.42', '45.92', '3.13', '57.80']"
LAST_GREENS ,"['3.08', '17.96', '11.20']"
RESULTS:,9.22,8.80,7.67

OFFSETS ,"['21.37', '30.24', '40.83']"
GREENS ,"['55.08', '45.91', '3.13', '57.80']"
LAST_GREENS ,"['5.42', '17.96', '11.20']"
RESULTS:,9.22,8.80,7.67

OFFSETS ,"['21.37', '30.21', '40.83']"
GREENS ,"['54.17', '45.91', '3.13', '57.80']"
LAST_GREENS ,"['6.33', '17.96', '11.20']"
RESULTS:,9.22,8.80,7.67

OFFSETS ,"['21.37', '30.24', '40.81']"
GREENS ,"['53.91', '45.91', '3.13', '57.81']"
LAST_GREENS ,"['6.59', '17.96', '11.19']"
RESULTS:,9.22,8.80,7.67

OFFSETS ,"['21.37', '30.24', '40.83']"
GREENS ,"['57.22', '45.91', '3.13', '57.82']"
LAST_GREENS ,"['3.28', '17.96', '11.18']"
RESULTS:,9.22,8.80,7.67

OFFSETS ,"['21.37', '30.24', '40.83']"
GREENS ,"['53.78', '45.92', '3.13', '57.81']"
LAST_GREENS ,"['6.72', '17.96', '11.19']"
RESULTS:,9.22,8.80,7.67

OFFSETS ,"['21.37', '31.42', '40.83']"
GREENS ,"['5.31', '45.91', '3.13', '57.74']"
LAST_GREENS ,"['55.19', '17.96', '11.26']"
RESULTS:,11.29,10.61,8.33

OFFSETS ,"['21.37', '31.45', '40.81']"
GREENS ,"['6.19', '45.91', '3.13', '58.05']"
LAST_GREENS ,"['54.31', '17.96', '10.95']"
RESULTS:,11.29,10.61,8.33

